// wilicankit home-page background -- pre-rendered 396x228 RGB565
// bitmap. GENERATED by tools/gen_background.py -- do not hand-edit;
// edit images/background.jpg and re-run that script instead.
#include "ui_background.h"
#include "pico/stdlib.h"   // __in_psram, via pico/platform/sections.h

static const uint16_t __in_psram("background") bg_pixels[90288] = {
    0x0002, 0x0002, 0x0002, 0x0002, 0x0002, 0x0002, 0x0022, 0x0022, 0x0022, 0x0022, 0x0022, 0x0022, 0x0022, 0x0022, 0x0022, 0x0022,
    0x0022, 0x0022, 0x0022, 0x0022, 0x0022, 0x0022, 0x0022, 0x0022, 0x0022, 0x0022, 0x0022, 0x0022, 0x0022, 0x0022, 0x0022, 0x0022,
    0x0022, 0x0022, 0x0022, 0x0022, 0x0022, 0x0022, 0x0022, 0x0022, 0x0022, 0x0022, 0x0022, 0x0022, 0x0022, 0x0022, 0x0022, 0x0022,
    0x0022, 0x0022, 0x0022, 0x0022, 0x0022, 0x0022, 0x0022, 0x0022, 0x0022, 0x0022, 0x0022, 0x0022, 0x0022, 0x0022, 0x0022, 0x0022,
    0x0022, 0x0042, 0x0042, 0x0042, 0x0042, 0x0042, 0x0042, 0x0042, 0x0042, 0x0042, 0x0042, 0x0042, 0x0042, 0x0042, 0x0042, 0x0042,
    0x0042, 0x0042, 0x0042, 0x0042, 0x0042, 0x0042, 0x0042, 0x0042, 0x0042, 0x0042, 0x0042, 0x0042, 0x0042, 0x0042, 0x0042, 0x0042,
    0x0042, 0x0042, 0x0042, 0x0042, 0x0042, 0x0042, 0x0042, 0x0042, 0x0042, 0x0042, 0x0042, 0x0042, 0x0062, 0x0062, 0x0062, 0x0062,
    0x0062, 0x0062, 0x0062, 0x0062, 0x0062, 0x0063, 0x0063, 0x0063, 0x0063, 0x0063, 0x0063, 0x0063, 0x0063, 0x0063, 0x0063, 0x0063,
    0x0063, 0x0063, 0x0063, 0x0063, 0x0063, 0x0063, 0x0063, 0x0063, 0x0063, 0x0063, 0x0063, 0x0063, 0x0063, 0x0063, 0x0063, 0x0063,
    0x0063, 0x0883, 0x0883, 0x0883, 0x0883, 0x0883, 0x0883, 0x0883, 0x0883, 0x0883, 0x0883, 0x0883, 0x0883, 0x0883, 0x0883, 0x0883,
    0x0883, 0x0883, 0x0883, 0x0883, 0x0883, 0x0883, 0x0883, 0x0883, 0x0883, 0x0883, 0x0883, 0x0883, 0x0883, 0x0883, 0x0883, 0x0883,
    0x0883, 0x0883, 0x0883, 0x0883, 0x0883, 0x0883, 0x0883, 0x0883, 0x0883, 0x0883, 0x0883, 0x0883, 0x0883, 0x0883, 0x0883, 0x0083,
    0x0883, 0x0083, 0x0083, 0x00a3, 0x00a3, 0x00a3, 0x0883, 0x0883, 0x0883, 0x0883, 0x0883, 0x0883, 0x00a3, 0x00a3, 0x00a3, 0x00a3,
    0x00a3, 0x00a3, 0x00a3, 0x00a3, 0x00a3, 0x0083, 0x0083, 0x0083, 0x0083, 0x0083, 0x0083, 0x0083, 0x0083, 0x0083, 0x0083, 0x0083,
    0x0883, 0x0883, 0x0883, 0x0883, 0x0883, 0x0883, 0x0883, 0x0883, 0x0883, 0x0883, 0x0883, 0x0883, 0x0883, 0x0883, 0x0883, 0x0883,
    0x0883, 0x0083, 0x0083, 0x0083, 0x0083, 0x0083, 0x0083, 0x0083, 0x0083, 0x0083, 0x0083, 0x0083, 0x0083, 0x0083, 0x0083, 0x0083,
    0x0083, 0x0083, 0x0063, 0x0063, 0x0063, 0x0063, 0x0063, 0x0063, 0x0063, 0x0063, 0x0063, 0x0063, 0x0063, 0x0063, 0x0063, 0x0063,
    0x0063, 0x0063, 0x0063, 0x0063, 0x0063, 0x0063, 0x0063, 0x0063, 0x0063, 0x0063, 0x0063, 0x0063, 0x0063, 0x0062, 0x0062, 0x0042,
    0x0062, 0x0062, 0x0062, 0x0062, 0x0042, 0x0042, 0x0042, 0x0042, 0x0042, 0x0042, 0x0042, 0x0042, 0x0042, 0x0042, 0x0042, 0x0042,
    0x0042, 0x0042, 0x0042, 0x0042, 0x0042, 0x0042, 0x0042, 0x0042, 0x0042, 0x0042, 0x0042, 0x0042, 0x0042, 0x0042, 0x0042, 0x0042,
    0x0042, 0x0042, 0x0042, 0x0042, 0x0042, 0x0042, 0x0042, 0x0042, 0x0042, 0x0042, 0x0042, 0x0042, 0x0042, 0x0042, 0x0022, 0x0022,
    0x0022, 0x0022, 0x0022, 0x0022, 0x0022, 0x0022, 0x0022, 0x0022, 0x0022, 0x0022, 0x0022, 0x0022, 0x0022, 0x0022, 0x0022, 0x0022,
    0x0022, 0x0022, 0x0022, 0x0022, 0x0002, 0x0022, 0x0022, 0x0022, 0x0022, 0x0022, 0x0022, 0x0022, 0x0022, 0x0022, 0x0022, 0x0022,
    0x0022, 0x0022, 0x0022, 0x0022, 0x0022, 0x0022, 0x0022, 0x0022, 0x0022, 0x0022, 0x0022, 0x0022, 0x0022, 0x0022, 0x0022, 0x0022,
    0x0022, 0x0022, 0x0022, 0x0022, 0x0022, 0x0022, 0x0022, 0x0022, 0x0022, 0x0022, 0x0002, 0x0002, 0x0022, 0x0022, 0x0022, 0x0002,
    0x0022, 0x0022, 0x0022, 0x0022, 0x0022, 0x0022, 0x0022, 0x0022, 0x0022, 0x0022, 0x0022, 0x0022, 0x0022, 0x0022, 0x0022, 0x0022,
    0x0022, 0x0022, 0x0022, 0x0022, 0x0022, 0x0022, 0x0022, 0x0022, 0x0022, 0x0022, 0x0022, 0x0022, 0x0022, 0x0022, 0x0022, 0x0022,
    0x0022, 0x0022, 0x0022, 0x0022, 0x0022, 0x0022, 0x0022, 0x0022, 0x0022, 0x0022, 0x0022, 0x0022, 0x0022, 0x0022, 0x0022, 0x0022,
    0x0022, 0x0022, 0x0022, 0x0022, 0x0022, 0x0022, 0x0022, 0x0022, 0x0022, 0x0022, 0x0022, 0x0022, 0x0022, 0x0042, 0x0042, 0x0042,
    0x0042, 0x0042, 0x0042, 0x0042, 0x0042, 0x0042, 0x0042, 0x0042, 0x0042, 0x0042, 0x0042, 0x0042, 0x0042, 0x0042, 0x0042, 0x0042,
    0x0042, 0x0042, 0x0042, 0x0042, 0x0042, 0x0042, 0x0042, 0x0042, 0x0042, 0x0042, 0x0042, 0x0042, 0x0042, 0x0042, 0x0042, 0x0042,
    0x0042, 0x0042, 0x0042, 0x0042, 0x0042, 0x0062, 0x0062, 0x0062, 0x0062, 0x0062, 0x0062, 0x0062, 0x0062, 0x0062, 0x0062, 0x0062,
    0x0063, 0x0063, 0x0063, 0x0063, 0x0063, 0x0063, 0x0063, 0x0063, 0x0063, 0x0063, 0x0063, 0x0063, 0x0063, 0x0063, 0x0063, 0x0063,
    0x0063, 0x0063, 0x0063, 0x0063, 0x0063, 0x0063, 0x0063, 0x0063, 0x0063, 0x0063, 0x0063, 0x0883, 0x0883, 0x0883, 0x0883, 0x0883,
    0x0883, 0x0883, 0x0883, 0x0883, 0x0883, 0x0883, 0x0883, 0x0883, 0x0883, 0x0883, 0x0883, 0x0883, 0x0883, 0x0883, 0x0883, 0x0883,
    0x0883, 0x0883, 0x0883, 0x0883, 0x0883, 0x0883, 0x0883, 0x0883, 0x0883, 0x0883, 0x0883, 0x0883, 0x0883, 0x0883, 0x0883, 0x0883,
    0x0883, 0x0883, 0x0883, 0x0883, 0x0883, 0x0883, 0x0883, 0x0883, 0x0883, 0x0883, 0x0883, 0x0883, 0x0883, 0x0883, 0x0883, 0x08a3,
    0x00a3, 0x00a3, 0x0883, 0x0883, 0x0883, 0x0883, 0x0883, 0x0883, 0x0883, 0x0883, 0x0883, 0x0883, 0x0883, 0x0883, 0x00a3, 0x00a3,
    0x00a3, 0x0083, 0x0083, 0x0083, 0x0083, 0x0883, 0x0883, 0x0883, 0x0083, 0x0083, 0x0083, 0x0883, 0x0883, 0x0883, 0x0883, 0x0883,
    0x0883, 0x0883, 0x0883, 0x0883, 0x0883, 0x0883, 0x0883, 0x0883, 0x0883, 0x0883, 0x0883, 0x0883, 0x0883, 0x0083, 0x0083, 0x0083,
    0x0083, 0x0083, 0x0083, 0x0083, 0x0083, 0x0083, 0x0083, 0x0083, 0x0083, 0x0083, 0x0083, 0x0083, 0x0083, 0x0083, 0x0083, 0x0083,
    0x0063, 0x0063, 0x0063, 0x0063, 0x0063, 0x0063, 0x0063, 0x0063, 0x0063, 0x0063, 0x0063, 0x0063, 0x0063, 0x0063, 0x0063, 0x0063,
    0x0063, 0x0063, 0x0063, 0x0063, 0x0063, 0x0063, 0x0063, 0x0063, 0x0063, 0x0062, 0x0062, 0x0062, 0x0062, 0x0062, 0x0062, 0x0062,
    0x0042, 0x0042, 0x0062, 0x0042, 0x0042, 0x0042, 0x0042, 0x0042, 0x0042, 0x0042, 0x0042, 0x0042, 0x0042, 0x0042, 0x0042, 0x0042,
    0x0042, 0x0042, 0x0042, 0x0042, 0x0042, 0x0042, 0x0042, 0x0042, 0x0042, 0x0042, 0x0042, 0x0042, 0x0042, 0x0042, 0x0042, 0x0042,
    0x0042, 0x0042, 0x0042, 0x0042, 0x0042, 0x0042, 0x0042, 0x0042, 0x0042, 0x0042, 0x0042, 0x0022, 0x0022, 0x0022, 0x0022, 0x0022,
    0x0022, 0x0022, 0x0022, 0x0022, 0x0022, 0x0022, 0x0022, 0x0022, 0x0022, 0x0022, 0x0022, 0x0022, 0x0022, 0x0022, 0x0022, 0x0022,
    0x0022, 0x0022, 0x0022, 0x0022, 0x0022, 0x0022, 0x0022, 0x0022, 0x0022, 0x0022, 0x0022, 0x0022, 0x0022, 0x0022, 0x0022, 0x0022,
    0x0022, 0x0022, 0x0022, 0x0022, 0x0022, 0x0022, 0x0022, 0x0022, 0x0022, 0x0022, 0x0022, 0x0022, 0x0022, 0x0022, 0x0022, 0x0022,
    0x0022, 0x0022, 0x0022, 0x0022, 0x0022, 0x0022, 0x0002, 0x0002, 0x0022, 0x0022, 0x0022, 0x0022, 0x0022, 0x0022, 0x0022, 0x0022,
    0x0022, 0x0022, 0x0022, 0x0022, 0x0022, 0x0022, 0x0022, 0x0022, 0x0022, 0x0022, 0x0022, 0x0022, 0x0022, 0x0022, 0x0022, 0x0022,
    0x0022, 0x0022, 0x0022, 0x0022, 0x0022, 0x0022, 0x0022, 0x0022, 0x0022, 0x0022, 0x0022, 0x0022, 0x0022, 0x0022, 0x0022, 0x0022,
    0x0022, 0x0022, 0x0022, 0x0022, 0x0022, 0x0022, 0x0022, 0x0022, 0x0022, 0x0022, 0x0022, 0x0022, 0x0022, 0x0022, 0x0022, 0x0022,
    0x0022, 0x0022, 0x0022, 0x0022, 0x0022, 0x0022, 0x0042, 0x0042, 0x0042, 0x0042, 0x0042, 0x0042, 0x0042, 0x0042, 0x0042, 0x0042,
    0x0042, 0x0042, 0x0042, 0x0042, 0x0042, 0x0042, 0x0042, 0x0042, 0x0042, 0x0042, 0x0042, 0x0042, 0x0042, 0x0042, 0x0042, 0x0042,
    0x0042, 0x0042, 0x0042, 0x0042, 0x0042, 0x0042, 0x0042, 0x0042, 0x0042, 0x0042, 0x0042, 0x0042, 0x0042, 0x0042, 0x0042, 0x0042,
    0x0042, 0x0062, 0x0062, 0x0062, 0x0062, 0x0062, 0x0062, 0x0063, 0x0063, 0x0063, 0x0063, 0x0063, 0x0063, 0x0063, 0x0063, 0x0063,
    0x0063, 0x0063, 0x0063, 0x0063, 0x0063, 0x0063, 0x0063, 0x0063, 0x0063, 0x0063, 0x0063, 0x0063, 0x0063, 0x0063, 0x0063, 0x0063,
    0x0063, 0x0063, 0x0063, 0x0883, 0x0883, 0x0883, 0x0883, 0x0883, 0x0883, 0x0883, 0x0063, 0x0883, 0x0883, 0x0883, 0x0883, 0x0883,
    0x0883, 0x0883, 0x0883, 0x0883, 0x0883, 0x0883, 0x0883, 0x0883, 0x0883, 0x0883, 0x0883, 0x0883, 0x0883, 0x0883, 0x0883, 0x0883,
    0x0883, 0x0883, 0x0883, 0x0883, 0x0883, 0x0883, 0x0883, 0x0883, 0x0883, 0x0883, 0x0883, 0x0883, 0x0883, 0x0883, 0x0883, 0x0883,
    0x0883, 0x0883, 0x0883, 0x0883, 0x0883, 0x0883, 0x0883, 0x0883, 0x0883, 0x0883, 0x0883, 0x0883, 0x0883, 0x0883, 0x08a3, 0x08a3,
    0x08a3, 0x0083, 0x0083, 0x0083, 0x0883, 0x0883, 0x0883, 0x0883, 0x0883, 0x0883, 0x0083, 0x0083, 0x0083, 0x00a3, 0x00a3, 0x00a3,
    0x08a3, 0x0883, 0x0883, 0x0883, 0x0883, 0x0883, 0x0883, 0x0883, 0x0883, 0x0883, 0x0883, 0x0883, 0x0883, 0x0883, 0x0883, 0x0883,
    0x0883, 0x0883, 0x0883, 0x0083, 0x0083, 0x0083, 0x0883, 0x0883, 0x0883, 0x0883, 0x0883, 0x0883, 0x0883, 0x0883, 0x0883, 0x0883,
    0x0083, 0x0083, 0x0083, 0x0083, 0x0083, 0x0083, 0x0083, 0x0083, 0x0083, 0x0083, 0x0083, 0x0083, 0x0063, 0x0063, 0x0063, 0x0063,
    0x0063, 0x0063, 0x0063, 0x0063, 0x0063, 0x0063, 0x0063, 0x0063, 0x0063, 0x0063, 0x0063, 0x0063, 0x0063, 0x0063, 0x0063, 0x0063,
    0x0063, 0x0063, 0x0063, 0x0063, 0x0063, 0x0063, 0x0063, 0x0063, 0x0062, 0x0062, 0x0062, 0x0063, 0x0062, 0x0062, 0x0062, 0x0062,
    0x0042, 0x0042, 0x0042, 0x0042, 0x0042, 0x0042, 0x0042, 0x0042, 0x0042, 0x0042, 0x0042, 0x0042, 0x0042, 0x0042, 0x0042, 0x0042,
    0x0042, 0x0042, 0x0042, 0x0042, 0x0042, 0x0042, 0x0042, 0x0042, 0x0042, 0x0042, 0x0042, 0x0042, 0x0042, 0x0042, 0x0042, 0x0042,
    0x0042, 0x0042, 0x0042, 0x0042, 0x0042, 0x0042, 0x0042, 0x0042, 0x0022, 0x0022, 0x0022, 0x0022, 0x0022, 0x0022, 0x0022, 0x0022,
    0x0022, 0x0022, 0x0022, 0x0022, 0x0022, 0x0022, 0x0022, 0x0022, 0x0022, 0x0022, 0x0022, 0x0022, 0x0022, 0x0022, 0x0022, 0x0022,
    0x0022, 0x0022, 0x0022, 0x0022, 0x0022, 0x0022, 0x0022, 0x0022, 0x0022, 0x0022, 0x0022, 0x0022, 0x0022, 0x0022, 0x0022, 0x0022,
    0x0022, 0x0022, 0x0022, 0x0022, 0x0022, 0x0022, 0x0022, 0x0022, 0x0022, 0x0022, 0x0022, 0x0022, 0x0022, 0x0022, 0x0022, 0x0022,
    0x0022, 0x0022, 0x0022, 0x0002, 0x0022, 0x0022, 0x0022, 0x0022, 0x0022, 0x0022, 0x0022, 0x0022, 0x0022, 0x0022, 0x0022, 0x0022,
    0x0022, 0x0022, 0x0022, 0x0022, 0x0022, 0x0022, 0x0022, 0x0022, 0x0022, 0x0022, 0x0022, 0x0022, 0x0022, 0x0022, 0x0022, 0x0022,
    0x0022, 0x0022, 0x0022, 0x0022, 0x0022, 0x0022, 0x0022, 0x0022, 0x0022, 0x0022, 0x0022, 0x0022, 0x0022, 0x0022, 0x0022, 0x0022,
    0x0022, 0x0022, 0x0022, 0x0022, 0x0022, 0x0022, 0x0022, 0x0022, 0x0022, 0x0022, 0x0022, 0x0022, 0x0022, 0x0022, 0x0022, 0x0022,
    0x0022, 0x0042, 0x0042, 0x0042, 0x0042, 0x0042, 0x0042, 0x0042, 0x0042, 0x0042, 0x0042, 0x0042, 0x0042, 0x0042, 0x0022, 0x0022,
    0x0022, 0x0042, 0x0042, 0x0042, 0x0042, 0x0042, 0x0042, 0x0042, 0x0042, 0x0042, 0x0042, 0x0042, 0x0042, 0x0042, 0x0042, 0x0042,
    0x0042, 0x0042, 0x0042, 0x0042, 0x0042, 0x0042, 0x0042, 0x0042, 0x0042, 0x0042, 0x0062, 0x0062, 0x0062, 0x0042, 0x0042, 0x0042,
    0x0062, 0x0062, 0x0062, 0x0063, 0x0063, 0x0063, 0x0063, 0x0063, 0x0063, 0x0063, 0x0063, 0x0063, 0x0063, 0x0063, 0x0063, 0x0063,
    0x0063, 0x0063, 0x0063, 0x0063, 0x0063, 0x0063, 0x0063, 0x0063, 0x0063, 0x0063, 0x0063, 0x0883, 0x0883, 0x0883, 0x0883, 0x0883,
    0x0883, 0x0883, 0x0883, 0x0883, 0x0883, 0x0883, 0x0883, 0x0883, 0x0883, 0x0883, 0x0883, 0x0883, 0x0883, 0x0883, 0x0883, 0x0883,
    0x0883, 0x0883, 0x0883, 0x0883, 0x0883, 0x0883, 0x0883, 0x0883, 0x0883, 0x0883, 0x0883, 0x0883, 0x0883, 0x0883, 0x0883, 0x0883,
    0x0883, 0x0883, 0x0883, 0x0883, 0x0883, 0x0883, 0x0883, 0x0883, 0x0883, 0x0883, 0x0883, 0x0883, 0x0883, 0x0883, 0x0883, 0x0883,
    0x0883, 0x08a3, 0x08a3, 0x08a3, 0x0883, 0x0883, 0x0883, 0x0883, 0x0883, 0x00a3, 0x00a3, 0x00a3, 0x00a3, 0x00a3, 0x00a3, 0x00a3,
    0x0883, 0x0883, 0x0883, 0x0883, 0x0883, 0x0883, 0x08a3, 0x00a3, 0x00a3, 0x00a3, 0x00a3, 0x00a3, 0x0883, 0x0883, 0x0883, 0x0883,
    0x0883, 0x0883, 0x0883, 0x0883, 0x0883, 0x0883, 0x0883, 0x0883, 0x0883, 0x0883, 0x0883, 0x0883, 0x0883, 0x0883, 0x0883, 0x0883,
    0x0883, 0x0883, 0x0883, 0x0883, 0x0883, 0x0883, 0x0883, 0x0883, 0x0083, 0x0083, 0x0083, 0x0883, 0x0883, 0x0883, 0x0883, 0x0883,
    0x0883, 0x0883, 0x0083, 0x0083, 0x0083, 0x0083, 0x0083, 0x0083, 0x0063, 0x0063, 0x0063, 0x0063, 0x0063, 0x0063, 0x0063, 0x0063,
    0x0063, 0x0063, 0x0063, 0x0063, 0x0063, 0x0063, 0x0063, 0x0063, 0x0063, 0x0063, 0x0063, 0x0063, 0x0063, 0x0063, 0x0063, 0x0063,
    0x0063, 0x0063, 0x0063, 0x0063, 0x0063, 0x0063, 0x0062, 0x0062, 0x0062, 0x0042, 0x0042, 0x0042, 0x0042, 0x0062, 0x0062, 0x0042,
    0x0042, 0x0042, 0x0042, 0x0042, 0x0042, 0x0042, 0x0042, 0x0042, 0x0042, 0x0042, 0x0042, 0x0042, 0x0042, 0x0042, 0x0042, 0x0042,
    0x0042, 0x0042, 0x0042, 0x0042, 0x0042, 0x0042, 0x0042, 0x0042, 0x0022, 0x0042, 0x0042, 0x0042, 0x0042, 0x0042, 0x0042, 0x0042,
    0x0042, 0x0042, 0x0042, 0x0042, 0x0042, 0x0022, 0x0022, 0x0022, 0x0022, 0x0022, 0x0022, 0x0022, 0x0022, 0x0022, 0x0022, 0x0022,
    0x0022, 0x0022, 0x0022, 0x0022, 0x0022, 0x0022, 0x0022, 0x0022, 0x0022, 0x0022, 0x0022, 0x0022, 0x0022, 0x0022, 0x0022, 0x0022,
    0x0022, 0x0022, 0x0022, 0x0022, 0x0022, 0x0022, 0x0022, 0x0022, 0x0022, 0x0022, 0x0022, 0x0022, 0x0022, 0x0022, 0x0022, 0x0022,
    0x0022, 0x0022, 0x0022, 0x0022, 0x0022, 0x0022, 0x0022, 0x0022, 0x0022, 0x0022, 0x0022, 0x0022, 0x0022, 0x0022, 0x0022, 0x0002,
    0x0022, 0x0022, 0x0022, 0x0022, 0x0022, 0x0022, 0x0022, 0x0022, 0x0022, 0x0022, 0x0022, 0x0022, 0x0022, 0x0022, 0x0022, 0x0022,
    0x0022, 0x0022, 0x0022, 0x0022, 0x0022, 0x0022, 0x0022, 0x0022, 0x0022, 0x0022, 0x0022, 0x0022, 0x0022, 0x0022, 0x0022, 0x0022,
    0x0022, 0x0022, 0x0022, 0x0022, 0x0022, 0x0022, 0x0022, 0x0022, 0x0022, 0x0022, 0x0022, 0x0022, 0x0022, 0x0022, 0x0022, 0x0022,
    0x0022, 0x0022, 0x0022, 0x0022, 0x0022, 0x0022, 0x0022, 0x0022, 0x0022, 0x0022, 0x0022, 0x0022, 0x0022, 0x0042, 0x0042, 0x0042,
    0x0042, 0x0042, 0x0042, 0x0042, 0x0042, 0x0042, 0x0042, 0x0042, 0x0042, 0x0042, 0x0042, 0x0042, 0x0042, 0x0042, 0x0042, 0x0042,
    0x0042, 0x0042, 0x0042, 0x0042, 0x0042, 0x0042, 0x0042, 0x0042, 0x0042, 0x0042, 0x0042, 0x0042, 0x0042, 0x0042, 0x0042, 0x0042,
    0x0042, 0x0042, 0x0042, 0x0042, 0x0042, 0x0042, 0x0062, 0x0062, 0x0062, 0x0062, 0x0062, 0x0062, 0x0062, 0x0062, 0x0063, 0x0063,
    0x0063, 0x0063, 0x0063, 0x0063, 0x0063, 0x0063, 0x0063, 0x0063, 0x0063, 0x0063, 0x0063, 0x0063, 0x0063, 0x0063, 0x0063, 0x0063,
    0x0063, 0x0063, 0x0063, 0x0063, 0x0063, 0x0063, 0x0063, 0x0883, 0x0883, 0x0883, 0x0883, 0x0883, 0x0883, 0x0883, 0x0883, 0x0083,
    0x0083, 0x0083, 0x0083, 0x0083, 0x0883, 0x0883, 0x0883, 0x0883, 0x0883, 0x0883, 0x0883, 0x0883, 0x0883, 0x0883, 0x0883, 0x0883,
    0x0883, 0x0883, 0x0883, 0x0883, 0x0883, 0x0883, 0x0883, 0x0883, 0x0883, 0x0883, 0x0883, 0x0883, 0x0883, 0x0883, 0x0883, 0x0883,
    0x0883, 0x0883, 0x0883, 0x0883, 0x0883, 0x0883, 0x0883, 0x0883, 0x0883, 0x0883, 0x0883, 0x0883, 0x08a3, 0x08a3, 0x08a3, 0x08a3,
    0x08a3, 0x08a3, 0x00a3, 0x00a3, 0x00a3, 0x00a3, 0x08a3, 0x08a3, 0x08a3, 0x00a3, 0x00a3, 0x00a3, 0x00a3, 0x00a3, 0x00a3, 0x00a3,
    0x00a3, 0x00a3, 0x00a3, 0x00a3, 0x08a3, 0x08a3, 0x00a3, 0x00a3, 0x08a3, 0x0883, 0x0883, 0x0883, 0x0883, 0x0883, 0x0883, 0x0883,
    0x0883, 0x0883, 0x0883, 0x0883, 0x0883, 0x0883, 0x0883, 0x0883, 0x0883, 0x0883, 0x0883, 0x0883, 0x0883, 0x0883, 0x0883, 0x0883,
    0x0883, 0x0883, 0x0883, 0x0883, 0x0883, 0x0883, 0x0883, 0x0883, 0x0883, 0x0883, 0x0883, 0x0883, 0x0883, 0x0883, 0x0083, 0x0083,
    0x0083, 0x0083, 0x0083, 0x0083, 0x0883, 0x0883, 0x0063, 0x0063, 0x0063, 0x0063, 0x0063, 0x0063, 0x0063, 0x0063, 0x0063, 0x0063,
    0x0063, 0x0063, 0x0063, 0x0063, 0x0063, 0x0063, 0x0063, 0x0063, 0x0063, 0x0063, 0x0063, 0x0063, 0x0063, 0x0063, 0x0063, 0x0063,
    0x0063, 0x0063, 0x0062, 0x0063, 0x0062, 0x0062, 0x0062, 0x0062, 0x0062, 0x0062, 0x0062, 0x0042, 0x0042, 0x0042, 0x0042, 0x0042,
    0x0042, 0x0042, 0x0042, 0x0042, 0x0042, 0x0042, 0x0042, 0x0042, 0x0042, 0x0042, 0x0042, 0x0042, 0x0042, 0x0042, 0x0042, 0x0042,
    0x0042, 0x0042, 0x0042, 0x0042, 0x0042, 0x0042, 0x0042, 0x0042, 0x0042, 0x0042, 0x0042, 0x0042, 0x0042, 0x0042, 0x0042, 0x0042,
    0x0022, 0x0022, 0x0022, 0x0022, 0x0022, 0x0022, 0x0022, 0x0022, 0x0022, 0x0022, 0x0022, 0x0022, 0x0022, 0x0022, 0x0022, 0x0022,
    0x0022, 0x0022, 0x0022, 0x0022, 0x0022, 0x0022, 0x0022, 0x0022, 0x0022, 0x0022, 0x0022, 0x0022, 0x0022, 0x0022, 0x0022, 0x0022,
    0x0022, 0x0022, 0x0022, 0x0022, 0x0022, 0x0022, 0x0022, 0x0022, 0x0022, 0x0022, 0x0022, 0x0022, 0x0022, 0x0022, 0x0022, 0x0022,
    0x0022, 0x0022, 0x0022, 0x0022, 0x0022, 0x0022, 0x0022, 0x0022, 0x0022, 0x0022, 0x0022, 0x0002, 0x0022, 0x0022, 0x0022, 0x0022,
    0x0022, 0x0022, 0x0022, 0x0022, 0x0022, 0x0022, 0x0022, 0x0022, 0x0022, 0x0022, 0x0022, 0x0022, 0x0022, 0x0022, 0x0022, 0x0022,
    0x0022, 0x0022, 0x0022, 0x0022, 0x0022, 0x0022, 0x0022, 0x0022, 0x0022, 0x0022, 0x0022, 0x0022, 0x0022, 0x0022, 0x0022, 0x0022,
    0x0022, 0x0022, 0x0022, 0x0022, 0x0022, 0x0022, 0x0022, 0x0022, 0x0022, 0x0022, 0x0022, 0x0022, 0x0022, 0x0022, 0x0022, 0x0022,
    0x0022, 0x0022, 0x0022, 0x0022, 0x0022, 0x0022, 0x0022, 0x0022, 0x0022, 0x0042, 0x0042, 0x0042, 0x0042, 0x0042, 0x0042, 0x0042,
    0x0042, 0x0042, 0x0042, 0x0042, 0x0042, 0x0042, 0x0042, 0x0042, 0x0042, 0x0042, 0x0042, 0x0042, 0x0042, 0x0042, 0x0042, 0x0042,
    0x0042, 0x0042, 0x0042, 0x0042, 0x0042, 0x0042, 0x0042, 0x0042, 0x0042, 0x0042, 0x0042, 0x0042, 0x0042, 0x0042, 0x0042, 0x0042,
    0x0042, 0x0063, 0x0062, 0x0062, 0x0062, 0x0063, 0x0063, 0x0063, 0x0062, 0x0063, 0x0063, 0x0063, 0x0063, 0x0063, 0x0063, 0x0063,
    0x0063, 0x0063, 0x0063, 0x0063, 0x0063, 0x0063, 0x0063, 0x0063, 0x0063, 0x0063, 0x0063, 0x0883, 0x0063, 0x0063, 0x0063, 0x0883,
    0x0883, 0x0063, 0x0063, 0x0883, 0x0883, 0x0883, 0x0883, 0x0883, 0x0883, 0x0883, 0x0883, 0x0883, 0x0883, 0x0883, 0x0883, 0x0883,
    0x0883, 0x0883, 0x0883, 0x0883, 0x0883, 0x0883, 0x0883, 0x0883, 0x0883, 0x0883, 0x0883, 0x0883, 0x0883, 0x0883, 0x0883, 0x0883,
    0x0883, 0x0883, 0x0883, 0x0883, 0x0883, 0x0883, 0x0883, 0x0883, 0x0883, 0x0883, 0x0883, 0x0883, 0x08a3, 0x08a3, 0x0883, 0x0883,
    0x0883, 0x0883, 0x0883, 0x08a3, 0x08a3, 0x08a3, 0x08a3, 0x08a3, 0x08a3, 0x08a3, 0x08a3, 0x08a3, 0x00a3, 0x00a3, 0x00a3, 0x00a3,
    0x00a3, 0x00a3, 0x08a3, 0x08a3, 0x08a3, 0x00a3, 0x00a3, 0x00a3, 0x00a3, 0x00a3, 0x00a3, 0x00a3, 0x00a3, 0x00a3, 0x00a3, 0x00a3,
    0x08a3, 0x08a3, 0x08a3, 0x08a3, 0x00a3, 0x00a3, 0x00a3, 0x00a3, 0x08a3, 0x00a3, 0x08a3, 0x08a3, 0x0883, 0x0883, 0x0883, 0x0883,
    0x0883, 0x0883, 0x0883, 0x0883, 0x0883, 0x0883, 0x0883, 0x0883, 0x0883, 0x0883, 0x0883, 0x0883, 0x0883, 0x0883, 0x0883, 0x0883,
    0x0883, 0x0883, 0x0883, 0x0883, 0x0883, 0x0883, 0x0883, 0x0883, 0x0883, 0x0883, 0x0883, 0x0883, 0x0883, 0x0883, 0x0883, 0x0083,
    0x0883, 0x0883, 0x0883, 0x0883, 0x0063, 0x0063, 0x0063, 0x0063, 0x0063, 0x0063, 0x0063, 0x0063, 0x0063, 0x0063, 0x0063, 0x0063,
    0x0063, 0x0063, 0x0063, 0x0063, 0x0063, 0x0063, 0x0063, 0x0063, 0x0063, 0x0063, 0x0063, 0x0063, 0x0063, 0x0063, 0x0062, 0x0063,
    0x0063, 0x0063, 0x0062, 0x0062, 0x0062, 0x0062, 0x0062, 0x0042, 0x0042, 0x0042, 0x0042, 0x0042, 0x0042, 0x0042, 0x0042, 0x0042,
    0x0042, 0x0042, 0x0042, 0x0042, 0x0042, 0x0042, 0x0042, 0x0042, 0x0042, 0x0042, 0x0042, 0x0042, 0x0042, 0x0042, 0x0042, 0x0042,
    0x0042, 0x0042, 0x0042, 0x0042, 0x0042, 0x0042, 0x0042, 0x0042, 0x0042, 0x0042, 0x0042, 0x0022, 0x0022, 0x0022, 0x0022, 0x0022,
    0x0022, 0x0022, 0x0022, 0x0022, 0x0022, 0x0022, 0x0022, 0x0022, 0x0022, 0x0022, 0x0022, 0x0022, 0x0022, 0x0022, 0x0022, 0x0022,
    0x0022, 0x0022, 0x0022, 0x0022, 0x0022, 0x0022, 0x0022, 0x0022, 0x0022, 0x0022, 0x0022, 0x0022, 0x0022, 0x0022, 0x0022, 0x0022,
    0x0022, 0x0022, 0x0022, 0x0022, 0x0022, 0x0022, 0x0022, 0x0022, 0x0022, 0x0022, 0x0022, 0x0022, 0x0022, 0x0022, 0x0022, 0x0022,
    0x0022, 0x0022, 0x0022, 0x0022, 0x0022, 0x0022, 0x0022, 0x0002, 0x0022, 0x0022, 0x0022, 0x0022, 0x0022, 0x0022, 0x0022, 0x0022,
    0x0022, 0x0022, 0x0022, 0x0022, 0x0022, 0x0022, 0x0022, 0x0022, 0x0002, 0x0022, 0x0041, 0x0022, 0x0022, 0x0022, 0x0022, 0x0022,
    0x0021, 0x0022, 0x0002, 0x0022, 0x0022, 0x0002, 0x0022, 0x0022, 0x0002, 0x0022, 0x0022, 0x0822, 0x0022, 0x0022, 0x0022, 0x0022,
    0x0022, 0x0022, 0x0022, 0x0022, 0x0022, 0x0022, 0x0022, 0x0022, 0x0022, 0x0022, 0x0022, 0x0022, 0x0022, 0x0022, 0x0042, 0x0022,
    0x0022, 0x0042, 0x0022, 0x0022, 0x0042, 0x0823, 0x0022, 0x0042, 0x0822, 0x0042, 0x0042, 0x0022, 0x0042, 0x0022, 0x0023, 0x0042,
    0x0042, 0x0042, 0x0042, 0x0042, 0x0042, 0x0022, 0x0022, 0x0042, 0x0043, 0x0042, 0x0042, 0x0042, 0x0042, 0x0042, 0x0042, 0x0043,
    0x0042, 0x0062, 0x0042, 0x0042, 0x0063, 0x0042, 0x0062, 0x0843, 0x0843, 0x0062, 0x0043, 0x0843, 0x0063, 0x0043, 0x0043, 0x0062,
    0x0062, 0x0062, 0x0083, 0x0063, 0x0062, 0x0063, 0x0063, 0x0062, 0x0063, 0x0063, 0x0063, 0x0063, 0x0083, 0x0082, 0x0063, 0x0063,
    0x0063, 0x0063, 0x0063, 0x0063, 0x0063, 0x0863, 0x0862, 0x0863, 0x0883, 0x0883, 0x0883, 0x0863, 0x0863, 0x0863, 0x0863, 0x0883,
    0x0883, 0x08a3, 0x0063, 0x0883, 0x0883, 0x0883, 0x0883, 0x0883, 0x08a3, 0x0883, 0x0884, 0x00a3, 0x0883, 0x0884, 0x00a3, 0x0083,
    0x0883, 0x0883, 0x08a3, 0x08a3, 0x0884, 0x08a3, 0x0883, 0x0863, 0x0083, 0x0083, 0x0883, 0x0884, 0x08a4, 0x08a3, 0x0884, 0x08a3,
    0x0883, 0x0883, 0x08a3, 0x08a3, 0x08a3, 0x0884, 0x0884, 0x08a3, 0x08a3, 0x0883, 0x08a3, 0x08a3, 0x08a3, 0x0883, 0x0883, 0x08a3,
    0x00a3, 0x08a3, 0x08a3, 0x08a3, 0x0884, 0x0884, 0x08a3, 0x08a3, 0x00a3, 0x00a3, 0x00a4, 0x08a4, 0x08a3, 0x00c3, 0x00a3, 0x08a3,
    0x08a4, 0x08a3, 0x08c4, 0x08a3, 0x00a3, 0x08c3, 0x00a3, 0x0083, 0x08a4, 0x00a3, 0x08a3, 0x08a3, 0x08a3, 0x08a3, 0x08a3, 0x08a3,
    0x08a3, 0x08a3, 0x00a3, 0x08a3, 0x08a3, 0x00a3, 0x0883, 0x08a3, 0x08a3, 0x00a4, 0x08a3, 0x08a3, 0x0883, 0x0883, 0x0883, 0x0883,
    0x0884, 0x08a4, 0x08a3, 0x0883, 0x0883, 0x0883, 0x0883, 0x0883, 0x08a3, 0x00a3, 0x0883, 0x0883, 0x0883, 0x08a3, 0x0883, 0x08a3,
    0x08a3, 0x00a3, 0x0883, 0x0883, 0x00a3, 0x08a3, 0x0883, 0x0883, 0x0883, 0x0883, 0x0083, 0x0883, 0x0083, 0x0884, 0x0883, 0x00a3,
    0x0883, 0x0083, 0x0863, 0x0083, 0x0863, 0x0863, 0x0082, 0x0884, 0x0063, 0x0083, 0x0063, 0x0063, 0x0863, 0x0883, 0x0063, 0x0063,
    0x0063, 0x0083, 0x0063, 0x0063, 0x0063, 0x0063, 0x0062, 0x0062, 0x0062, 0x0863, 0x0863, 0x0063, 0x0063, 0x0042, 0x0062, 0x0043,
    0x0063, 0x0063, 0x0062, 0x0042, 0x0043, 0x0042, 0x0063, 0x0042, 0x0042, 0x0042, 0x0043, 0x0042, 0x0042, 0x0062, 0x0043, 0x0843,
    0x0042, 0x0063, 0x0042, 0x0042, 0x0022, 0x0042, 0x0843, 0x0022, 0x0042, 0x0042, 0x0042, 0x0042, 0x0822, 0x0042, 0x0022, 0x0042,
    0x0022, 0x0042, 0x0042, 0x0022, 0x0022, 0x0042, 0x0022, 0x0042, 0x0022, 0x0042, 0x0022, 0x0022, 0x0042, 0x0023, 0x0022, 0x0042,
    0x0022, 0x0022, 0x0022, 0x0002, 0x0002, 0x0022, 0x0022, 0x0022, 0x0022, 0x0022, 0x0022, 0x0822, 0x0022, 0x0022, 0x0022, 0x0022,
    0x0022, 0x0022, 0x0022, 0x0022, 0x0022, 0x0022, 0x0022, 0x0022, 0x0022, 0x0022, 0x0022, 0x0022, 0x0002, 0x0002, 0x0022, 0x0002,
    0x0022, 0x0022, 0x0022, 0x0022, 0x0022, 0x0002, 0x0022, 0x0022, 0x0002, 0x0022, 0x0022, 0x0002, 0x0022, 0x0022, 0x0022, 0x0022,
    0x0042, 0x0003, 0x0022, 0x0021, 0x0022, 0x0022, 0x0022, 0x0022, 0x0022, 0x0022, 0x0022, 0x0001, 0x0021, 0x0001, 0x0001, 0x0022,
    0x0022, 0x0022, 0x0000, 0x0020, 0x0002, 0x0002, 0x0021, 0x0022, 0x0001, 0x0000, 0x0001, 0x0002, 0x0021, 0x0002, 0x0022, 0x0000,
    0x0021, 0x0002, 0x0022, 0x0022, 0x0001, 0x0000, 0x0021, 0x0001, 0x0022, 0x0022, 0x0021, 0x0001, 0x0001, 0x0022, 0x0022, 0x0022,
    0x0022, 0x0001, 0x0021, 0x0021, 0x0001, 0x0022, 0x0002, 0x0022, 0x0001, 0x0001, 0x0021, 0x0022, 0x0022, 0x0062, 0x0001, 0x0021,
    0x0040, 0x0001, 0x0042, 0x0042, 0x0022, 0x0021, 0x0020, 0x0042, 0x0042, 0x0022, 0x0023, 0x0021, 0x0041, 0x0021, 0x0021, 0x0043,
    0x0042, 0x0042, 0x0022, 0x0021, 0x0042, 0x0042, 0x0042, 0x0042, 0x0042, 0x0021, 0x0041, 0x0021, 0x0062, 0x0042, 0x0042, 0x0042,
    0x0021, 0x0061, 0x0041, 0x0043, 0x0843, 0x0062, 0x0063, 0x0022, 0x0041, 0x0062, 0x0043, 0x0062, 0x0063, 0x0062, 0x0062, 0x0042,
    0x0061, 0x0062, 0x0863, 0x0062, 0x0883, 0x0083, 0x0041, 0x0041, 0x0063, 0x0062, 0x0083, 0x0083, 0x0062, 0x0061, 0x0082, 0x0062,
    0x0083, 0x0863, 0x0863, 0x0883, 0x0062, 0x0061, 0x0062, 0x0883, 0x0883, 0x0883, 0x0883, 0x0062, 0x0082, 0x0062, 0x0083, 0x0883,
    0x0883, 0x08a3, 0x0082, 0x0061, 0x0082, 0x0083, 0x0884, 0x00a3, 0x08a3, 0x0083, 0x0062, 0x00a2, 0x0883, 0x08a3, 0x00a3, 0x0883,
    0x0883, 0x0081, 0x0082, 0x08a4, 0x0083, 0x0083, 0x08a3, 0x08a3, 0x0082, 0x0082, 0x08a3, 0x08a3, 0x0883, 0x0883, 0x00a2, 0x0081,
    0x0082, 0x0062, 0x08a4, 0x08a3, 0x08a3, 0x08a3, 0x0082, 0x0082, 0x0082, 0x08a3, 0x08a3, 0x08a3, 0x08a3, 0x00a3, 0x00a3, 0x0082,
    0x0082, 0x00a3, 0x08c3, 0x08a3, 0x08a3, 0x00c3, 0x00a3, 0x0082, 0x08c3, 0x00a3, 0x00a3, 0x08a3, 0x08a4, 0x00a2, 0x00a2, 0x0082,
    0x00a3, 0x08a3, 0x00c3, 0x08a3, 0x00a3, 0x0082, 0x00a2, 0x00a2, 0x00a3, 0x00a3, 0x08a3, 0x08a3, 0x08a3, 0x08a3, 0x00a3, 0x0082,
    0x00a2, 0x00a3, 0x08a3, 0x08a3, 0x00a3, 0x00a3, 0x00a2, 0x00a2, 0x0082, 0x08a3, 0x08a3, 0x08a3, 0x08a4, 0x0083, 0x0081, 0x0083,
    0x08a3, 0x00a3, 0x0883, 0x08a4, 0x0082, 0x0081, 0x0082, 0x0083, 0x0883, 0x08a3, 0x0883, 0x0083, 0x0082, 0x0082, 0x0083, 0x0883,
    0x00a3, 0x08a3, 0x0083, 0x0062, 0x0062, 0x0062, 0x0083, 0x0883, 0x08a3, 0x0083, 0x0042, 0x0081, 0x0083, 0x0883, 0x0883, 0x0083,
    0x0083, 0x0062, 0x0081, 0x0062, 0x0083, 0x0083, 0x0063, 0x0063, 0x0042, 0x0041, 0x0062, 0x0063, 0x0063, 0x0063, 0x0083, 0x0042,
    0x0062, 0x0062, 0x0083, 0x0063, 0x0063, 0x0862, 0x0042, 0x0041, 0x0062, 0x0063, 0x0062, 0x0043, 0x0063, 0x0042, 0x0041, 0x0041,
    0x0043, 0x0062, 0x0063, 0x0062, 0x0042, 0x0041, 0x0041, 0x0042, 0x0042, 0x0042, 0x0042, 0x0022, 0x0020, 0x0042, 0x0042, 0x0842,
    0x0842, 0x0042, 0x0021, 0x0000, 0x0021, 0x0042, 0x0062, 0x0042, 0x0842, 0x0041, 0x0041, 0x0021, 0x0022, 0x0042, 0x0042, 0x0042,
    0x0001, 0x0041, 0x0021, 0x0022, 0x0042, 0x0042, 0x0022, 0x0001, 0x0020, 0x0022, 0x0022, 0x0042, 0x0022, 0x0022, 0x0000, 0x0021,
    0x0022, 0x0022, 0x0022, 0x0022, 0x0020, 0x0041, 0x0020, 0x0021, 0x0022, 0x0042, 0x0022, 0x0000, 0x0021, 0x0022, 0x0022, 0x0022,
    0x0022, 0x0001, 0x0041, 0x0000, 0x0022, 0x0002, 0x0022, 0x0001, 0x0001, 0x0021, 0x0001, 0x0022, 0x0022, 0x0021, 0x0000, 0x0021,
    0x0000, 0x0021, 0x0001, 0x0002, 0x0001, 0x0000, 0x0021, 0x0002, 0x0022, 0x0022, 0x0022, 0x0000, 0x0020, 0x0002, 0x0022, 0x0021,
    0x0022, 0x0022, 0x0022, 0x0022, 0x0022, 0x0022, 0x0001, 0x10e3, 0x4289, 0x3a88, 0x08a2, 0x0001, 0x0022, 0x0001, 0x2185, 0x3247,
    0x0021, 0x0002, 0x0022, 0x0002, 0x10c3, 0x3a68, 0x08c2, 0x0001, 0x0022, 0x0022, 0x0041, 0x3227, 0x21a5, 0x0001, 0x0022, 0x0022,
    0x0020, 0x21c5, 0x42c9, 0x1924, 0x0001, 0x0022, 0x0021, 0x08a2, 0x3a68, 0x10c3, 0x0001, 0x0022, 0x0001, 0x0881, 0x3a68, 0x4aa9,
    0x1103, 0x0001, 0x0022, 0x0021, 0x1924, 0x4288, 0x0882, 0x0002, 0x0022, 0x0021, 0x10e3, 0x42a9, 0x42a8, 0x10c2, 0x0021, 0x0042,
    0x0021, 0x1924, 0x3a68, 0x0041, 0x0042, 0x0042, 0x0022, 0x10e2, 0x42c9, 0x4288, 0x08a2, 0x0022, 0x0042, 0x0021, 0x1103, 0x3a88,
    0x08a2, 0x0022, 0x0042, 0x0042, 0x0061, 0x3a28, 0x4aea, 0x1985, 0x0021, 0x0043, 0x0042, 0x0061, 0x2a07, 0x42c9, 0x21c5, 0x0041,
    0x0062, 0x0062, 0x0042, 0x10e3, 0x3aa8, 0x1103, 0x0042, 0x0063, 0x0063, 0x0042, 0x08e3, 0x3a89, 0x3aa8, 0x08e3, 0x0042, 0x0863,
    0x0082, 0x0082, 0x2a06, 0x2a06, 0x0042, 0x0863, 0x0863, 0x0063, 0x00a2, 0x3247, 0x42c9, 0x1164, 0x0062, 0x0883, 0x0883, 0x0082,
    0x3247, 0x4b0a, 0x21c5, 0x0082, 0x0883, 0x0083, 0x0082, 0x21c5, 0x42c9, 0x2a27, 0x00a2, 0x0083, 0x0883, 0x0062, 0x21a6, 0x42c9,
    0x3267, 0x00c2, 0x0883, 0x08a3, 0x0082, 0x08e3, 0x3288, 0x1964, 0x0062, 0x08a3, 0x00a3, 0x0883, 0x08c3, 0x3267, 0x21e5, 0x0082,
    0x08a4, 0x08a4, 0x08a3, 0x00a2, 0x2a07, 0x2a27, 0x0082, 0x08a3, 0x08a3, 0x08a3, 0x00c2, 0x3268, 0x42ea, 0x19a5, 0x00a3, 0x08c3,
    0x00a3, 0x00a2, 0x3247, 0x430a, 0x21c5, 0x00a2, 0x08a3, 0x08a3, 0x08a3, 0x00a3, 0x0903, 0x3ac9, 0x3ae9, 0x0943, 0x00a3, 0x08c4,
    0x08a3, 0x00a3, 0x1164, 0x3ac9, 0x1144, 0x0083, 0x08a4, 0x08c3, 0x00a3, 0x1163, 0x4309, 0x3ac8, 0x0903, 0x08a3, 0x00c3, 0x08c3,
    0x00c2, 0x3268, 0x430a, 0x19c5, 0x00a2, 0x08c4, 0x00a4, 0x08a3, 0x08a3, 0x0083, 0x1184, 0x42c9, 0x3288, 0x00e3, 0x00a3, 0x08a3,
    0x00a3, 0x00c2, 0x3267, 0x42e9, 0x21e6, 0x0083, 0x08a3, 0x08a3, 0x0083, 0x1144, 0x3aa8, 0x08c3, 0x0083, 0x00a3, 0x08a3, 0x0082,
    0x1124, 0x42c9, 0x3ac9, 0x0903, 0x00a3, 0x08a3, 0x0083, 0x0903, 0x3ac9, 0x3ac9, 0x0903, 0x0883, 0x00a3, 0x0083, 0x08c2, 0x3a88,
    0x42e9, 0x1164, 0x0062, 0x0883, 0x0083, 0x0083, 0x21a5, 0x32a8, 0x0083, 0x0863, 0x0883, 0x0083, 0x0082, 0x2a07, 0x42e9, 0x2a06,
    0x0062, 0x0883, 0x0883, 0x0062, 0x1944, 0x3aa8, 0x08e3, 0x0063, 0x0863, 0x0883, 0x0062, 0x2a06, 0x4ae9, 0x2a26, 0x0061, 0x0863,
    0x0063, 0x0042, 0x1124, 0x3aa8, 0x08e3, 0x0042, 0x0063, 0x0063, 0x0041, 0x19a5, 0x42e9, 0x3227, 0x0062, 0x0062, 0x0062, 0x0021,
    0x1964, 0x4aea, 0x3247, 0x0061, 0x0042, 0x0042, 0x0022, 0x10e3, 0x3aa8, 0x1103, 0x0022, 0x0843, 0x0843, 0x0041, 0x10e2, 0x3a88,
    0x08a2, 0x0022, 0x0042, 0x0042, 0x0001, 0x2184, 0x4ae9, 0x3247, 0x0041, 0x0022, 0x0042, 0x0001, 0x1944, 0x4ae9, 0x3a47, 0x0040,
    0x0022, 0x0022, 0x0021, 0x2185, 0x3a88, 0x0041, 0x0022, 0x0022, 0x0022, 0x0042, 0x3227, 0x29c6, 0x0001, 0x0042, 0x0043, 0x0001,
    0x21a5, 0x4b0a, 0x3227, 0x0020, 0x0022, 0x0022, 0x0842, 0x3227, 0x21a6, 0x0001, 0x0022, 0x0022, 0x0020, 0x29c6, 0x4aea, 0x29c6,
    0x0000, 0x0022, 0x0001, 0x08c3, 0x4289, 0x42a8, 0x08c2, 0x0001, 0x0022, 0x0000, 0x29c5, 0x4aea, 0x29a6, 0x0000, 0x0022, 0x0001,
    0x0061, 0x3227, 0x2185, 0x0000, 0x0022, 0x0022, 0x0002, 0x2165, 0x3a47, 0x0001, 0x0001, 0x0002, 0x0022, 0x0022, 0x0022, 0x0022,
    0x0022, 0x0022, 0x0001, 0x4288, 0x1102, 0x3aa7, 0x3206, 0x0000, 0x0022, 0x0842, 0x3a47, 0x42e8, 0x0041, 0x0002, 0x0002, 0x0002,
    0x2986, 0x4b2a, 0x1123, 0x0001, 0x0022, 0x0001, 0x10e4, 0x42c8, 0x2a06, 0x0000, 0x0022, 0x0001, 0x10c2, 0x3aa7, 0x1142, 0x42a9,
    0x0021, 0x0022, 0x0021, 0x2185, 0x4b2a, 0x1943, 0x0001, 0x0843, 0x0001, 0x29e6, 0x29e5, 0x29e5, 0x42e9, 0x0000, 0x0022, 0x0041,
    0x3206, 0x534a, 0x08a2, 0x0002, 0x0042, 0x0000, 0x3a68, 0x1963, 0x3246, 0x3a67, 0x0000, 0x0042, 0x0042, 0x3207, 0x4b09, 0x0061,
    0x0022, 0x0042, 0x0001, 0x42a8, 0x21c4, 0x3287, 0x3206, 0x0001, 0x0062, 0x0042, 0x29e6, 0x4b49, 0x0903, 0x0022, 0x0062, 0x0021,
    0x1944, 0x42a9, 0x1983, 0x4b4a, 0x0041, 0x0043, 0x0021, 0x1944, 0x3ac8, 0x0922, 0x53ab, 0x08a2, 0x0062, 0x0062, 0x0062, 0x29c6,
    0x4b6a, 0x1943, 0x0042, 0x0063, 0x0063, 0x0021, 0x3a88, 0x19c4, 0x32a7, 0x3247, 0x0021, 0x0883, 0x0062, 0x08e3, 0x32a7, 0x32a7,
    0x0062, 0x0863, 0x0883, 0x0062, 0x19c5, 0x32a7, 0x19c3, 0x432a, 0x0082, 0x0883, 0x0063, 0x1965, 0x3ac9, 0x1182, 0x538b, 0x00a2,
    0x0084, 0x0084, 0x08c2, 0x4309, 0x0962, 0x4b6b, 0x1164, 0x0062, 0x08a3, 0x00a2, 0x430a, 0x0942, 0x434a, 0x21c5, 0x0062, 0x08a3,
    0x0083, 0x1985, 0x4b2a, 0x21e5, 0x0062, 0x08a3, 0x08a3, 0x0083, 0x1144, 0x3b08, 0x2a46, 0x0061, 0x08a4, 0x00a3, 0x00a3, 0x0903,
    0x3ae9, 0x3ae8, 0x00a2, 0x08c4, 0x08a4, 0x0082, 0x21e6, 0x32a8, 0x1183, 0x4b4a, 0x00a2, 0x08a4, 0x0083, 0x1985, 0x3b09, 0x1183,
    0x4b8b, 0x00c2, 0x00c3, 0x08c4, 0x08c4, 0x0082, 0x3287, 0x2266, 0x2aa7, 0x2aa7, 0x0082, 0x08c4, 0x08c4, 0x00c3, 0x19e5, 0x4349,
    0x1184, 0x0083, 0x08c4, 0x08c3, 0x0082, 0x3b09, 0x1a04, 0x3b08, 0x3247, 0x0062, 0x08e4, 0x0082, 0x19c5, 0x3ae8, 0x11c3, 0x4b6a,
    0x00c2, 0x00a4, 0x08a4, 0x08a3, 0x08c4, 0x00a2, 0x3b09, 0x11a4, 0x3b29, 0x2206, 0x0083, 0x08c4, 0x0083, 0x19c5, 0x3ae8, 0x0962,
    0x4b8a, 0x00c3, 0x00a3, 0x08a3, 0x00a3, 0x2206, 0x4b8a, 0x1103, 0x0082, 0x08a3, 0x08a3, 0x0082, 0x3ae9, 0x11a3, 0x32c8, 0x3267,
    0x0062, 0x08c4, 0x0062, 0x3ac9, 0x2225, 0x32c7, 0x3268, 0x0042, 0x08c4, 0x0062, 0x2a27, 0x2a46, 0x1a05, 0x3b29, 0x0062, 0x0884,
    0x0083, 0x08c3, 0x3247, 0x4329, 0x08a2, 0x0863, 0x0883, 0x0083, 0x1103, 0x42e9, 0x1162, 0x4b8b, 0x08e3, 0x0063, 0x0883, 0x0082,
    0x29e6, 0x4b4a, 0x1144, 0x0062, 0x0883, 0x0063, 0x08c2, 0x4309, 0x0942, 0x4b6b, 0x1103, 0x0042, 0x0863, 0x0042, 0x21c6, 0x4b4a,
    0x1144, 0x0042, 0x0083, 0x0063, 0x0081, 0x4329, 0x0942, 0x4b2a, 0x1944, 0x0041, 0x0062, 0x0041, 0x4b09, 0x1163, 0x4329, 0x1964,
    0x0002, 0x0042, 0x0022, 0x2165, 0x4329, 0x1984, 0x0021, 0x0843, 0x0043, 0x0042, 0x21a5, 0x4b29, 0x1103, 0x0001, 0x0042, 0x0022,
    0x0041, 0x4309, 0x0922, 0x4b2a, 0x1944, 0x0001, 0x0022, 0x0041, 0x4b2a, 0x1142, 0x4b29, 0x1943, 0x0001, 0x0022, 0x0862, 0x3227,
    0x4309, 0x0061, 0x0002, 0x0022, 0x0001, 0x10e4, 0x4309, 0x3247, 0x0001, 0x0043, 0x0002, 0x08c2, 0x42e9, 0x08e1, 0x536a, 0x1102,
    0x0001, 0x0002, 0x10c3, 0x4ae9, 0x3247, 0x0001, 0x0022, 0x0001, 0x10e2, 0x42e9, 0x08e2, 0x4b4a, 0x0881, 0x0002, 0x0000, 0x3a68,
    0x21a4, 0x3226, 0x3a87, 0x0000, 0x0002, 0x08c2, 0x4ae9, 0x1143, 0x534b, 0x0061, 0x0001, 0x0001, 0x1903, 0x42c9, 0x2a06, 0x0000,
    0x0022, 0x0001, 0x0062, 0x3a68, 0x4b09, 0x0020, 0x0021, 0x0002, 0x0022, 0x0022, 0x0022, 0x0022, 0x0022, 0x0002, 0x0021, 0x42c8,
    0x10e2, 0x32a7, 0x3227, 0x0000, 0x0022, 0x0001, 0x0081, 0x3aa7, 0x0040, 0x0002, 0x0022, 0x0022, 0x0000, 0x3267, 0x1923, 0x0001,
    0x0022, 0x0022, 0x0000, 0x1983, 0x3226, 0x0000, 0x0022, 0x0001, 0x1944, 0x21e5, 0x19a3, 0x3a68, 0x0061, 0x0021, 0x0042, 0x0000,
    0x3246, 0x1944, 0x0001, 0x0022, 0x0001, 0x3246, 0x1963, 0x29e5, 0x3ae8, 0x0041, 0x0002, 0x0022, 0x0040, 0x42e8, 0x08c2, 0x0022,
    0x0042, 0x0021, 0x3a88, 0x1102, 0x3a87, 0x3aa8, 0x0000, 0x0042, 0x0022, 0x0060, 0x3287, 0x0081, 0x0022, 0x0042, 0x0021, 0x42c8,
    0x1142, 0x3286, 0x3267, 0x0021, 0x0042, 0x0063, 0x0020, 0x3286, 0x1103, 0x0002, 0x0062, 0x0021, 0x21c6, 0x2a05, 0x19e4, 0x4b4a,
    0x0082, 0x0063, 0x0021, 0x21a5, 0x2a46, 0x1183, 0x4b6a, 0x08e2, 0x0042, 0x0063, 0x0063, 0x0040, 0x3287, 0x1964, 0x0042, 0x0063,
    0x0063, 0x0041, 0x3287, 0x1142, 0x32a7, 0x3267, 0x0021, 0x0883, 0x0883, 0x0062, 0x0942, 0x32c7, 0x0062, 0x0864, 0x0883, 0x0042,
    0x2247, 0x2245, 0x21c4, 0x434a, 0x00a2, 0x0063, 0x0062, 0x21e6, 0x2a26, 0x11a3, 0x436a, 0x0903, 0x0063, 0x0083, 0x0923, 0x32c7,
    0x1183, 0x4b6a, 0x21a5, 0x0062, 0x0083, 0x08e3, 0x3ae8, 0x0962, 0x3b49, 0x21e5, 0x0082, 0x08a3, 0x08a4, 0x0061, 0x2a66, 0x2206,
    0x0062, 0x08a3, 0x08a3, 0x08c4, 0x0081, 0x19e4, 0x3287, 0x0062, 0x08c4, 0x08a3, 0x08c4, 0x00a3, 0x1163, 0x3ae8, 0x00a2, 0x08c4,
    0x08c4, 0x0082, 0x2a47, 0x2225, 0x19e4, 0x4349, 0x08a2, 0x08a4, 0x0062, 0x2206, 0x2a86, 0x19e4, 0x4b8a, 0x0902, 0x00a3, 0x08c4,
    0x08c4, 0x00a2, 0x32e8, 0x11e3, 0x32c7, 0x32e7, 0x0082, 0x08c4, 0x08c3, 0x08e4, 0x00a1, 0x32c7, 0x11a4, 0x0083, 0x08c4, 0x08c3,
    0x00c3, 0x3b09, 0x11c3, 0x3308, 0x3266, 0x0062, 0x08e4, 0x0062, 0x2a26, 0x2a86, 0x1a04, 0x4b6a, 0x0923, 0x00a3, 0x08c4, 0x08c3,
    0x08c4, 0x00e3, 0x3b08, 0x1183, 0x3b49, 0x2a47, 0x0062, 0x08c4, 0x0083, 0x2a26, 0x3286, 0x11c4, 0x438a, 0x0923, 0x00a2, 0x08a3,
    0x08c4, 0x00c1, 0x32e8, 0x1123, 0x00a2, 0x08a3, 0x08a3, 0x00c2, 0x3ae9, 0x0962, 0x3308, 0x32a7, 0x0082, 0x10a4, 0x00a2, 0x3b09,
    0x11a2, 0x3308, 0x32a8, 0x0082, 0x08c4, 0x0042, 0x3287, 0x11a3, 0x2245, 0x3b29, 0x0882, 0x0083, 0x0883, 0x00a3, 0x00a1, 0x3ae8,
    0x08c2, 0x0883, 0x0883, 0x0063, 0x1984, 0x2a86, 0x11c3, 0x4baa, 0x1144, 0x0062, 0x0883, 0x08a3, 0x0060, 0x3ac7, 0x1164, 0x0063,
    0x0883, 0x0062, 0x1124, 0x3aa8, 0x1182, 0x434a, 0x1964, 0x0022, 0x0083, 0x0883, 0x0020, 0x3aa7, 0x1964, 0x0043, 0x0063, 0x0043,
    0x08e3, 0x3ae8, 0x0962, 0x4b49, 0x21a5, 0x0021, 0x0042, 0x08c2, 0x42e8, 0x1122, 0x4328, 0x21a5, 0x0002, 0x0062, 0x0062, 0x0000,
    0x2a46, 0x1985, 0x0021, 0x0843, 0x0042, 0x0063, 0x0040, 0x3287, 0x1123, 0x0002, 0x0042, 0x0022, 0x08a2, 0x3aa8, 0x0901, 0x4309,
    0x21a5, 0x0001, 0x0022, 0x08c2, 0x42e9, 0x0901, 0x4329, 0x21c5, 0x0001, 0x0843, 0x0021, 0x0060, 0x42c8, 0x0061, 0x0002, 0x0022,
    0x0042, 0x0000, 0x1963, 0x3267, 0x0001, 0x0043, 0x0001, 0x1964, 0x3a67, 0x08e1, 0x4b8a, 0x2184, 0x0001, 0x0042, 0x0000, 0x1943,
    0x3246, 0x0000, 0x0022, 0x0001, 0x1944, 0x3246, 0x08e2, 0x4b4a, 0x10c2, 0x0002, 0x0001, 0x3a87, 0x1963, 0x3266, 0x3a87, 0x0000,
    0x0001, 0x1943, 0x2a06, 0x0902, 0x4b4a, 0x10c2, 0x0000, 0x0022, 0x0000, 0x1963, 0x3226, 0x0000, 0x0022, 0x0022, 0x0001, 0x0060,
    0x3aa7, 0x0020, 0x0021, 0x0002, 0x0022, 0x0022, 0x0022, 0x0022, 0x0022, 0x0002, 0x0041, 0x42c8, 0x29c5, 0x2a25, 0x3a47, 0x0001,
    0x0042, 0x0001, 0x08c2, 0x42a8, 0x0041, 0x0002, 0x0021, 0x0022, 0x0000, 0x3a67, 0x1924, 0x0001, 0x0022, 0x0022, 0x0000, 0x2184,
    0x3207, 0x0001, 0x0042, 0x0001, 0x1124, 0x3206, 0x3246, 0x3247, 0x0081, 0x0001, 0x0042, 0x0000, 0x3a47, 0x1944, 0x0001, 0x0022,
    0x0001, 0x2a26, 0x3267, 0x1964, 0x3ac8, 0x0041, 0x0022, 0x0023, 0x0061, 0x4309, 0x08c2, 0x0022, 0x0042, 0x0021, 0x3a87, 0x29e5,
    0x21a5, 0x3a88, 0x0000, 0x0022, 0x0002, 0x08a1, 0x3ac8, 0x0082, 0x0022, 0x0042, 0x0021, 0x3aa8, 0x2a25, 0x2a05, 0x3287, 0x0021,
    0x0042, 0x0043, 0x0041, 0x3ac8, 0x1123, 0x0002, 0x0063, 0x0041, 0x21a5, 0x32a7, 0x19e4, 0x42c8, 0x08a2, 0x0062, 0x0041, 0x1984,
    0x3ae8, 0x21e5, 0x3ae8, 0x10e3, 0x0043, 0x0063, 0x0063, 0x0042, 0x3aa8, 0x1964, 0x0042, 0x0063, 0x0063, 0x0061, 0x32a7, 0x3267,
    0x21c5, 0x3a67, 0x0041, 0x0083, 0x0863, 0x0043, 0x1984, 0x3ac8, 0x0082, 0x0884, 0x0883, 0x0042, 0x2226, 0x3b08, 0x1983, 0x3b09,
    0x08c2, 0x0063, 0x0062, 0x21c5, 0x3ac8, 0x19c4, 0x32e8, 0x0943, 0x0083, 0x0062, 0x0923, 0x3b28, 0x19e4, 0x3aa7, 0x21c5, 0x0042,
    0x0083, 0x08e2, 0x4309, 0x2225, 0x2a86, 0x2a26, 0x0082, 0x08a3, 0x0884, 0x0083, 0x3266, 0x2206, 0x0083, 0x08a4, 0x00a3, 0x00a3,
    0x0082, 0x21e5, 0x3267, 0x0062, 0x00c3, 0x00a3, 0x08a4, 0x00a4, 0x19a5, 0x3ae8, 0x00a2, 0x08c4, 0x08c4, 0x0082, 0x2226, 0x3ae8,
    0x2245, 0x3b08, 0x08a2, 0x08a4, 0x0062, 0x19e5, 0x3b49, 0x2246, 0x3b29, 0x0923, 0x00a3, 0x08a4, 0x08c4, 0x00a2, 0x32e8, 0x32c7,
    0x2225, 0x32e7, 0x0062, 0x00c3, 0x00c3, 0x08c4, 0x00c3, 0x32e8, 0x11a4, 0x00a3, 0x08c4, 0x08c3, 0x00c3, 0x3ae8, 0x2ac7, 0x2286,
    0x3286, 0x0082, 0x00e4, 0x0063, 0x2205, 0x4369, 0x19e4, 0x3ae8, 0x0923, 0x00a3, 0x08a4, 0x08c4, 0x00a4, 0x00e2, 0x3b49, 0x2a67,
    0x2a86, 0x2a67, 0x0062, 0x08c4, 0x0083, 0x21e5, 0x3b29, 0x19e5, 0x3b29, 0x1164, 0x00a2, 0x08a4, 0x08a4, 0x00e3, 0x3b09, 0x1123,
    0x00a3, 0x08c3, 0x08a4, 0x00e2, 0x32e8, 0x2266, 0x2a86, 0x32c8, 0x0082, 0x10a4, 0x00a2, 0x3b09, 0x2aa7, 0x2286, 0x32a8, 0x0082,
    0x08c4, 0x0062, 0x2a87, 0x3287, 0x2a25, 0x3ae8, 0x0862, 0x0083, 0x00a3, 0x00a3, 0x08e2, 0x42e9, 0x08c3, 0x0883, 0x08a3, 0x0062,
    0x1184, 0x3b08, 0x19c4, 0x32e8, 0x1164, 0x0062, 0x0883, 0x08a3, 0x00a2, 0x3ae8, 0x1164, 0x0063, 0x08a3, 0x0062, 0x1123, 0x432a,
    0x19a4, 0x3247, 0x2185, 0x0021, 0x0083, 0x0883, 0x0061, 0x3aa8, 0x1964, 0x0042, 0x0883, 0x0043, 0x08e3, 0x3b29, 0x1a05, 0x3266,
    0x29c5, 0x0022, 0x0062, 0x08c2, 0x4329, 0x21c5, 0x2a66, 0x21c6, 0x0001, 0x0062, 0x0063, 0x0021, 0x3a67, 0x21a5, 0x0022, 0x0062,
    0x0043, 0x0043, 0x0041, 0x3aa8, 0x1124, 0x0002, 0x0042, 0x0022, 0x0882, 0x42e9, 0x21c5, 0x29e6, 0x2206, 0x0001, 0x0022, 0x08c2,
    0x4b4a, 0x21e5, 0x3287, 0x29e5, 0x0001, 0x0843, 0x0001, 0x0882, 0x42c9, 0x0861, 0x0001, 0x0041, 0x0022, 0x0001, 0x21a5, 0x3267,
    0x0001, 0x0842, 0x0001, 0x1144, 0x42e9, 0x2164, 0x3ac7, 0x29a5, 0x0001, 0x0023, 0x0000, 0x2184, 0x3246, 0x0000, 0x0041, 0x0001,
    0x1923, 0x3aa7, 0x1964, 0x3ae8, 0x10e3, 0x0002, 0x0001, 0x3286, 0x3267, 0x2a05, 0x3287, 0x0001, 0x0001, 0x1143, 0x3a88, 0x1943,
    0x42a8, 0x10e3, 0x0000, 0x0043, 0x0001, 0x21a4, 0x3226, 0x0001, 0x0022, 0x0002, 0x0002, 0x0882, 0x42a8, 0x0021, 0x0021, 0x0002,
    0x0022, 0x0022, 0x0022, 0x0022, 0x0022, 0x0022, 0x0000, 0x4b09, 0x1963, 0x1983, 0x3a47, 0x0000, 0x0022, 0x0001, 0x0081, 0x3aa8,
    0x0000, 0x0001, 0x0022, 0x0021, 0x0000, 0x3a27, 0x10e3, 0x0000, 0x0022, 0x0022, 0x0000, 0x1963, 0x2a06, 0x0000, 0x0042, 0x0001,
    0x10e3, 0x2a26, 0x08e1, 0x3267, 0x0061, 0x0001, 0x0022, 0x0000, 0x3227, 0x1103, 0x0000, 0x0022, 0x0001, 0x3246, 0x32a7, 0x00a0,
    0x4309, 0x0021, 0x0023, 0x0022, 0x0020, 0x42e8, 0x0881, 0x0002, 0x0042, 0x0000, 0x42c8, 0x21c4, 0x10e2, 0x3aa8, 0x0000, 0x0022,
    0x0022, 0x0040, 0x3aa8, 0x0061, 0x0022, 0x0062, 0x0001, 0x4b0a, 0x21c4, 0x1963, 0x3a67, 0x0020, 0x0042, 0x0043, 0x0000, 0x32a7,
    0x0902, 0x0021, 0x0063, 0x0021, 0x2185, 0x3ae8, 0x00a0, 0x42c9, 0x0082, 0x0063, 0x0041, 0x1963, 0x4b4a, 0x0080, 0x42c9, 0x10c3,
    0x0062, 0x0083, 0x0083, 0x0021, 0x3287, 0x1123, 0x0022, 0x0863, 0x0863, 0x0041, 0x3ac9, 0x2a26, 0x1142, 0x3a88, 0x0041, 0x0883,
    0x0883, 0x0062, 0x0963, 0x32c7, 0x0061, 0x08a4, 0x0883, 0x0042, 0x21e7, 0x3b09, 0x00c0, 0x4309, 0x08a2, 0x0083, 0x0082, 0x1984,
    0x4b4a, 0x00e0, 0x3b29, 0x0923, 0x0883, 0x0083, 0x08e2, 0x4b8a, 0x0100, 0x3287, 0x21c5, 0x0062, 0x08a4, 0x08c2, 0x4b8b, 0x0982,
    0x2245, 0x2a47, 0x0062, 0x08a4, 0x08a4, 0x0062, 0x2a45, 0x19e4, 0x0062, 0x08a4, 0x08a4, 0x08a3, 0x0082, 0x19a5, 0x2a47, 0x0041,
    0x08c3, 0x00a3, 0x08a4, 0x0083, 0x1163, 0x3aa8, 0x0081, 0x08c4, 0x08c4, 0x0082, 0x2207, 0x432a, 0x0121, 0x4329, 0x08c2, 0x08a3,
    0x00a3, 0x19e5, 0x4369, 0x0120, 0x4329, 0x0903, 0x00c4, 0x08c4, 0x08c3, 0x0082, 0x3b09, 0x2a86, 0x0962, 0x3ac9, 0x0083, 0x08e4,
    0x08c4, 0x08c5, 0x00a2, 0x2ac7, 0x1183, 0x0083, 0x08c4, 0x08c3, 0x00c2, 0x434a, 0x1a24, 0x11e4, 0x32a7, 0x0082, 0x08e4, 0x0083,
    0x19c5, 0x438a, 0x0100, 0x3b09, 0x0903, 0x00c3, 0x08c4, 0x08c4, 0x00c4, 0x00c2, 0x4baa, 0x11e4, 0x2225, 0x3287, 0x0082, 0x08c4,
    0x0083, 0x19c5, 0x436a, 0x00e0, 0x3308, 0x0923, 0x00a3, 0x08a4, 0x08a4, 0x00a1, 0x32e8, 0x0902, 0x00a2, 0x08a4, 0x08a4, 0x00a2,
    0x434a, 0x1a24, 0x19e4, 0x3ac8, 0x0082, 0x08c4, 0x0082, 0x3b09, 0x2285, 0x11c3, 0x32c8, 0x0082, 0x08c4, 0x0062, 0x2a87, 0x32c7,
    0x0921, 0x42e8, 0x0062, 0x08a3, 0x08a3, 0x00a3, 0x00c1, 0x3ae9, 0x00a2, 0x0883, 0x08a3, 0x0062, 0x1143, 0x4b6a, 0x00a0, 0x3ac8,
    0x1144, 0x0062, 0x08a4, 0x08c4, 0x0061, 0x3aa8, 0x0943, 0x0062, 0x08a3, 0x0063, 0x08e3, 0x4b8b, 0x00c0, 0x3247, 0x1965, 0x0022,
    0x0063, 0x0083, 0x0020, 0x3287, 0x1123, 0x0042, 0x0883, 0x0863, 0x00a2, 0x4bab, 0x0921, 0x2a46, 0x21c5, 0x0042, 0x0062, 0x0081,
    0x538b, 0x0901, 0x2225, 0x21c6, 0x0001, 0x0062, 0x0062, 0x0000, 0x3247, 0x1985, 0x0001, 0x0063, 0x0043, 0x0843, 0x0000, 0x3287,
    0x08e2, 0x0001, 0x0042, 0x0042, 0x0061, 0x536b, 0x1122, 0x21e5, 0x29c5, 0x0001, 0x0042, 0x0081, 0x536b, 0x08e1, 0x3246, 0x21c5,
    0x0001, 0x0023, 0x0021, 0x0040, 0x42a8, 0x0040, 0x0021, 0x0022, 0x0022, 0x0001, 0x1964, 0x2a46, 0x0000, 0x0843, 0x0022, 0x08e2,
    0x4b6b, 0x0060, 0x3a67, 0x2185, 0x0001, 0x0822, 0x0000, 0x1923, 0x3226, 0x0000, 0x0021, 0x0001, 0x18e3, 0x4b49, 0x0060, 0x42c8,
    0x10e2, 0x0002, 0x0001, 0x3aa8, 0x2a05, 0x1102, 0x3a88, 0x0001, 0x0001, 0x10e2, 0x4329, 0x0060, 0x4288, 0x10c2, 0x0001, 0x0023,
    0x0000, 0x1963, 0x2a05, 0x0000, 0x0023, 0x0002, 0x0002, 0x0040, 0x3aa7, 0x0000, 0x0022, 0x0002, 0x0022, 0x0022, 0x0022, 0x0022,
    0x0022, 0x0022, 0x0000, 0x3227, 0x3a67, 0x42a8, 0x1964, 0x0001, 0x0022, 0x0041, 0x31e6, 0x532b, 0x2164, 0x0021, 0x0022, 0x0001,
    0x1924, 0x4aea, 0x3a47, 0x0861, 0x0002, 0x0001, 0x08a2, 0x42a8, 0x4aea, 0x10c3, 0x0022, 0x0022, 0x0061, 0x3a68, 0x3267, 0x3a48,
    0x0020, 0x0022, 0x0001, 0x1903, 0x4ae9, 0x3a68, 0x1082, 0x0021, 0x0001, 0x1984, 0x4b09, 0x3aa8, 0x3247, 0x0021, 0x0043, 0x0042,
    0x21a5, 0x538b, 0x31e7, 0x0862, 0x0042, 0x0000, 0x29c6, 0x42a8, 0x3a88, 0x21a5, 0x0001, 0x0022, 0x0042, 0x29c6, 0x534a, 0x29c5,
    0x0042, 0x0062, 0x0000, 0x2a07, 0x42a8, 0x3aa8, 0x1965, 0x0021, 0x0862, 0x0042, 0x2164, 0x4b4a, 0x3247, 0x0862, 0x0062, 0x0042,
    0x1104, 0x4ae9, 0x3226, 0x3a68, 0x0041, 0x0863, 0x0042, 0x08e2, 0x4309, 0x2a26, 0x42a9, 0x0081, 0x0082, 0x0063, 0x0062, 0x1964,
    0x4b4a, 0x3a47, 0x0082, 0x0063, 0x0863, 0x0041, 0x29e6, 0x3aa8, 0x3ac8, 0x21a5, 0x0042, 0x0883, 0x0083, 0x08e3, 0x32a8, 0x4b6a,
    0x19a5, 0x0083, 0x08a3, 0x0062, 0x1124, 0x42e9, 0x3287, 0x3a68, 0x0042, 0x0882, 0x00a2, 0x0903, 0x4b4a, 0x32a7, 0x3ae9, 0x00a2,
    0x08a3, 0x0883, 0x0082, 0x42e9, 0x3267, 0x42ea, 0x0903, 0x00a3, 0x08c4, 0x0082, 0x3ae9, 0x32a7, 0x4329, 0x1164, 0x00a3, 0x08c4,
    0x08a3, 0x1145, 0x432a, 0x3ac8, 0x0903, 0x00a3, 0x08a4, 0x00a3, 0x0903, 0x3ac8, 0x4329, 0x1124, 0x00a3, 0x08c4, 0x00a4, 0x0904,
    0x32a8, 0x4b6b, 0x1984, 0x00a3, 0x08c4, 0x00a3, 0x1185, 0x432a, 0x2aa6, 0x3ac9, 0x00c2, 0x08c4, 0x00c3, 0x0924, 0x4329, 0x2a86,
    0x3aa9, 0x00c2, 0x00c4, 0x00c4, 0x08c3, 0x00a2, 0x2a27, 0x3b29, 0x3ae8, 0x2206, 0x00a3, 0x08e4, 0x08c4, 0x00c4, 0x19a5, 0x4369,
    0x3287, 0x0904, 0x00c4, 0x08e4, 0x00a2, 0x3288, 0x3ac8, 0x3b09, 0x19e6, 0x00a2, 0x08e4, 0x08a3, 0x0944, 0x434a, 0x32a7, 0x3ac9,
    0x00a2, 0x08c3, 0x08c3, 0x08c4, 0x08c4, 0x00a2, 0x3288, 0x32e7, 0x4329, 0x1985, 0x00a3, 0x08e4, 0x00c3, 0x0924, 0x434a, 0x32a7,
    0x3ae9, 0x00c3, 0x08c4, 0x08c4, 0x00a3, 0x19c5, 0x4b8a, 0x3247, 0x08e3, 0x08c4, 0x08c4, 0x00a2, 0x2a67, 0x3ae8, 0x4329, 0x21c6,
    0x00a2, 0x08e4, 0x0083, 0x2a27, 0x3b29, 0x3b09, 0x21e6, 0x0082, 0x08c4, 0x0083, 0x19a5, 0x3b09, 0x32a8, 0x2a47, 0x0062, 0x08a3,
    0x08a3, 0x00a3, 0x2a26, 0x4b8b, 0x21e6, 0x0083, 0x08a4, 0x0083, 0x08c2, 0x42e9, 0x3267, 0x42c9, 0x0082, 0x0883, 0x08a3, 0x00a3,
    0x21c6, 0x53ab, 0x3267, 0x08a3, 0x0883, 0x0883, 0x0062, 0x42e9, 0x3246, 0x42e9, 0x08c3, 0x0062, 0x0063, 0x0062, 0x1964, 0x536a,
    0x3a68, 0x08a3, 0x0863, 0x0883, 0x0041, 0x4309, 0x32a7, 0x42e9, 0x08e3, 0x0062, 0x0883, 0x0041, 0x3aa8, 0x3267, 0x3ac8, 0x08c3,
    0x0042, 0x0063, 0x0062, 0x1944, 0x4b2a, 0x3aa8, 0x0883, 0x0042, 0x0042, 0x0042, 0x1944, 0x4b2a, 0x3227, 0x0862, 0x0042, 0x0062,
    0x0020, 0x42a8, 0x3a88, 0x42e9, 0x10e3, 0x0021, 0x0042, 0x0020, 0x4288, 0x3a47, 0x42a8, 0x08c2, 0x0022, 0x0022, 0x0041, 0x29c6,
    0x534b, 0x21a5, 0x0021, 0x0023, 0x0022, 0x10c3, 0x42c8, 0x4b2a, 0x18e3, 0x0022, 0x0022, 0x0060, 0x42c9, 0x3226, 0x4ae9, 0x08a2,
    0x0001, 0x0001, 0x0882, 0x3a68, 0x4aea, 0x18e3, 0x0001, 0x0001, 0x0862, 0x42e9, 0x3246, 0x42a9, 0x0041, 0x0022, 0x0001, 0x29c6,
    0x3aa8, 0x3a68, 0x29a6, 0x0000, 0x0021, 0x0061, 0x42c9, 0x3226, 0x4289, 0x0021, 0x0022, 0x0001, 0x10a3, 0x42a8, 0x4ae9, 0x18e3,
    0x0002, 0x0022, 0x0022, 0x29c5, 0x534a, 0x2185, 0x0021, 0x0002, 0x0022, 0x0022, 0x0022, 0x0022, 0x0022, 0x0022, 0x0022, 0x0021,
    0x2145, 0x1924, 0x0021, 0x0022, 0x0022, 0x0021, 0x1924, 0x1924, 0x1904, 0x0021, 0x0022, 0x0001, 0x18e3, 0x1923, 0x1924, 0x0062,
    0x0022, 0x0022, 0x0882, 0x2144, 0x2144, 0x10a3, 0x0001, 0x0022, 0x0021, 0x10c3, 0x2186, 0x0882, 0x0021, 0x0042, 0x0021, 0x10e3,
    0x1923, 0x1924, 0x0863, 0x0001, 0x0022, 0x0021, 0x1944, 0x2185, 0x0061, 0x0042, 0x0042, 0x0061, 0x1924, 0x1944, 0x1944, 0x0061,
    0x0021, 0x0023, 0x0022, 0x1964, 0x1964, 0x0022, 0x0042, 0x0042, 0x0062, 0x1944, 0x1944, 0x1944, 0x0042, 0x0042, 0x0041, 0x0061,
    0x2185, 0x1944, 0x0021, 0x0042, 0x0042, 0x0041, 0x1904, 0x1944, 0x1945, 0x0883, 0x0042, 0x0062, 0x0042, 0x1124, 0x29a6, 0x08a2,
    0x0062, 0x0063, 0x0063, 0x0062, 0x1103, 0x2a06, 0x08c2, 0x0062, 0x0063, 0x0863, 0x0043, 0x1123, 0x1964, 0x1964, 0x08a2, 0x0063,
    0x0063, 0x0063, 0x0062, 0x2184, 0x1984, 0x0081, 0x0883, 0x0083, 0x00a3, 0x08e3, 0x19a5, 0x19a5, 0x1965, 0x0082, 0x0083, 0x0883,
    0x0062, 0x1123, 0x21c6, 0x08a2, 0x0883, 0x0883, 0x08a3, 0x00a2, 0x1964, 0x2a26, 0x08e3, 0x00a3, 0x08a3, 0x0883, 0x0082, 0x08e3,
    0x29e7, 0x1104, 0x0082, 0x08a3, 0x08a4, 0x08a3, 0x08e3, 0x2a06, 0x1964, 0x00a3, 0x08c3, 0x08c3, 0x00a3, 0x1145, 0x19c6, 0x19c5,
    0x0923, 0x00c3, 0x00c3, 0x00a3, 0x0903, 0x19a4, 0x19a4, 0x1144, 0x00a4, 0x00c4, 0x00a3, 0x0903, 0x19c6, 0x19a5, 0x1984, 0x00c3,
    0x00c4, 0x00c3, 0x00c3, 0x1184, 0x2a47, 0x0923, 0x08c3, 0x08c4, 0x08c4, 0x00a3, 0x1145, 0x2a07, 0x0903, 0x00c3, 0x08c3, 0x08c4,
    0x00c4, 0x08c3, 0x00c3, 0x19e6, 0x2206, 0x00c3, 0x08c3, 0x08c3, 0x08c3, 0x08c3, 0x1965, 0x19a5, 0x19a5, 0x0904, 0x08c4, 0x08c4,
    0x00c4, 0x00e3, 0x2207, 0x19c6, 0x00c3, 0x08e4, 0x08c4, 0x08e4, 0x00c3, 0x1165, 0x2207, 0x0903, 0x00c4, 0x08c4, 0x08c3, 0x08c4,
    0x08c4, 0x00c4, 0x08e3, 0x2206, 0x1985, 0x00c4, 0x08e4, 0x08e4, 0x08e4, 0x00a3, 0x1144, 0x2a27, 0x0904, 0x00a3, 0x08c4, 0x08c3,
    0x00c3, 0x19a5, 0x19c5, 0x21c6, 0x08e4, 0x00c4, 0x08c4, 0x00c3, 0x00c3, 0x21e6, 0x19c6, 0x00c3, 0x08c3, 0x08c3, 0x08c4, 0x08e3,
    0x21e6, 0x21e6, 0x00c3, 0x08a3, 0x08c3, 0x08c4, 0x00a2, 0x1985, 0x21c6, 0x00c3, 0x08a3, 0x08a3, 0x00a3, 0x08c3, 0x21c5, 0x19c4,
    0x1985, 0x08a4, 0x08a3, 0x00a3, 0x0082, 0x1103, 0x21e6, 0x08c3, 0x0063, 0x0884, 0x0883, 0x00a2, 0x1985, 0x19c5, 0x1985, 0x08c4,
    0x08a3, 0x08a3, 0x0082, 0x08c3, 0x29c6, 0x10e3, 0x0061, 0x0862, 0x0062, 0x0082, 0x1144, 0x1984, 0x1984, 0x08c3, 0x0083, 0x0083,
    0x0063, 0x08c3, 0x2a06, 0x1104, 0x0042, 0x0082, 0x0083, 0x0063, 0x08a2, 0x29c6, 0x1104, 0x0042, 0x0083, 0x0063, 0x0062, 0x1104,
    0x2164, 0x1964, 0x08a3, 0x0042, 0x0042, 0x0041, 0x10e4, 0x1924, 0x1924, 0x0882, 0x0042, 0x0042, 0x0042, 0x0882, 0x29c6, 0x1924,
    0x0041, 0x0042, 0x0042, 0x0021, 0x0882, 0x29c7, 0x10e3, 0x0020, 0x0042, 0x0022, 0x0042, 0x1924, 0x1944, 0x1924, 0x0042, 0x0043,
    0x0042, 0x08c3, 0x2164, 0x2164, 0x10c3, 0x0001, 0x0042, 0x0021, 0x08a2, 0x2185, 0x10e3, 0x0020, 0x0042, 0x0021, 0x0882, 0x2144,
    0x1944, 0x10c3, 0x0002, 0x0022, 0x0001, 0x10a3, 0x29c6, 0x0882, 0x0002, 0x0022, 0x0022, 0x0021, 0x2165, 0x2144, 0x0020, 0x0021,
    0x0021, 0x0021, 0x08a3, 0x29a5, 0x08a2, 0x0002, 0x0022, 0x0021, 0x10a3, 0x1924, 0x1944, 0x10c3, 0x0001, 0x0002, 0x0021, 0x1924,
    0x1924, 0x1903, 0x0021, 0x0021, 0x0022, 0x0022, 0x0022, 0x0022, 0x0022, 0x0022, 0x0022, 0x0022, 0x0001, 0x0001, 0x0022, 0x0022,
    0x0022, 0x0001, 0x0001, 0x0001, 0x0001, 0x0022, 0x0022, 0x0022, 0x0001, 0x0001, 0x0001, 0x0002, 0x0022, 0x0022, 0x0001, 0x0001,
    0x0000, 0x0001, 0x0022, 0x0022, 0x0022, 0x0001, 0x0001, 0x0001, 0x0022, 0x0022, 0x0022, 0x0001, 0x0001, 0x0001, 0x0002, 0x0022,
    0x0022, 0x0022, 0x0001, 0x0001, 0x0022, 0x0022, 0x0022, 0x0042, 0x0001, 0x0001, 0x0001, 0x0041, 0x0042, 0x0022, 0x0022, 0x0021,
    0x0001, 0x0022, 0x0043, 0x0042, 0x0042, 0x0022, 0x0021, 0x0021, 0x0042, 0x0043, 0x0043, 0x0042, 0x0021, 0x0001, 0x0042, 0x0042,
    0x0042, 0x0042, 0x0001, 0x0022, 0x0022, 0x0042, 0x0042, 0x0042, 0x0062, 0x0042, 0x0042, 0x0062, 0x0063, 0x0063, 0x0063, 0x0863,
    0x0063, 0x0042, 0x0062, 0x0863, 0x0863, 0x0863, 0x0862, 0x0042, 0x0042, 0x0042, 0x0862, 0x0862, 0x0063, 0x0063, 0x0863, 0x0062,
    0x0062, 0x0883, 0x0883, 0x0083, 0x0883, 0x0863, 0x0063, 0x0083, 0x0083, 0x08a3, 0x08a3, 0x0883, 0x0083, 0x0082, 0x0062, 0x0883,
    0x08a3, 0x0883, 0x0883, 0x08a4, 0x00a3, 0x0082, 0x08a3, 0x0883, 0x08a3, 0x0083, 0x0883, 0x0883, 0x0082, 0x00a3, 0x08a3, 0x08a3,
    0x08a4, 0x08a4, 0x08a4, 0x0083, 0x00a3, 0x08c4, 0x08a4, 0x08c4, 0x08c3, 0x00a3, 0x00a3, 0x00a3, 0x08a3, 0x00c3, 0x00c3, 0x08c3,
    0x00a3, 0x0082, 0x00a2, 0x00a3, 0x00c4, 0x00a4, 0x08c3, 0x00c3, 0x00a3, 0x00a3, 0x00a3, 0x08c3, 0x08c4, 0x08c4, 0x08c4, 0x08c4,
    0x00a3, 0x00c4, 0x08c4, 0x08c4, 0x08c4, 0x08c4, 0x00a3, 0x0083, 0x00c3, 0x08c3, 0x08c3, 0x08c4, 0x08c4, 0x08c4, 0x08c4, 0x00c3,
    0x00c3, 0x08c4, 0x08c4, 0x08c4, 0x08c4, 0x08c3, 0x08a3, 0x00a3, 0x00c3, 0x08c3, 0x08c4, 0x08c4, 0x08c4, 0x08c4, 0x00a3, 0x00c3,
    0x08e4, 0x08c4, 0x08e4, 0x00c4, 0x08c4, 0x00c3, 0x00a3, 0x08c4, 0x08c4, 0x08c4, 0x08c3, 0x08c3, 0x08c4, 0x08e4, 0x08c4, 0x00a3,
    0x00a3, 0x08e4, 0x00c4, 0x00c4, 0x08c4, 0x08c4, 0x00c3, 0x00a3, 0x08a4, 0x08c4, 0x08c4, 0x00c3, 0x00c3, 0x00c3, 0x00c3, 0x00a3,
    0x00c4, 0x00c4, 0x00c3, 0x08c4, 0x08c4, 0x00a3, 0x00a3, 0x00c3, 0x08c3, 0x08c3, 0x00c3, 0x08c3, 0x00a3, 0x00a3, 0x08c4, 0x08a4,
    0x00a4, 0x08c4, 0x08a3, 0x00a2, 0x0083, 0x08c4, 0x08a4, 0x00a3, 0x08c3, 0x08c4, 0x00a3, 0x00a2, 0x00a3, 0x08a4, 0x08a3, 0x0883,
    0x08a4, 0x0083, 0x0062, 0x0883, 0x0883, 0x0883, 0x0883, 0x0883, 0x0062, 0x0062, 0x0083, 0x00a3, 0x00a3, 0x0083, 0x0883, 0x0882,
    0x0042, 0x0062, 0x0883, 0x0862, 0x0883, 0x0083, 0x0062, 0x0062, 0x0062, 0x0083, 0x0083, 0x0863, 0x0883, 0x0883, 0x0042, 0x0062,
    0x0883, 0x0883, 0x0063, 0x0063, 0x0062, 0x0021, 0x0042, 0x0863, 0x0063, 0x0062, 0x0063, 0x0042, 0x0021, 0x0041, 0x0042, 0x0043,
    0x0042, 0x0062, 0x0001, 0x0002, 0x0022, 0x0062, 0x0062, 0x0043, 0x0843, 0x0842, 0x0001, 0x0022, 0x0042, 0x0042, 0x0042, 0x0042,
    0x0022, 0x0001, 0x0021, 0x0022, 0x0042, 0x0022, 0x0042, 0x0021, 0x0021, 0x0021, 0x0042, 0x0042, 0x0042, 0x0022, 0x0001, 0x0021,
    0x0021, 0x0022, 0x0022, 0x0022, 0x0001, 0x0001, 0x0001, 0x0022, 0x0023, 0x0023, 0x0021, 0x0001, 0x0001, 0x0001, 0x0023, 0x0022,
    0x0042, 0x0022, 0x0001, 0x0001, 0x0022, 0x0022, 0x0022, 0x0022, 0x0001, 0x0000, 0x0021, 0x0022, 0x0021, 0x0022, 0x0001, 0x0001,
    0x0021, 0x0022, 0x0002, 0x0022, 0x0021, 0x0001, 0x0001, 0x0001, 0x0022, 0x0022, 0x0001, 0x0001, 0x0001, 0x0000, 0x0021, 0x0022,
    0x0022, 0x0022, 0x0022, 0x0022, 0x0022, 0x0022, 0x0002, 0x0022, 0x0001, 0x0001, 0x0022, 0x0022, 0x0002, 0x0022, 0x0022, 0x0001,
    0x0022, 0x0022, 0x0022, 0x0022, 0x0002, 0x0001, 0x0002, 0x0022, 0x0002, 0x0002, 0x0022, 0x0021, 0x0021, 0x0022, 0x0002, 0x0022,
    0x0021, 0x0021, 0x0021, 0x0022, 0x0022, 0x0021, 0x0022, 0x0023, 0x0001, 0x0021, 0x0022, 0x0022, 0x0022, 0x0022, 0x0021, 0x0021,
    0x0022, 0x0022, 0x0022, 0x0022, 0x0021, 0x0001, 0x0021, 0x0042, 0x0042, 0x0822, 0x0042, 0x0042, 0x0022, 0x0042, 0x0042, 0x0842,
    0x0842, 0x0042, 0x0022, 0x0843, 0x0043, 0x0023, 0x0023, 0x0042, 0x0042, 0x0042, 0x0042, 0x0042, 0x0042, 0x0042, 0x0043, 0x0043,
    0x0063, 0x0042, 0x0042, 0x0042, 0x0063, 0x0062, 0x0062, 0x0083, 0x0063, 0x0063, 0x0863, 0x0883, 0x0063, 0x0022, 0x0863, 0x0863,
    0x0863, 0x0062, 0x0082, 0x0063, 0x0022, 0x0062, 0x0863, 0x0863, 0x0863, 0x0883, 0x0883, 0x0063, 0x0083, 0x08a4, 0x0883, 0x0883,
    0x0883, 0x0883, 0x0062, 0x0062, 0x0883, 0x0883, 0x0083, 0x0884, 0x0883, 0x00a3, 0x0083, 0x08a3, 0x08a3, 0x08a3, 0x0884, 0x0884,
    0x0083, 0x0083, 0x00a3, 0x08a3, 0x00a3, 0x08a3, 0x08a3, 0x08c4, 0x00c3, 0x00c3, 0x08a4, 0x08a3, 0x08a3, 0x08a4, 0x08c4, 0x00a4,
    0x08c4, 0x08c3, 0x00a5, 0x00a4, 0x08c3, 0x08c4, 0x00a3, 0x00a3, 0x08c3, 0x08a4, 0x08c4, 0x08c3, 0x08c4, 0x00a3, 0x00a3, 0x08c3,
    0x08c4, 0x08c4, 0x08a3, 0x08c4, 0x00a3, 0x00a4, 0x08c4, 0x08c4, 0x08c4, 0x08c4, 0x08c4, 0x08c4, 0x00a4, 0x08c4, 0x08e4, 0x00c4,
    0x00c4, 0x08c4, 0x08c4, 0x00c3, 0x08e4, 0x08c4, 0x08c4, 0x08c4, 0x08c4, 0x08c4, 0x08c4, 0x00e3, 0x00e3, 0x08e4, 0x08c4, 0x08e4,
    0x08c4, 0x08c4, 0x08e4, 0x00c4, 0x00c4, 0x08c4, 0x08c4, 0x08c4, 0x00c4, 0x08e4, 0x08e3, 0x08e4, 0x08e4, 0x08e4, 0x08c4, 0x08e4,
    0x08e4, 0x08e4, 0x00c3, 0x08e4, 0x08c4, 0x08c4, 0x08c3, 0x08c4, 0x08c4, 0x08c4, 0x08e3, 0x08c4, 0x08c3, 0x08e3, 0x00c4, 0x00c4,
    0x08a4, 0x08e4, 0x08e3, 0x00a3, 0x00c4, 0x08c4, 0x08c4, 0x00c4, 0x08e4, 0x00e4, 0x00a3, 0x00e3, 0x0904, 0x08e4, 0x08e4, 0x08c4,
    0x08c4, 0x00c3, 0x00c3, 0x08e4, 0x08a3, 0x08a3, 0x00a3, 0x08c3, 0x00a3, 0x00a3, 0x00c3, 0x08a4, 0x00a4, 0x08c4, 0x08c4, 0x00e3,
    0x00c3, 0x08a4, 0x08c4, 0x08c3, 0x08a3, 0x08a4, 0x08a4, 0x00a3, 0x00c3, 0x08a3, 0x00a3, 0x0883, 0x08a4, 0x00c3, 0x00a3, 0x0883,
    0x08a3, 0x08a3, 0x0883, 0x0883, 0x0883, 0x0042, 0x0083, 0x0083, 0x0083, 0x0883, 0x08a3, 0x08a3, 0x00a3, 0x00a3, 0x0883, 0x0883,
    0x0883, 0x08a3, 0x08a3, 0x0043, 0x0884, 0x0863, 0x0863, 0x0863, 0x0862, 0x0083, 0x0063, 0x0082, 0x0083, 0x0864, 0x0083, 0x0062,
    0x0083, 0x0082, 0x0063, 0x0863, 0x0063, 0x0063, 0x0863, 0x0863, 0x0022, 0x0042, 0x0062, 0x0043, 0x0063, 0x0063, 0x0062, 0x0021,
    0x0042, 0x0062, 0x0042, 0x0043, 0x0043, 0x0062, 0x0042, 0x0042, 0x0042, 0x0042, 0x0042, 0x0042, 0x0042, 0x0021, 0x0021, 0x0042,
    0x0043, 0x0043, 0x0043, 0x0042, 0x0001, 0x0042, 0x0042, 0x0842, 0x0042, 0x0043, 0x0001, 0x0021, 0x0042, 0x0022, 0x0022, 0x0022,
    0x0022, 0x0001, 0x0021, 0x0002, 0x0003, 0x0023, 0x0022, 0x0002, 0x0001, 0x0022, 0x0022, 0x0022, 0x0022, 0x0042, 0x0001, 0x0021,
    0x0021, 0x0003, 0x0022, 0x0022, 0x0001, 0x0000, 0x0022, 0x0002, 0x0022, 0x0001, 0x0042, 0x0022, 0x0022, 0x0022, 0x0022, 0x0022,
    0x0022, 0x0001, 0x0001, 0x0022, 0x0002, 0x0002, 0x0022, 0x0021, 0x0001, 0x0002, 0x0002, 0x0022, 0x0022, 0x0022, 0x0022, 0x0022,
    0x0022, 0x0022, 0x0021, 0x0021, 0x1964, 0x1924, 0x0021, 0x0021, 0x0002, 0x0001, 0x0021, 0x10c2, 0x0021, 0x0022, 0x0022, 0x0021,
    0x0061, 0x21a5, 0x10e3, 0x0021, 0x0022, 0x0022, 0x0000, 0x0881, 0x08a2, 0x0001, 0x0022, 0x0021, 0x0000, 0x0041, 0x10c3, 0x0021,
    0x0022, 0x0042, 0x0022, 0x0062, 0x21a5, 0x1104, 0x0022, 0x0023, 0x0042, 0x0001, 0x0081, 0x08a2, 0x0022, 0x0021, 0x0021, 0x0001,
    0x08a2, 0x21a5, 0x0881, 0x0021, 0x0042, 0x0042, 0x0021, 0x08c2, 0x08c3, 0x0042, 0x0042, 0x0043, 0x0022, 0x0041, 0x10e3, 0x0042,
    0x0042, 0x0022, 0x0042, 0x0021, 0x0882, 0x08a3, 0x0042, 0x0042, 0x0042, 0x0042, 0x0041, 0x10e3, 0x0082, 0x0042, 0x0043, 0x0043,
    0x0062, 0x0082, 0x1104, 0x0062, 0x0063, 0x0863, 0x0883, 0x0062, 0x08e3, 0x21c6, 0x08c2, 0x0082, 0x0083, 0x0063, 0x0063, 0x0082,
    0x21c5, 0x1103, 0x0062, 0x0083, 0x0083, 0x08a3, 0x00a2, 0x19c5, 0x19c5, 0x00a2, 0x08a4, 0x0883, 0x00a3, 0x0062, 0x1964, 0x21a5,
    0x0082, 0x0883, 0x08a3, 0x0883, 0x00a3, 0x00e2, 0x1144, 0x00c3, 0x08a3, 0x08a3, 0x08a3, 0x0082, 0x0903, 0x21c5, 0x08c3, 0x0082,
    0x08a3, 0x08a3, 0x08c3, 0x00a3, 0x0943, 0x00e3, 0x00c4, 0x08c4, 0x08c3, 0x08c4, 0x00a2, 0x1164, 0x0903, 0x00c3, 0x00c4, 0x00c4,
    0x00c4, 0x00c3, 0x19c5, 0x1164, 0x00a3, 0x08c4, 0x08c3, 0x00c4, 0x00e3, 0x19c5, 0x19e5, 0x00e3, 0x08e4, 0x08c4, 0x08c4, 0x00a3,
    0x11a5, 0x19e6, 0x00e3, 0x08c4, 0x08c4, 0x08e4, 0x00c3, 0x1164, 0x2226, 0x0103, 0x00e3, 0x08e4, 0x08e4, 0x00c3, 0x00e2, 0x1164,
    0x00e3, 0x08e4, 0x08e4, 0x08c4, 0x08c4, 0x08e3, 0x00c2, 0x19a5, 0x19c5, 0x00e3, 0x08c4, 0x08e4, 0x08c4, 0x00c3, 0x00e2, 0x1184,
    0x0904, 0x08c4, 0x08e4, 0x08e4, 0x08e4, 0x00c2, 0x1124, 0x0924, 0x00e3, 0x08e4, 0x08e4, 0x08c4, 0x00c3, 0x0103, 0x1165, 0x08e4,
    0x00e4, 0x08e4, 0x08e3, 0x08c4, 0x08c4, 0x08c4, 0x00c3, 0x0924, 0x0924, 0x00c3, 0x08e4, 0x08c4, 0x08c4, 0x00c3, 0x00e2, 0x1164,
    0x00e3, 0x00e4, 0x08c4, 0x08c4, 0x00c3, 0x0903, 0x2206, 0x1164, 0x00e3, 0x08e4, 0x08e4, 0x08e4, 0x00c3, 0x0944, 0x1144, 0x00c3,
    0x00c4, 0x00c4, 0x00c3, 0x0082, 0x08e3, 0x0924, 0x00a3, 0x08c3, 0x08c4, 0x00c4, 0x00a3, 0x0923, 0x1164, 0x08a4, 0x00c3, 0x08c4,
    0x08c4, 0x00a3, 0x1144, 0x2206, 0x0903, 0x08a3, 0x08a4, 0x08a4, 0x08a3, 0x00c2, 0x1165, 0x00c3, 0x08a3, 0x0883, 0x0883, 0x0083,
    0x08c3, 0x21e5, 0x08e2, 0x0062, 0x0883, 0x0883, 0x08a3, 0x00a2, 0x1144, 0x08c3, 0x00a3, 0x08a4, 0x08a3, 0x08a3, 0x0062, 0x0903,
    0x08a3, 0x0863, 0x0863, 0x0883, 0x0083, 0x0061, 0x1103, 0x08c3, 0x0083, 0x0083, 0x0083, 0x0883, 0x0062, 0x0923, 0x08a3, 0x0063,
    0x0063, 0x0063, 0x0062, 0x0082, 0x21c6, 0x0902, 0x0042, 0x0063, 0x0062, 0x0042, 0x08c2, 0x21e5, 0x1103, 0x0042, 0x0042, 0x0043,
    0x0062, 0x0021, 0x08e3, 0x08a3, 0x0042, 0x0042, 0x0042, 0x0042, 0x0062, 0x21a5, 0x10e3, 0x0041, 0x0043, 0x0043, 0x0042, 0x0903,
    0x21e6, 0x08c2, 0x0042, 0x0023, 0x0042, 0x0041, 0x1944, 0x1924, 0x0020, 0x0021, 0x0042, 0x0021, 0x0882, 0x21a5, 0x08c2, 0x0021,
    0x0042, 0x0042, 0x0021, 0x1124, 0x1985, 0x0061, 0x0022, 0x0022, 0x0022, 0x0021, 0x10c2, 0x0041, 0x0021, 0x0022, 0x0001, 0x0020,
    0x1944, 0x1924, 0x0021, 0x0022, 0x0022, 0x0021, 0x0021, 0x10c3, 0x0042, 0x0022, 0x0022, 0x0022, 0x0001, 0x08c2, 0x08c2, 0x0001,
    0x0002, 0x0021, 0x0001, 0x0040, 0x10c2, 0x0021, 0x0002, 0x0021, 0x0022, 0x0022, 0x0022, 0x0022, 0x0022, 0x0022, 0x0000, 0x29e6,
    0x3247, 0x42c9, 0x1944, 0x0000, 0x0021, 0x0021, 0x4288, 0x4309, 0x0040, 0x0001, 0x0022, 0x0021, 0x42c8, 0x3a67, 0x4b29, 0x08c2,
    0x0002, 0x0001, 0x10a2, 0x4b0a, 0x3206, 0x0000, 0x0022, 0x0001, 0x0041, 0x3a68, 0x4b2a, 0x0061, 0x0022, 0x0023, 0x0021, 0x3aa8,
    0x3a67, 0x432a, 0x1104, 0x0002, 0x0042, 0x0882, 0x4aea, 0x3a68, 0x0000, 0x0041, 0x0021, 0x0041, 0x42c9, 0x3246, 0x3ac8, 0x0041,
    0x0042, 0x0042, 0x1904, 0x538b, 0x2a27, 0x0021, 0x0063, 0x0042, 0x0041, 0x3a67, 0x534a, 0x0060, 0x0041, 0x0042, 0x0041, 0x10e3,
    0x532b, 0x2a06, 0x0021, 0x0063, 0x0063, 0x0041, 0x29e6, 0x536b, 0x0902, 0x0022, 0x0062, 0x0062, 0x0882, 0x42a9, 0x4b2a, 0x0062,
    0x0063, 0x0063, 0x0062, 0x08e3, 0x3ac9, 0x2a67, 0x32a8, 0x0081, 0x0083, 0x0083, 0x0062, 0x3aa8, 0x3a67, 0x432a, 0x08e3, 0x0063,
    0x08a3, 0x0082, 0x2a26, 0x3b08, 0x4349, 0x21c5, 0x0062, 0x08c3, 0x0062, 0x1164, 0x42e9, 0x3aa8, 0x2a27, 0x0062, 0x08a3, 0x08a3,
    0x00c3, 0x430a, 0x4b6a, 0x00c2, 0x00c3, 0x08c3, 0x00a2, 0x08e2, 0x42c8, 0x3287, 0x3ae9, 0x00a2, 0x08a3, 0x08c3, 0x00a2, 0x2a07,
    0x53ab, 0x1164, 0x00c4, 0x08c4, 0x08e3, 0x00c3, 0x2206, 0x53ab, 0x19c4, 0x00a2, 0x00c4, 0x08c4, 0x0082, 0x3267, 0x3ae8, 0x434a,
    0x1184, 0x00c3, 0x08e4, 0x00a3, 0x2246, 0x3ae8, 0x3b29, 0x2246, 0x00c3, 0x08e4, 0x00c4, 0x19a6, 0x3b29, 0x3b08, 0x2a87, 0x00a3,
    0x08e4, 0x00c3, 0x1184, 0x3ae9, 0x32c7, 0x3ae9, 0x00e2, 0x08e4, 0x08c4, 0x08e3, 0x3ac9, 0x4b6b, 0x0103, 0x08e4, 0x08e4, 0x08e4,
    0x08e4, 0x00c2, 0x19e5, 0x3b29, 0x4329, 0x2206, 0x00c3, 0x0904, 0x08e4, 0x00e3, 0x2226, 0x53cb, 0x1184, 0x00c3, 0x08e4, 0x08e4,
    0x00c3, 0x1185, 0x53ac, 0x2226, 0x00c2, 0x0904, 0x08e4, 0x08e4, 0x08e3, 0x3ac9, 0x4b6b, 0x0903, 0x08e4, 0x08e4, 0x08e4, 0x08c4,
    0x08c4, 0x00c3, 0x1165, 0x4bab, 0x2247, 0x00c3, 0x08e4, 0x08c4, 0x00c4, 0x08e3, 0x32a8, 0x436a, 0x0103, 0x00e4, 0x08e4, 0x08e4,
    0x00e3, 0x3b09, 0x32e7, 0x436a, 0x0923, 0x08c4, 0x08e4, 0x00e4, 0x1185, 0x4b8b, 0x2246, 0x0082, 0x08c4, 0x00c3, 0x00a2, 0x1144,
    0x4b6b, 0x2a67, 0x0082, 0x08c4, 0x08c4, 0x00c4, 0x0924, 0x432a, 0x3b09, 0x00a3, 0x00e3, 0x00c4, 0x00a4, 0x0903, 0x4309, 0x3ae8,
    0x3ac8, 0x00a2, 0x08c4, 0x00c3, 0x00c3, 0x3268, 0x53cc, 0x0923, 0x0083, 0x08a3, 0x08a3, 0x0081, 0x3ac8, 0x32a7, 0x4309, 0x08a2,
    0x0863, 0x0883, 0x00a3, 0x2a07, 0x53cc, 0x1985, 0x0082, 0x08c3, 0x08a3, 0x0082, 0x2a07, 0x53ab, 0x1143, 0x0062, 0x0883, 0x0883,
    0x0062, 0x21a5, 0x538b, 0x1964, 0x0042, 0x0083, 0x0083, 0x0062, 0x29c6, 0x53ab, 0x1124, 0x0062, 0x0083, 0x0883, 0x0061, 0x3287,
    0x3a87, 0x4329, 0x08c2, 0x0043, 0x0863, 0x0061, 0x3aa8, 0x32a7, 0x4309, 0x08c3, 0x0042, 0x0062, 0x0042, 0x2165, 0x5b8c, 0x2185,
    0x0001, 0x0062, 0x0062, 0x0021, 0x3a68, 0x3a88, 0x4b09, 0x10e3, 0x0041, 0x0042, 0x08c2, 0x4ae9, 0x3287, 0x4309, 0x0041, 0x0043,
    0x0001, 0x29a5, 0x3a88, 0x42e9, 0x1964, 0x0001, 0x0042, 0x0041, 0x3aa9, 0x3247, 0x4b29, 0x08a2, 0x0022, 0x0001, 0x2185, 0x42c9,
    0x42c8, 0x3246, 0x0000, 0x0042, 0x0021, 0x29e6, 0x536b, 0x08c2, 0x0001, 0x0042, 0x0000, 0x29c5, 0x4288, 0x42a8, 0x29c5, 0x0000,
    0x0022, 0x0021, 0x3207, 0x536b, 0x08c2, 0x0002, 0x0022, 0x0001, 0x10c3, 0x532a, 0x2a06, 0x0000, 0x0022, 0x0021, 0x0021, 0x4268,
    0x4b0a, 0x0021, 0x0001, 0x0021, 0x0022, 0x0022, 0x0022, 0x0022, 0x0022, 0x0022, 0x0021, 0x3ae9, 0x0060, 0x3267, 0x3247, 0x0000,
    0x0022, 0x0021, 0x1923, 0x3aa7, 0x0041, 0x0002, 0x0002, 0x0882, 0x4308, 0x0060, 0x4b29, 0x1984, 0x0001, 0x0022, 0x0842, 0x21a4,
    0x2a05, 0x0000, 0x0022, 0x0001, 0x0021, 0x1103, 0x3ae8, 0x0082, 0x0022, 0x0002, 0x00a3, 0x4309, 0x0040, 0x4329, 0x21c5, 0x0001,
    0x0022, 0x0862, 0x2184, 0x3267, 0x0000, 0x0022, 0x0001, 0x10e3, 0x3267, 0x0060, 0x4b6a, 0x10c2, 0x0022, 0x0062, 0x0882, 0x2a46,
    0x3267, 0x0001, 0x0843, 0x0042, 0x0042, 0x1923, 0x3ac8, 0x0061, 0x0021, 0x0042, 0x0042, 0x0862, 0x29e5, 0x3267, 0x0021, 0x0063,
    0x0063, 0x0063, 0x10e3, 0x3ac8, 0x1123, 0x0022, 0x0043, 0x0062, 0x0883, 0x1964, 0x3ae8, 0x0882, 0x0063, 0x0083, 0x0042, 0x2185,
    0x2a66, 0x0101, 0x4329, 0x08c2, 0x0063, 0x0063, 0x08e2, 0x4329, 0x00a0, 0x436a, 0x1985, 0x0042, 0x08a3, 0x0082, 0x3b09, 0x0962,
    0x32e7, 0x3aa8, 0x0042, 0x08c3, 0x0022, 0x3287, 0x11a3, 0x19a4, 0x4329, 0x0082, 0x08a4, 0x00a3, 0x00c3, 0x19e5, 0x3b49, 0x00e3,
    0x00c3, 0x08c3, 0x0062, 0x21c5, 0x2a66, 0x0901, 0x4baa, 0x0903, 0x0083, 0x08a3, 0x08e4, 0x1164, 0x3b49, 0x11c4, 0x00a3, 0x08c4,
    0x08e4, 0x08e4, 0x1143, 0x32a7, 0x1a05, 0x00a3, 0x08c4, 0x00c3, 0x08c3, 0x3b09, 0x0121, 0x3b49, 0x2246, 0x00a3, 0x08e5, 0x00a3,
    0x3b08, 0x1183, 0x2a86, 0x3b08, 0x00a3, 0x08e4, 0x00a2, 0x32a8, 0x1a04, 0x1a04, 0x434a, 0x00c3, 0x0905, 0x00a3, 0x2a48, 0x2246,
    0x0962, 0x4b8a, 0x0903, 0x08e4, 0x08e4, 0x0904, 0x11e5, 0x3b28, 0x0943, 0x08e4, 0x08e4, 0x08e4, 0x08e4, 0x00c2, 0x3b09, 0x11e3,
    0x2286, 0x3b09, 0x00c3, 0x0904, 0x08e4, 0x0904, 0x1163, 0x3308, 0x11c4, 0x08c4, 0x08e4, 0x08e4, 0x08c4, 0x1144, 0x2ac7, 0x2266,
    0x00c2, 0x08e5, 0x08e4, 0x08e4, 0x0904, 0x19a4, 0x3b29, 0x0923, 0x08e4, 0x08e4, 0x08e4, 0x08e4, 0x08e4, 0x08e4, 0x0923, 0x2a86,
    0x2a66, 0x00c2, 0x08e4, 0x08e4, 0x08e4, 0x0904, 0x11c4, 0x3b28, 0x0123, 0x08e4, 0x08e4, 0x00c4, 0x1184, 0x4349, 0x0121, 0x4bca,
    0x19a5, 0x00a3, 0x08e4, 0x08e4, 0x0923, 0x2aa6, 0x2266, 0x0082, 0x08c4, 0x08c3, 0x00a3, 0x0903, 0x2a46, 0x2a66, 0x0082, 0x08c4,
    0x08c3, 0x08c3, 0x0924, 0x2225, 0x3308, 0x00c3, 0x08e4, 0x08c4, 0x0083, 0x21e6, 0x2aa6, 0x11a3, 0x4baa, 0x0103, 0x00c3, 0x00c3,
    0x08c4, 0x0964, 0x3b49, 0x1144, 0x00a2, 0x08a3, 0x0082, 0x1123, 0x42e9, 0x08e1, 0x4b6a, 0x1123, 0x0062, 0x00a3, 0x08c3, 0x1123,
    0x3b08, 0x19c5, 0x0083, 0x08a3, 0x08c3, 0x08c3, 0x1164, 0x3b08, 0x1964, 0x0042, 0x0883, 0x0863, 0x0082, 0x08e2, 0x3287, 0x19a4,
    0x0042, 0x0883, 0x0083, 0x0083, 0x10e3, 0x3ae8, 0x1984, 0x0062, 0x0883, 0x0863, 0x08c2, 0x4308, 0x00a1, 0x4b49, 0x2184, 0x0022,
    0x0042, 0x08e2, 0x4349, 0x00a0, 0x4b69, 0x2185, 0x0021, 0x0062, 0x0042, 0x10a2, 0x3267, 0x21a5, 0x0001, 0x0062, 0x0042, 0x08a2,
    0x4b29, 0x0080, 0x4b29, 0x21a5, 0x0021, 0x0021, 0x2185, 0x2a26, 0x00c0, 0x4b8b, 0x08a2, 0x0021, 0x0000, 0x3a67, 0x08e1, 0x3246,
    0x3288, 0x0001, 0x0001, 0x1124, 0x3aa7, 0x0040, 0x4b8a, 0x2164, 0x0002, 0x0001, 0x3267, 0x1963, 0x21a4, 0x4309, 0x0000, 0x0021,
    0x0022, 0x10a2, 0x3aa8, 0x10e3, 0x0002, 0x0022, 0x0000, 0x3a88, 0x10e2, 0x29e5, 0x3aa7, 0x0000, 0x0002, 0x0042, 0x1103, 0x42c8,
    0x08e2, 0x0001, 0x0022, 0x0021, 0x0862, 0x29c5, 0x2a06, 0x0000, 0x0042, 0x0001, 0x0042, 0x1923, 0x3aa7, 0x0021, 0x0002, 0x0002,
    0x0022, 0x0022, 0x0022, 0x0022, 0x0022, 0x0022, 0x0021, 0x3aa8, 0x2184, 0x3247, 0x3247, 0x0000, 0x0022, 0x0001, 0x0861, 0x4288,
    0x0021, 0x0002, 0x0001, 0x08c2, 0x3ac7, 0x1963, 0x42e8, 0x21a5, 0x0001, 0x0022, 0x0000, 0x1923, 0x3227, 0x0000, 0x0002, 0x0022,
    0x0002, 0x0041, 0x42c9, 0x0862, 0x0022, 0x0022, 0x08c3, 0x3aa7, 0x1963, 0x4308, 0x21e5, 0x0001, 0x0843, 0x0000, 0x1103, 0x3a68,
    0x0000, 0x0022, 0x0001, 0x1123, 0x3267, 0x1984, 0x4309, 0x10e3, 0x0002, 0x0863, 0x0001, 0x29e5, 0x3247, 0x0002, 0x0843, 0x0042,
    0x0002, 0x0061, 0x42a8, 0x0061, 0x0002, 0x0022, 0x0043, 0x0001, 0x1984, 0x3267, 0x0021, 0x0863, 0x0043, 0x0863, 0x0041, 0x3ac8,
    0x1123, 0x0022, 0x0043, 0x0063, 0x0042, 0x08a2, 0x42e9, 0x0882, 0x0063, 0x0083, 0x0042, 0x2185, 0x2a65, 0x2205, 0x3ae8, 0x08c2,
    0x0062, 0x0062, 0x1123, 0x3b08, 0x19c4, 0x3b29, 0x21c6, 0x0043, 0x08a4, 0x00a3, 0x3b08, 0x2225, 0x3287, 0x3287, 0x0041, 0x00a3,
    0x0042, 0x3287, 0x2225, 0x2a46, 0x3b08, 0x00c3, 0x0884, 0x00a4, 0x00a3, 0x0923, 0x4349, 0x00c3, 0x00a4, 0x08c3, 0x0062, 0x21c5,
    0x2a87, 0x19c4, 0x3b28, 0x0944, 0x0083, 0x08a4, 0x00c4, 0x00a2, 0x3309, 0x19c5, 0x00a3, 0x08c4, 0x08c4, 0x08e4, 0x0082, 0x3288,
    0x19e6, 0x0083, 0x08c4, 0x08a3, 0x08e3, 0x32e8, 0x1a05, 0x32e8, 0x2a67, 0x00a3, 0x08e4, 0x00c3, 0x32c7, 0x2286, 0x3307, 0x32e7,
    0x00c3, 0x08e4, 0x00a2, 0x32a8, 0x2286, 0x2ac7, 0x3b29, 0x00e3, 0x08e4, 0x00a2, 0x2a47, 0x2aa7, 0x2aa6, 0x4349, 0x0903, 0x08e4,
    0x08e4, 0x08e5, 0x0123, 0x3b29, 0x0143, 0x0904, 0x08e4, 0x08e4, 0x08e4, 0x00c3, 0x32e8, 0x2245, 0x2aa6, 0x32c8, 0x00a3, 0x08c4,
    0x08e5, 0x08e4, 0x00c2, 0x3b09, 0x19e5, 0x08a3, 0x08c4, 0x08e4, 0x10e4, 0x00a2, 0x2266, 0x2a67, 0x00a3, 0x08e5, 0x08e4, 0x08e4,
    0x00c4, 0x0123, 0x434a, 0x0944, 0x08e4, 0x08e4, 0x08e4, 0x08e4, 0x08e4, 0x10e5, 0x00a2, 0x2246, 0x2a67, 0x00a3, 0x08e4, 0x08e4,
    0x08e4, 0x08c4, 0x0123, 0x3b4a, 0x0924, 0x08e4, 0x08e4, 0x00c4, 0x1184, 0x3b28, 0x1a45, 0x3b48, 0x19c5, 0x00c3, 0x08e4, 0x08e5,
    0x00a2, 0x2246, 0x2a67, 0x0082, 0x08c4, 0x08a4, 0x08c4, 0x0062, 0x19e6, 0x3288, 0x00a2, 0x08e4, 0x08e3, 0x08e3, 0x00c3, 0x11a4,
    0x3b09, 0x00a3, 0x08c4, 0x08c4, 0x0083, 0x2206, 0x32c7, 0x2225, 0x4349, 0x0944, 0x00a4, 0x08c4, 0x08c4, 0x00c2, 0x3b29, 0x1144,
    0x0083, 0x08a4, 0x0062, 0x1944, 0x3ae9, 0x19c4, 0x3ae8, 0x1964, 0x0063, 0x00a4, 0x08a4, 0x0062, 0x3ac8, 0x19c5, 0x0083, 0x08a4,
    0x08a3, 0x08a4, 0x0081, 0x3b08, 0x1985, 0x0043, 0x0883, 0x0864, 0x0883, 0x0021, 0x3267, 0x1985, 0x0022, 0x0883, 0x0083, 0x0883,
    0x0041, 0x3287, 0x1965, 0x0042, 0x0863, 0x0043, 0x08e3, 0x3ac7, 0x21c5, 0x3ae8, 0x21a5, 0x0022, 0x0062, 0x0903, 0x4328, 0x21c4,
    0x4328, 0x2185, 0x0002, 0x0843, 0x0043, 0x0000, 0x3227, 0x29a6, 0x0001, 0x0062, 0x0042, 0x10e2, 0x4309, 0x19a3, 0x3ae8, 0x2a06,
    0x0022, 0x0022, 0x1965, 0x2a46, 0x21c4, 0x42c9, 0x10c3, 0x0001, 0x0001, 0x3247, 0x2184, 0x3267, 0x3a67, 0x0021, 0x0022, 0x1964,
    0x32a7, 0x2165, 0x4329, 0x2185, 0x0002, 0x0001, 0x2a06, 0x21c5, 0x2a26, 0x3aa8, 0x0001, 0x0022, 0x0022, 0x0000, 0x42a8, 0x10e3,
    0x0002, 0x0042, 0x0001, 0x3267, 0x2a06, 0x3267, 0x3a67, 0x0001, 0x0002, 0x0022, 0x0000, 0x42a8, 0x10c2, 0x0001, 0x0002, 0x0022,
    0x0000, 0x2164, 0x3207, 0x0000, 0x0022, 0x0002, 0x0001, 0x0061, 0x42a8, 0x0021, 0x0002, 0x0002, 0x0022, 0x0022, 0x0022, 0x0022,
    0x0022, 0x0022, 0x0021, 0x42e9, 0x29c5, 0x1983, 0x3a67, 0x0000, 0x0022, 0x0001, 0x0081, 0x3a87, 0x0020, 0x0001, 0x0001, 0x0882,
    0x4b29, 0x1122, 0x2a05, 0x29c5, 0x0000, 0x0022, 0x0000, 0x1143, 0x2a46, 0x0000, 0x0022, 0x0022, 0x0022, 0x0061, 0x42c8, 0x0061,
    0x0022, 0x0022, 0x00a2, 0x4309, 0x1943, 0x2a25, 0x29e6, 0x0001, 0x0842, 0x0001, 0x1923, 0x3a88, 0x0000, 0x0042, 0x0000, 0x1103,
    0x4329, 0x0902, 0x3aa8, 0x1103, 0x0022, 0x0863, 0x0001, 0x21c5, 0x2a26, 0x0001, 0x0043, 0x0042, 0x0022, 0x0081, 0x3aa8, 0x0061,
    0x0022, 0x0022, 0x0042, 0x0001, 0x19a4, 0x2a67, 0x0001, 0x0863, 0x0063, 0x0063, 0x0061, 0x3ac8, 0x1143, 0x0022, 0x0063, 0x0083,
    0x0062, 0x00a2, 0x3ac8, 0x0081, 0x0063, 0x0083, 0x0042, 0x1964, 0x3ae7, 0x1142, 0x3287, 0x10e3, 0x0083, 0x0083, 0x0903, 0x438a,
    0x19c3, 0x2aa7, 0x21e6, 0x0062, 0x08a3, 0x0082, 0x3b28, 0x2aa7, 0x1183, 0x3aa7, 0x0061, 0x00a3, 0x0041, 0x2a47, 0x3ae8, 0x1183,
    0x3b29, 0x00c2, 0x08a4, 0x00a3, 0x00a3, 0x0923, 0x3b29, 0x00a2, 0x08a3, 0x08c3, 0x0062, 0x19c5, 0x436a, 0x0941, 0x32e7, 0x1164,
    0x0083, 0x08c4, 0x00c4, 0x00a3, 0x3b08, 0x11a4, 0x00c3, 0x08c4, 0x08c4, 0x08c4, 0x0082, 0x2a67, 0x19c5, 0x0082, 0x08c4, 0x00c3,
    0x00c2, 0x3b49, 0x1a24, 0x2225, 0x3288, 0x00a3, 0x0904, 0x00a2, 0x3b08, 0x2ae7, 0x1204, 0x3b08, 0x00a3, 0x08e4, 0x00a2, 0x2a87,
    0x3b28, 0x11e3, 0x32e8, 0x00c3, 0x08e4, 0x00c2, 0x2226, 0x436a, 0x11e3, 0x3b29, 0x0923, 0x08e4, 0x08e4, 0x08e4, 0x0943, 0x3309,
    0x0143, 0x08e4, 0x08e4, 0x08e4, 0x08e4, 0x00c2, 0x32e8, 0x3307, 0x11c3, 0x3b09, 0x00c3, 0x08e4, 0x08e4, 0x0904, 0x00e2, 0x32e8,
    0x11c4, 0x00c3, 0x08e4, 0x08e4, 0x08e4, 0x00c2, 0x2266, 0x2a67, 0x00a2, 0x08e4, 0x08e4, 0x08e4, 0x00c4, 0x0923, 0x4349, 0x0923,
    0x08e4, 0x08e4, 0x08e4, 0x08e4, 0x08e4, 0x08e5, 0x00a3, 0x2245, 0x2a87, 0x00a3, 0x08e4, 0x08e4, 0x08e4, 0x08c4, 0x0943, 0x3b29,
    0x0103, 0x08e4, 0x08e4, 0x00c4, 0x0984, 0x4baa, 0x11e3, 0x2ac7, 0x21e6, 0x00a3, 0x08e4, 0x08e5, 0x00a3, 0x2246, 0x2a66, 0x0082,
    0x08c4, 0x08c4, 0x08c4, 0x0083, 0x2206, 0x2aa8, 0x00a3, 0x08e5, 0x08e4, 0x08e4, 0x00c3, 0x11a4, 0x3ae8, 0x00a2, 0x08e4, 0x08c4,
    0x0082, 0x21e5, 0x438a, 0x0982, 0x3b08, 0x0944, 0x00a3, 0x08c4, 0x08c4, 0x00c2, 0x3b09, 0x1144, 0x0083, 0x08a4, 0x0082, 0x1123,
    0x4b8b, 0x0962, 0x2a86, 0x19a5, 0x0062, 0x00a3, 0x08a4, 0x0062, 0x3ac8, 0x19c5, 0x0083, 0x08a3, 0x08a3, 0x08c4, 0x0081, 0x3b08,
    0x1984, 0x0062, 0x08a3, 0x0864, 0x0883, 0x0041, 0x2a67, 0x1985, 0x0022, 0x0083, 0x0083, 0x0083, 0x0041, 0x3287, 0x1944, 0x0042,
    0x0883, 0x0062, 0x08c2, 0x4b6a, 0x19a3, 0x2a66, 0x21c5, 0x0022, 0x0062, 0x08e2, 0x4b8a, 0x1983, 0x3266, 0x21a5, 0x0001, 0x0042,
    0x0063, 0x0000, 0x3227, 0x21c6, 0x0001, 0x0062, 0x0042, 0x08c2, 0x53aa, 0x19a3, 0x2a45, 0x2a06, 0x0001, 0x0021, 0x1944, 0x4329,
    0x1102, 0x3a88, 0x10c2, 0x0021, 0x0020, 0x3a87, 0x2a06, 0x1963, 0x3a87, 0x0021, 0x0042, 0x1123, 0x4b6a, 0x1103, 0x3aa7, 0x29c6,
    0x0001, 0x0000, 0x2a06, 0x3246, 0x1102, 0x3aa8, 0x0001, 0x0021, 0x0021, 0x0000, 0x42c8, 0x10e2, 0x0001, 0x0042, 0x0001, 0x3a87,
    0x3267, 0x1943, 0x3a88, 0x0000, 0x0022, 0x0022, 0x0000, 0x3a67, 0x08a1, 0x0000, 0x0002, 0x0022, 0x0000, 0x2184, 0x3226, 0x0000,
    0x0022, 0x0002, 0x0001, 0x0882, 0x42a8, 0x0021, 0x0002, 0x0002, 0x0022, 0x0022, 0x0022, 0x0022, 0x0022, 0x0022, 0x0000, 0x4309,
    0x1984, 0x2a05, 0x3226, 0x0000, 0x0022, 0x0001, 0x08e2, 0x4309, 0x00a1, 0x0001, 0x0021, 0x0041, 0x534b, 0x08c1, 0x3a67, 0x1944,
    0x0000, 0x0022, 0x0021, 0x21a4, 0x3ac8, 0x0041, 0x0042, 0x0042, 0x0021, 0x08c2, 0x4329, 0x08c2, 0x0021, 0x0042, 0x0020, 0x4b0a,
    0x1103, 0x3a47, 0x2165, 0x0001, 0x0042, 0x0021, 0x2164, 0x42e9, 0x0061, 0x0042, 0x0021, 0x10e2, 0x534a, 0x08c1, 0x4ae9, 0x08c2,
    0x0041, 0x0062, 0x0021, 0x2a26, 0x3287, 0x0021, 0x0042, 0x0062, 0x0021, 0x08e2, 0x4309, 0x08c2, 0x0042, 0x0042, 0x0062, 0x0041,
    0x2a05, 0x3ac8, 0x0061, 0x0082, 0x0083, 0x0062, 0x00a1, 0x3b08, 0x19a4, 0x0062, 0x0082, 0x0082, 0x0062, 0x1123, 0x4329, 0x08c2,
    0x0063, 0x0083, 0x0042, 0x1944, 0x4329, 0x08e1, 0x42ea, 0x08c3, 0x0883, 0x0083, 0x00c3, 0x53ab, 0x1162, 0x3b08, 0x19a5, 0x0083,
    0x08a3, 0x0061, 0x3ae8, 0x2a46, 0x2205, 0x3246, 0x0061, 0x08a4, 0x0062, 0x2a27, 0x3ac8, 0x19a4, 0x42e9, 0x0081, 0x08a3, 0x00a3,
    0x00a2, 0x1163, 0x4329, 0x08e3, 0x00a3, 0x08c3, 0x0083, 0x1184, 0x4bab, 0x0942, 0x434a, 0x0923, 0x00a3, 0x08e3, 0x08e4, 0x08e3,
    0x4349, 0x19e5, 0x00c3, 0x08e4, 0x08c3, 0x08c3, 0x00c2, 0x32c7, 0x2225, 0x00a3, 0x00c4, 0x00e4, 0x00a2, 0x436a, 0x19c4, 0x32a7,
    0x2226, 0x00a3, 0x0904, 0x00c3, 0x3b29, 0x2a86, 0x1a25, 0x32e9, 0x00a3, 0x08e4, 0x00a3, 0x2a68, 0x3b08, 0x11c3, 0x3b09, 0x00a3,
    0x08e4, 0x00c3, 0x2206, 0x434a, 0x0962, 0x436a, 0x0903, 0x08e4, 0x0904, 0x08e4, 0x1184, 0x3b49, 0x0964, 0x08e4, 0x08e4, 0x08e4,
    0x0905, 0x00c2, 0x32e8, 0x2ac7, 0x1a24, 0x32e8, 0x00c3, 0x0904, 0x0904, 0x0904, 0x0923, 0x3b29, 0x1a05, 0x00e3, 0x0904, 0x0904,
    0x08e4, 0x00e2, 0x2aa7, 0x32a8, 0x00c2, 0x0904, 0x0904, 0x0904, 0x08e3, 0x1163, 0x436a, 0x1164, 0x08e4, 0x08e4, 0x08e4, 0x08e4,
    0x0904, 0x0904, 0x00e3, 0x2286, 0x32c8, 0x00e3, 0x08e4, 0x08e4, 0x08e4, 0x08c4, 0x1183, 0x4369, 0x1163, 0x08e4, 0x08e4, 0x08c4,
    0x0944, 0x4bcb, 0x0983, 0x3b09, 0x1985, 0x00c3, 0x08e4, 0x08e4, 0x00c3, 0x2a87, 0x2aa8, 0x00c3, 0x00e4, 0x00e3, 0x00e4, 0x00e2,
    0x2a86, 0x3308, 0x00e2, 0x08e4, 0x00e4, 0x08e4, 0x00c3, 0x19c5, 0x3b29, 0x00e3, 0x00e3, 0x08e4, 0x00a2, 0x19c5, 0x436a, 0x0962,
    0x4349, 0x00e3, 0x00c4, 0x00c3, 0x00c3, 0x0102, 0x3b49, 0x1184, 0x00a3, 0x08a3, 0x00a3, 0x0903, 0x4bab, 0x0921, 0x4329, 0x1143,
    0x0082, 0x08c3, 0x00c3, 0x08a2, 0x4309, 0x2205, 0x0082, 0x08c3, 0x08a3, 0x08a3, 0x08c2, 0x4329, 0x21e5, 0x0082, 0x00a3, 0x0883,
    0x00a3, 0x00a1, 0x32c7, 0x21e5, 0x0062, 0x0083, 0x0083, 0x0083, 0x0081, 0x3ac7, 0x21c5, 0x0082, 0x0082, 0x0082, 0x00a1, 0x538b,
    0x1162, 0x3b09, 0x1984, 0x0042, 0x0062, 0x00a1, 0x538b, 0x1102, 0x42c8, 0x1944, 0x0041, 0x0062, 0x0063, 0x0041, 0x3a88, 0x2a07,
    0x0042, 0x0062, 0x0043, 0x0061, 0x538b, 0x1142, 0x3ac7, 0x2164, 0x0022, 0x0021, 0x1103, 0x4b4a, 0x08c1, 0x42e9, 0x0081, 0x0041,
    0x0000, 0x3aa8, 0x21e5, 0x21a5, 0x3a47, 0x0001, 0x0042, 0x08a2, 0x538b, 0x08c1, 0x4b09, 0x1944, 0x0021, 0x0000, 0x3206, 0x3a67,
    0x1123, 0x42a8, 0x0000, 0x0041, 0x0021, 0x0881, 0x4329, 0x1964, 0x0021, 0x0042, 0x0000, 0x42a8, 0x2a05, 0x2184, 0x4288, 0x0000,
    0x0022, 0x0001, 0x0881, 0x42c9, 0x1103, 0x0000, 0x0021, 0x0042, 0x0020, 0x29e5, 0x3a67, 0x0020, 0x0021, 0x0021, 0x0021, 0x10e3,
    0x4309, 0x0882, 0x0021, 0x0021, 0x0022, 0x0022, 0x0022, 0x0022, 0x0022, 0x0022, 0x0001, 0x1123, 0x42a9, 0x4268, 0x08c2, 0x0002,
    0x0002, 0x0842, 0x3a68, 0x42e9, 0x31e7, 0x0021, 0x0021, 0x0001, 0x2985, 0x4ac9, 0x3207, 0x0021, 0x0022, 0x0001, 0x10c4, 0x42a9,
    0x42e9, 0x29a7, 0x0022, 0x0042, 0x0862, 0x4269, 0x4309, 0x3a08, 0x0022, 0x0022, 0x0000, 0x2165, 0x4aca, 0x3a27, 0x0041, 0x0021,
    0x0001, 0x10c3, 0x42a9, 0x42e9, 0x31a6, 0x0001, 0x0042, 0x0061, 0x3247, 0x530b, 0x3206, 0x0041, 0x0062, 0x0022, 0x2105, 0x42e9,
    0x42e9, 0x2966, 0x0021, 0x0042, 0x0042, 0x3a48, 0x42e9, 0x3a28, 0x0863, 0x0042, 0x0042, 0x18e5, 0x42e9, 0x4309, 0x29a7, 0x0042,
    0x0083, 0x0042, 0x29c7, 0x42e9, 0x3aa9, 0x08c3, 0x0062, 0x0082, 0x0883, 0x3a69, 0x4309, 0x3207, 0x0063, 0x0883, 0x0863, 0x0082,
    0x2a27, 0x42c9, 0x21c6, 0x0062, 0x0883, 0x08a3, 0x0082, 0x29e6, 0x4b2b, 0x3288, 0x08a2, 0x00a4, 0x0883, 0x0862, 0x1143, 0x42e9,
    0x42c9, 0x0903, 0x0083, 0x08a4, 0x0083, 0x08e2, 0x3ac9, 0x42e9, 0x1924, 0x00a2, 0x08a3, 0x00a3, 0x08c3, 0x3a88, 0x3b09, 0x3208,
    0x00a3, 0x00c3, 0x08c4, 0x00e2, 0x32c8, 0x4b6b, 0x2a47, 0x00c4, 0x08c4, 0x08e3, 0x00e3, 0x2a27, 0x4309, 0x3aa9, 0x08e4, 0x00c3,
    0x00e3, 0x00a3, 0x21e7, 0x4309, 0x4309, 0x1965, 0x00a3, 0x08e4, 0x00a3, 0x19e5, 0x4b4b, 0x3ac9, 0x0903, 0x08e4, 0x0904, 0x08e4,
    0x11a4, 0x4309, 0x430a, 0x1184, 0x08a4, 0x08e4, 0x08c4, 0x0923, 0x3ae9, 0x432a, 0x19a6, 0x00c3, 0x08e4, 0x08e4, 0x0923, 0x32a8,
    0x432a, 0x2206, 0x00e4, 0x08e5, 0x0904, 0x0904, 0x3aa9, 0x4369, 0x3288, 0x08e4, 0x1104, 0x08e4, 0x0905, 0x08e4, 0x0984, 0x432a,
    0x432a, 0x11a4, 0x08e4, 0x0904, 0x0904, 0x08e4, 0x2a48, 0x434a, 0x3ae9, 0x0925, 0x08e4, 0x0904, 0x08c4, 0x19a6, 0x3b09, 0x3b09,
    0x1985, 0x00e4, 0x0904, 0x08e4, 0x0904, 0x32a9, 0x434a, 0x3289, 0x08e4, 0x0904, 0x0905, 0x08e5, 0x0904, 0x08e4, 0x19a6, 0x3b29,
    0x3b2a, 0x21a7, 0x08e4, 0x1104, 0x08c4, 0x0905, 0x3ac9, 0x3b29, 0x32a9, 0x08e4, 0x08e4, 0x08e5, 0x00e3, 0x2a47, 0x4b4b, 0x3288,
    0x00e4, 0x08e4, 0x08e4, 0x00c3, 0x19a6, 0x4309, 0x430a, 0x1966, 0x00e4, 0x0904, 0x00c3, 0x19a6, 0x4349, 0x4349, 0x21e6, 0x00c3,
    0x0904, 0x00c4, 0x1105, 0x3ae9, 0x4329, 0x29e7, 0x00c3, 0x00a3, 0x08c4, 0x00e2, 0x32a8, 0x432b, 0x2206, 0x00c3, 0x08e4, 0x08c4,
    0x08a3, 0x3248, 0x3b29, 0x3aa9, 0x08e4, 0x08a3, 0x08c4, 0x00a2, 0x2a47, 0x4b2a, 0x2a47, 0x00a2, 0x08a4, 0x08e4, 0x00a3, 0x2a07,
    0x4329, 0x42c9, 0x10e4, 0x00a3, 0x08c4, 0x0083, 0x2a07, 0x4309, 0x42a9, 0x1104, 0x00a3, 0x08a3, 0x0062, 0x29e7, 0x4329, 0x42c9,
    0x10e4, 0x0062, 0x08a3, 0x0042, 0x29c6, 0x4308, 0x42c9, 0x1104, 0x0062, 0x0883, 0x0062, 0x21a5, 0x4b0a, 0x3a89, 0x0082, 0x0863,
    0x0883, 0x0061, 0x21c5, 0x4aea, 0x3247, 0x0062, 0x0062, 0x0062, 0x0022, 0x2986, 0x42e9, 0x42a9, 0x10e4, 0x0042, 0x0843, 0x0021,
    0x21a5, 0x530b, 0x3a48, 0x0041, 0x0043, 0x0042, 0x0061, 0x3227, 0x4aca, 0x29c5, 0x0000, 0x0042, 0x0022, 0x1123, 0x4ae9, 0x4ac9,
    0x10c4, 0x0022, 0x0042, 0x0022, 0x29c6, 0x4aea, 0x3247, 0x0041, 0x0022, 0x0001, 0x0882, 0x4288, 0x4ac9, 0x10e3, 0x0001, 0x0042,
    0x0021, 0x3207, 0x4b09, 0x42a9, 0x0883, 0x0022, 0x0022, 0x10e3, 0x4ac9, 0x4aca, 0x10e3, 0x0001, 0x0022, 0x0001, 0x31e7, 0x42c9,
    0x3a68, 0x0841, 0x0001, 0x0001, 0x1904, 0x42a8, 0x42c9, 0x2145, 0x0001, 0x0022, 0x0022, 0x3a48, 0x42e9, 0x39e7, 0x0022, 0x0021,
    0x0022, 0x0022, 0x0022, 0x0022, 0x0022, 0x0022, 0x0022, 0x0000, 0x0021, 0x0001, 0x0001, 0x0022, 0x0022, 0x0022, 0x0021, 0x0020,
    0x0021, 0x0022, 0x0021, 0x0022, 0x0000, 0x0040, 0x0000, 0x0001, 0x0022, 0x0002, 0x0022, 0x0041, 0x0041, 0x0022, 0x0022, 0x0022,
    0x0022, 0x0021, 0x0040, 0x0021, 0x0022, 0x0022, 0x0021, 0x0001, 0x0041, 0x0000, 0x0001, 0x0022, 0x0022, 0x0022, 0x0041, 0x0061,
    0x0041, 0x0022, 0x0043, 0x0042, 0x0041, 0x0062, 0x0021, 0x0042, 0x0042, 0x0042, 0x0022, 0x0041, 0x0040, 0x0042, 0x0022, 0x0042,
    0x0022, 0x0042, 0x0061, 0x0042, 0x0042, 0x0043, 0x0043, 0x0042, 0x0061, 0x0061, 0x0062, 0x0063, 0x0063, 0x0863, 0x0062, 0x0061,
    0x0081, 0x0062, 0x0063, 0x0863, 0x0863, 0x0062, 0x0081, 0x0062, 0x0083, 0x0062, 0x0883, 0x0063, 0x0081, 0x00a2, 0x0062, 0x0883,
    0x0883, 0x0883, 0x0883, 0x0082, 0x08c3, 0x0082, 0x0883, 0x08a4, 0x0884, 0x0883, 0x00a2, 0x00a2, 0x00a2, 0x0082, 0x08a4, 0x0883,
    0x00a3, 0x00a2, 0x0081, 0x00a2, 0x0082, 0x08c3, 0x08a3, 0x00a3, 0x00a3, 0x00c2, 0x00c1, 0x00a3, 0x00c4, 0x00c4, 0x08c4, 0x00e3,
    0x00e2, 0x0903, 0x00e3, 0x08e5, 0x08c4, 0x08e4, 0x00e4, 0x00e3, 0x00c2, 0x00c3, 0x00c4, 0x00c4, 0x00c3, 0x00c3, 0x00a3, 0x00c2,
    0x00c2, 0x08a3, 0x08c4, 0x08c4, 0x08e4, 0x00e3, 0x08e4, 0x00e3, 0x00e3, 0x08e4, 0x08e4, 0x08e4, 0x00e3, 0x08e3, 0x0903, 0x00e3,
    0x08c4, 0x08e4, 0x08e4, 0x00e3, 0x00e2, 0x08e3, 0x00c3, 0x08e4, 0x08e4, 0x0904, 0x0104, 0x0103, 0x0903, 0x00e3, 0x0905, 0x08e5,
    0x0904, 0x08e4, 0x0103, 0x0122, 0x0103, 0x08e4, 0x08e4, 0x0904, 0x0904, 0x0904, 0x0904, 0x0923, 0x0903, 0x0904, 0x1105, 0x1105,
    0x0904, 0x08e4, 0x08e4, 0x0102, 0x0103, 0x08e4, 0x08e4, 0x08e4, 0x08e4, 0x0904, 0x0102, 0x00e2, 0x08e4, 0x08e4, 0x0904, 0x0904,
    0x0905, 0x0903, 0x0122, 0x0903, 0x0904, 0x0904, 0x0905, 0x0905, 0x0904, 0x08e5, 0x0904, 0x0103, 0x0903, 0x0904, 0x08e4, 0x08e4,
    0x08e4, 0x08e4, 0x00e3, 0x00e2, 0x00e3, 0x08e4, 0x08e4, 0x08e4, 0x0904, 0x00e2, 0x0903, 0x00e3, 0x08e4, 0x08e4, 0x08e4, 0x0904,
    0x00e3, 0x0102, 0x00e3, 0x08e4, 0x08e4, 0x08e4, 0x08e4, 0x08e4, 0x0103, 0x00e2, 0x08e4, 0x08e4, 0x08e4, 0x08c4, 0x08c4, 0x00c3,
    0x00c2, 0x00c3, 0x08c3, 0x08c4, 0x08a4, 0x08c3, 0x00c2, 0x08e3, 0x00c2, 0x08c4, 0x08c4, 0x08c4, 0x08a4, 0x00c3, 0x00c2, 0x00c2,
    0x08a3, 0x08a4, 0x08a4, 0x08c3, 0x00a2, 0x08c2, 0x00a2, 0x08c4, 0x08c4, 0x00c4, 0x08c4, 0x08c3, 0x00c1, 0x00a2, 0x08a4, 0x00a3,
    0x00a3, 0x08a3, 0x00a2, 0x0081, 0x0082, 0x0883, 0x08a3, 0x0883, 0x0883, 0x0883, 0x00a2, 0x0082, 0x0863, 0x0883, 0x0883, 0x0863,
    0x0882, 0x00a1, 0x0061, 0x0083, 0x0863, 0x0863, 0x0884, 0x0062, 0x0882, 0x0062, 0x0863, 0x0863, 0x0063, 0x0062, 0x0061, 0x0062,
    0x0041, 0x0062, 0x0063, 0x0842, 0x0043, 0x0042, 0x0061, 0x0062, 0x0062, 0x0062, 0x0043, 0x0043, 0x0041, 0x0062, 0x0021, 0x0042,
    0x0043, 0x0042, 0x0042, 0x0021, 0x0842, 0x0020, 0x0042, 0x0022, 0x0843, 0x0021, 0x0061, 0x0061, 0x0022, 0x0043, 0x0042, 0x0042,
    0x0021, 0x0062, 0x0020, 0x0042, 0x0022, 0x0022, 0x0001, 0x0021, 0x0021, 0x0020, 0x0002, 0x0022, 0x0022, 0x0021, 0x0020, 0x0021,
    0x0022, 0x0022, 0x0042, 0x0021, 0x0041, 0x0021, 0x0001, 0x0022, 0x0022, 0x0022, 0x0021, 0x0020, 0x0020, 0x0021, 0x0002, 0x0002,
    0x0022, 0x0020, 0x0020, 0x0021, 0x0022, 0x0002, 0x0022, 0x0041, 0x0040, 0x0021, 0x0022, 0x0001, 0x0022, 0x0022, 0x0022, 0x0022,
    0x0022, 0x0022, 0x0022, 0x0022, 0x0022, 0x0002, 0x0022, 0x0022, 0x0022, 0x0022, 0x0022, 0x0022, 0x0022, 0x0022, 0x0021, 0x0021,
    0x0021, 0x0001, 0x0021, 0x0022, 0x0022, 0x0022, 0x0022, 0x0022, 0x0022, 0x0022, 0x0022, 0x0022, 0x0022, 0x0022, 0x0022, 0x0022,
    0x0022, 0x0022, 0x0021, 0x0022, 0x0021, 0x0022, 0x0022, 0x0042, 0x0042, 0x0022, 0x0022, 0x0042, 0x0042, 0x0042, 0x0042, 0x0042,
    0x0042, 0x0022, 0x0042, 0x0042, 0x0042, 0x0042, 0x0042, 0x0042, 0x0042, 0x0842, 0x0042, 0x0042, 0x0042, 0x0043, 0x0043, 0x0042,
    0x0042, 0x0042, 0x0042, 0x0042, 0x0062, 0x0062, 0x0062, 0x0063, 0x0063, 0x0063, 0x0063, 0x0083, 0x0062, 0x0063, 0x0063, 0x0863,
    0x0863, 0x0083, 0x0083, 0x0863, 0x0863, 0x0863, 0x0883, 0x0883, 0x0883, 0x0883, 0x0884, 0x0883, 0x08a3, 0x0883, 0x0884, 0x08a3,
    0x08a3, 0x08a4, 0x08a3, 0x0883, 0x08a3, 0x00a3, 0x08a3, 0x08a4, 0x08a4, 0x08a3, 0x08a3, 0x00a3, 0x00a3, 0x00a3, 0x08a3, 0x08a4,
    0x08a3, 0x00a3, 0x00a3, 0x08a3, 0x08a3, 0x00c4, 0x00c4, 0x08c3, 0x00c4, 0x08c4, 0x08c4, 0x08c4, 0x08c4, 0x08c4, 0x08e4, 0x08e4,
    0x08e4, 0x08c4, 0x08c4, 0x08c4, 0x08c4, 0x08c4, 0x00c4, 0x00c4, 0x00c4, 0x08c3, 0x08c4, 0x08c4, 0x00e4, 0x08c4, 0x08c4, 0x08c4,
    0x08e3, 0x08e4, 0x08c4, 0x08c4, 0x08e4, 0x08e4, 0x08e4, 0x08e4, 0x08e4, 0x08e4, 0x08e4, 0x08e4, 0x08e4, 0x08e4, 0x08e4, 0x08e4,
    0x08e4, 0x08e4, 0x0904, 0x08e4, 0x08e4, 0x0904, 0x0904, 0x0904, 0x08e4, 0x0904, 0x08e4, 0x08e4, 0x08e4, 0x08e4, 0x08e4, 0x08e4,
    0x0904, 0x0904, 0x0904, 0x0904, 0x08e4, 0x0904, 0x0904, 0x0904, 0x0904, 0x0905, 0x0904, 0x1105, 0x0904, 0x0905, 0x0905, 0x0904,
    0x0904, 0x08e4, 0x08e4, 0x10e4, 0x08e4, 0x0904, 0x0905, 0x0904, 0x0904, 0x0904, 0x0905, 0x0905, 0x0905, 0x0904, 0x0904, 0x0904,
    0x0904, 0x0904, 0x0904, 0x08e4, 0x0904, 0x0904, 0x0904, 0x08e5, 0x0905, 0x0904, 0x08e4, 0x08e4, 0x0904, 0x08e4, 0x08e5, 0x08e4,
    0x08e4, 0x08e4, 0x08e4, 0x08e4, 0x08e4, 0x0904, 0x08e4, 0x08e4, 0x08e4, 0x08e4, 0x08e4, 0x08e4, 0x08e4, 0x08e4, 0x08e4, 0x08e4,
    0x0904, 0x08e4, 0x08e4, 0x08e4, 0x08e4, 0x08e4, 0x08e4, 0x08c4, 0x08e4, 0x08e4, 0x08c4, 0x08c4, 0x08c4, 0x08c3, 0x08c3, 0x08c4,
    0x08c4, 0x08c4, 0x08c4, 0x08c4, 0x08c4, 0x08c4, 0x00c4, 0x08c4, 0x08c3, 0x08c4, 0x00c4, 0x08c3, 0x08c3, 0x08c4, 0x08c4, 0x08c4,
    0x08c4, 0x08c4, 0x08c4, 0x08c4, 0x08c4, 0x08c4, 0x08c4, 0x08a4, 0x08a4, 0x08a4, 0x08a3, 0x08a3, 0x08a3, 0x08a3, 0x08a3, 0x08a3,
    0x08a3, 0x08a3, 0x08a3, 0x0883, 0x0883, 0x0883, 0x08a3, 0x0083, 0x0883, 0x0883, 0x0083, 0x0083, 0x0883, 0x0863, 0x0883, 0x0083,
    0x0883, 0x0883, 0x0883, 0x0883, 0x0863, 0x0883, 0x0083, 0x0063, 0x0863, 0x0062, 0x0063, 0x0043, 0x0063, 0x0063, 0x0063, 0x0063,
    0x0062, 0x0862, 0x0043, 0x0043, 0x0043, 0x0043, 0x0042, 0x0042, 0x0062, 0x0042, 0x0043, 0x0042, 0x0042, 0x0042, 0x0042, 0x0042,
    0x0023, 0x0043, 0x0042, 0x0042, 0x0042, 0x0042, 0x0023, 0x0042, 0x0042, 0x0042, 0x0042, 0x0042, 0x0042, 0x0022, 0x0042, 0x0022,
    0x0022, 0x0022, 0x0022, 0x0022, 0x0021, 0x0022, 0x0022, 0x0022, 0x0022, 0x0022, 0x0022, 0x0022, 0x0022, 0x0022, 0x0022, 0x0022,
    0x0022, 0x0022, 0x0022, 0x0022, 0x0022, 0x0022, 0x0022, 0x0002, 0x0002, 0x0022, 0x0022, 0x0022, 0x0022, 0x0002, 0x0002, 0x0022,
    0x0022, 0x0022, 0x0022, 0x0022, 0x0022, 0x0022, 0x0021, 0x0022, 0x0022, 0x0022, 0x0022, 0x0022, 0x0022, 0x0022, 0x0022, 0x0022,
    0x0022, 0x0022, 0x0022, 0x0022, 0x0022, 0x0022, 0x0022, 0x0022, 0x0022, 0x0022, 0x0022, 0x0022, 0x0022, 0x0022, 0x0022, 0x0022,
    0x0022, 0x0022, 0x0022, 0x0022, 0x0022, 0x0022, 0x0022, 0x0022, 0x0022, 0x0022, 0x0022, 0x0022, 0x0022, 0x0022, 0x0022, 0x0022,
    0x0042, 0x0022, 0x0022, 0x0042, 0x0022, 0x0022, 0x0042, 0x0042, 0x0042, 0x0022, 0x0042, 0x0042, 0x0042, 0x0042, 0x0042, 0x0042,
    0x0042, 0x0842, 0x0042, 0x0042, 0x0042, 0x0842, 0x0042, 0x0042, 0x0042, 0x0042, 0x0043, 0x0042, 0x0042, 0x0042, 0x0042, 0x0062,
    0x0063, 0x0063, 0x0062, 0x0063, 0x0063, 0x0063, 0x0063, 0x0083, 0x0863, 0x0863, 0x0063, 0x0063, 0x0063, 0x0063, 0x0883, 0x0883,
    0x0883, 0x0883, 0x0883, 0x0883, 0x0883, 0x08a3, 0x0884, 0x0884, 0x00a3, 0x00a3, 0x0883, 0x0883, 0x08a3, 0x08a3, 0x0883, 0x08a3,
    0x08a3, 0x00a3, 0x08a3, 0x08a3, 0x08a4, 0x08a3, 0x08a3, 0x08a3, 0x08a3, 0x08a3, 0x08a3, 0x08a4, 0x08a3, 0x00a3, 0x08a3, 0x08a3,
    0x08a3, 0x00c4, 0x08c4, 0x08c4, 0x00c4, 0x08c4, 0x08c4, 0x08c4, 0x08e4, 0x08e4, 0x08e4, 0x08c4, 0x08c4, 0x08c4, 0x08c4, 0x08c4,
    0x08c4, 0x08c4, 0x00c4, 0x08c4, 0x08c4, 0x08c4, 0x08c4, 0x08e4, 0x08e4, 0x08c4, 0x08c4, 0x08e4, 0x08e4, 0x08e4, 0x08e4, 0x08e4,
    0x08e4, 0x08e4, 0x08e4, 0x08e4, 0x08e4, 0x0904, 0x0904, 0x08e4, 0x08e4, 0x08e4, 0x08e4, 0x08e4, 0x08e4, 0x08e4, 0x08e4, 0x08e4,
    0x08e4, 0x0904, 0x08e4, 0x08e4, 0x08e4, 0x08e4, 0x0904, 0x08e5, 0x08e5, 0x08e4, 0x0904, 0x0904, 0x0904, 0x0904, 0x08e4, 0x0904,
    0x0904, 0x0904, 0x0905, 0x1125, 0x0924, 0x0905, 0x0904, 0x10e5, 0x1104, 0x0905, 0x0905, 0x0924, 0x1105, 0x08e5, 0x0904, 0x10e4,
    0x10e4, 0x0904, 0x0905, 0x1104, 0x0904, 0x0904, 0x0905, 0x0905, 0x0905, 0x0904, 0x1104, 0x0904, 0x0904, 0x1105, 0x1105, 0x0905,
    0x0904, 0x0905, 0x0905, 0x1104, 0x1105, 0x08e5, 0x08e4, 0x08e4, 0x0904, 0x0904, 0x08e4, 0x08e4, 0x08e4, 0x08e4, 0x08e4, 0x08e4,
    0x08e4, 0x08e4, 0x08e4, 0x08e4, 0x08e4, 0x08e4, 0x08e4, 0x08e4, 0x08e4, 0x08e4, 0x08e4, 0x08e4, 0x08e4, 0x08e4, 0x08e4, 0x08e4,
    0x08e4, 0x08e4, 0x08e4, 0x08e4, 0x08e4, 0x08e4, 0x08c4, 0x08e4, 0x08c4, 0x08c4, 0x08c4, 0x08c4, 0x08c4, 0x08c4, 0x08c4, 0x08e4,
    0x08c4, 0x08c4, 0x08c4, 0x08c4, 0x08c4, 0x08c4, 0x08e4, 0x08c4, 0x08c4, 0x08c4, 0x08c4, 0x08c4, 0x08c4, 0x08c4, 0x08c4, 0x08c4,
    0x08c4, 0x08c4, 0x08c3, 0x08c3, 0x08c3, 0x08a3, 0x08a3, 0x08a3, 0x08a3, 0x08a3, 0x08a3, 0x08a3, 0x08a3, 0x08a3, 0x08a3, 0x08a3,
    0x08a3, 0x0883, 0x08a3, 0x08a3, 0x0883, 0x0883, 0x0883, 0x0883, 0x0883, 0x0883, 0x0883, 0x0883, 0x0883, 0x0883, 0x0883, 0x0883,
    0x0883, 0x0863, 0x0063, 0x0063, 0x0863, 0x0063, 0x0063, 0x0083, 0x0063, 0x0063, 0x0063, 0x0063, 0x0062, 0x0062, 0x0063, 0x0043,
    0x0042, 0x0043, 0x0043, 0x0042, 0x0042, 0x0063, 0x0042, 0x0042, 0x0043, 0x0042, 0x0042, 0x0042, 0x0043, 0x0042, 0x0042, 0x0042,
    0x0042, 0x0022, 0x0042, 0x0042, 0x0022, 0x0022, 0x0022, 0x0022, 0x0042, 0x0042, 0x0022, 0x0022, 0x0022, 0x0042, 0x0022, 0x0042,
    0x0042, 0x0022, 0x0042, 0x0022, 0x0022, 0x0022, 0x0023, 0x0022, 0x0002, 0x0002, 0x0022, 0x0022, 0x0022, 0x0022, 0x0022, 0x0022,
    0x0023, 0x0022, 0x0022, 0x0022, 0x0002, 0x0022, 0x0022, 0x0022, 0x0022, 0x0022, 0x0022, 0x0022, 0x0022, 0x0022, 0x0002, 0x0022,
    0x0022, 0x0022, 0x0002, 0x0022, 0x0022, 0x0022, 0x0022, 0x0022, 0x0022, 0x0022, 0x0022, 0x0001, 0x0000, 0x0000, 0x0021, 0x0002,
    0x0002, 0x0022, 0x0021, 0x0000, 0x0021, 0x0022, 0x0022, 0x0022, 0x0022, 0x0001, 0x0022, 0x0022, 0x0022, 0x0022, 0x0022, 0x0001,
    0x0001, 0x0022, 0x0002, 0x0002, 0x0022, 0x0021, 0x0000, 0x0022, 0x0022, 0x0022, 0x0042, 0x0001, 0x0000, 0x0001, 0x0022, 0x0042,
    0x0022, 0x0022, 0x0001, 0x0021, 0x0042, 0x0022, 0x0022, 0x0042, 0x0042, 0x0000, 0x0022, 0x0022, 0x0022, 0x0822, 0x0042, 0x0021,
    0x0042, 0x0043, 0x0042, 0x0042, 0x0042, 0x0042, 0x0021, 0x0042, 0x0042, 0x0042, 0x0062, 0x0062, 0x0042, 0x0042, 0x0062, 0x0062,
    0x0063, 0x0063, 0x0062, 0x0041, 0x0042, 0x0863, 0x0063, 0x0083, 0x0083, 0x0062, 0x0042, 0x0882, 0x0883, 0x0883, 0x0883, 0x0083,
    0x0082, 0x0062, 0x0883, 0x0884, 0x00a3, 0x00a3, 0x00a3, 0x08a3, 0x0082, 0x00a3, 0x08a4, 0x08a3, 0x08a3, 0x00a3, 0x00a3, 0x0082,
    0x0083, 0x08a4, 0x08a3, 0x08a4, 0x08a4, 0x08a3, 0x00a2, 0x00a2, 0x08a3, 0x08a4, 0x08a3, 0x08a3, 0x08c4, 0x00c3, 0x00a3, 0x08c4,
    0x08c4, 0x08c4, 0x08c4, 0x08e4, 0x00c3, 0x00a2, 0x00c3, 0x08c4, 0x08c4, 0x08c4, 0x08c4, 0x00c4, 0x00a3, 0x00c3, 0x08c4, 0x08c4,
    0x08c4, 0x08c4, 0x08c4, 0x00a2, 0x00c3, 0x08e4, 0x08c4, 0x08e4, 0x08e4, 0x08e4, 0x00c3, 0x00e3, 0x08e4, 0x08e4, 0x08e4, 0x08e4,
    0x0904, 0x00e3, 0x00e3, 0x08e4, 0x08e5, 0x08e5, 0x08e4, 0x0904, 0x00e3, 0x00e3, 0x08e4, 0x08e4, 0x08e4, 0x0904, 0x0904, 0x08e4,
    0x08c3, 0x0904, 0x0904, 0x0905, 0x0905, 0x0904, 0x00e3, 0x00c3, 0x08e4, 0x0905, 0x08e5, 0x1105, 0x0904, 0x0904, 0x0904, 0x00e3,
    0x00e3, 0x0924, 0x1104, 0x1105, 0x0904, 0x0925, 0x0924, 0x00e3, 0x08e4, 0x0905, 0x0904, 0x08e4, 0x08e4, 0x0904, 0x08e3, 0x08e4,
    0x1104, 0x0904, 0x1105, 0x0905, 0x0925, 0x0103, 0x00e3, 0x0904, 0x1105, 0x1105, 0x1105, 0x1105, 0x0904, 0x1105, 0x0904, 0x00e2,
    0x08e3, 0x0905, 0x08e4, 0x0904, 0x0904, 0x0904, 0x0904, 0x00c3, 0x08e4, 0x08e4, 0x08e4, 0x08e4, 0x08e4, 0x08e4, 0x00c3, 0x08e4,
    0x08e4, 0x08e4, 0x08e4, 0x08e4, 0x08e4, 0x00c3, 0x08e4, 0x08e5, 0x08e4, 0x08e4, 0x08e4, 0x0904, 0x08c3, 0x08e3, 0x08e4, 0x08e5,
    0x08e4, 0x08e4, 0x08e4, 0x00c3, 0x00c3, 0x08c4, 0x08c4, 0x08c4, 0x08c4, 0x08c3, 0x00c2, 0x00a2, 0x00c3, 0x08c4, 0x08c4, 0x08c4,
    0x08c4, 0x08c3, 0x00a3, 0x08c4, 0x08c4, 0x08e4, 0x08c4, 0x08c4, 0x08c4, 0x00a2, 0x00c3, 0x08c4, 0x08c4, 0x08c4, 0x08c3, 0x00c3,
    0x0082, 0x00a3, 0x08a3, 0x08a3, 0x08a3, 0x08a3, 0x00a3, 0x0082, 0x00a3, 0x08a4, 0x08a4, 0x08a3, 0x08a3, 0x08a3, 0x0082, 0x00a3,
    0x0884, 0x0883, 0x0883, 0x0883, 0x08a3, 0x0062, 0x0083, 0x0883, 0x0883, 0x0883, 0x0883, 0x0083, 0x0062, 0x0082, 0x0883, 0x0063,
    0x0063, 0x0863, 0x0083, 0x0042, 0x0063, 0x0883, 0x0063, 0x0063, 0x0062, 0x0062, 0x0021, 0x0042, 0x0062, 0x0042, 0x0043, 0x0043,
    0x0042, 0x0021, 0x0042, 0x0043, 0x0043, 0x0043, 0x0043, 0x0042, 0x0021, 0x0042, 0x0042, 0x0042, 0x0022, 0x0042, 0x0021, 0x0021,
    0x0042, 0x0022, 0x0022, 0x0042, 0x0041, 0x0000, 0x0022, 0x0022, 0x0022, 0x0022, 0x0042, 0x0021, 0x0021, 0x0042, 0x0042, 0x0022,
    0x0022, 0x0022, 0x0001, 0x0021, 0x0022, 0x0002, 0x0001, 0x0021, 0x0000, 0x0001, 0x0022, 0x0022, 0x0022, 0x0022, 0x0022, 0x0000,
    0x0021, 0x0022, 0x0002, 0x0022, 0x0022, 0x0000, 0x0001, 0x0022, 0x0022, 0x0022, 0x0002, 0x0001, 0x0000, 0x0022, 0x0002, 0x0002,
    0x0022, 0x0022, 0x0022, 0x0022, 0x0022, 0x0022, 0x0001, 0x0041, 0x3207, 0x29c6, 0x0021, 0x0002, 0x0002, 0x0001, 0x08a2, 0x29a6,
    0x0041, 0x0002, 0x0022, 0x0021, 0x0020, 0x2186, 0x08c3, 0x0001, 0x0022, 0x0002, 0x0001, 0x1103, 0x1924, 0x0001, 0x0022, 0x0022,
    0x0001, 0x0881, 0x2185, 0x0041, 0x0002, 0x0042, 0x0022, 0x08a2, 0x3a48, 0x29a6, 0x0041, 0x0042, 0x0022, 0x0021, 0x1924, 0x2185,
    0x0001, 0x0022, 0x0022, 0x0022, 0x0061, 0x29c6, 0x0882, 0x0002, 0x0042, 0x0842, 0x0021, 0x1964, 0x1924, 0x0022, 0x0063, 0x0843,
    0x0042, 0x08a2, 0x21a6, 0x0062, 0x0042, 0x0042, 0x0062, 0x0041, 0x1924, 0x1965, 0x0042, 0x0063, 0x0083, 0x0042, 0x10e3, 0x3248,
    0x1945, 0x0062, 0x0063, 0x0063, 0x0062, 0x08c3, 0x29c6, 0x08a2, 0x0083, 0x0883, 0x08a3, 0x0083, 0x08c3, 0x21a5, 0x0883, 0x0883,
    0x08a3, 0x00a3, 0x00a3, 0x0082, 0x21c5, 0x0904, 0x0083, 0x08a3, 0x08a3, 0x0084, 0x0082, 0x1985, 0x1985, 0x0083, 0x08a3, 0x00a4,
    0x08a4, 0x00a3, 0x1144, 0x19e6, 0x00a3, 0x08a4, 0x08c4, 0x08c4, 0x00a3, 0x1164, 0x21e6, 0x00c4, 0x08e4, 0x08c4, 0x08e4, 0x00c3,
    0x19c6, 0x3aa9, 0x1164, 0x00c3, 0x08c4, 0x08c4, 0x08c3, 0x00c3, 0x21e6, 0x0903, 0x00c3, 0x08c4, 0x08e4, 0x08c3, 0x1144, 0x32a9,
    0x19e6, 0x00c2, 0x08e4, 0x08e4, 0x08e4, 0x00c3, 0x2206, 0x1185, 0x08e4, 0x08e5, 0x08e4, 0x08e5, 0x00c3, 0x19a5, 0x19c6, 0x08e3,
    0x08e4, 0x08e4, 0x10e5, 0x00e3, 0x11a5, 0x2207, 0x08e4, 0x0905, 0x0904, 0x0904, 0x08e4, 0x1144, 0x2206, 0x08e3, 0x0904, 0x08e4,
    0x0904, 0x0903, 0x19e6, 0x32a9, 0x1184, 0x0904, 0x0905, 0x1105, 0x0904, 0x0904, 0x0923, 0x2a68, 0x2a68, 0x0123, 0x0924, 0x1125,
    0x1124, 0x0904, 0x11a5, 0x3ae9, 0x19e6, 0x0104, 0x0924, 0x0905, 0x0905, 0x00e3, 0x2206, 0x19a5, 0x0904, 0x1125, 0x1105, 0x1125,
    0x0903, 0x2206, 0x32a9, 0x1164, 0x0904, 0x0905, 0x0905, 0x0904, 0x0904, 0x08e4, 0x1144, 0x32a8, 0x2206, 0x08e4, 0x0904, 0x0904,
    0x0905, 0x08e4, 0x1184, 0x2227, 0x0904, 0x0904, 0x0904, 0x08e5, 0x08e4, 0x0903, 0x2a27, 0x0904, 0x08e4, 0x08e4, 0x08e4, 0x0904,
    0x00c3, 0x19e6, 0x19a5, 0x08e4, 0x08e4, 0x08e4, 0x0904, 0x00e3, 0x21c6, 0x19a6, 0x00e3, 0x08e4, 0x08e4, 0x08e4, 0x00c3, 0x1164,
    0x19c6, 0x08c4, 0x08c4, 0x08c4, 0x08c4, 0x00c2, 0x19e5, 0x3288, 0x1124, 0x00c3, 0x08e4, 0x08c4, 0x08c3, 0x08e3, 0x21e7, 0x0904,
    0x00e4, 0x08e4, 0x08c4, 0x08c4, 0x08e3, 0x2226, 0x0924, 0x00c4, 0x08c4, 0x08c4, 0x00a3, 0x00a2, 0x21c6, 0x0903, 0x00a3, 0x08a3,
    0x08a4, 0x00a3, 0x00a2, 0x21c6, 0x1104, 0x0083, 0x08a4, 0x08a3, 0x00a3, 0x00a3, 0x2a06, 0x1104, 0x0884, 0x08a3, 0x08a3, 0x08a4,
    0x00a2, 0x21c6, 0x10e3, 0x0863, 0x0883, 0x0883, 0x0063, 0x0082, 0x2185, 0x08a2, 0x0042, 0x0063, 0x0063, 0x0863, 0x0081, 0x21c6,
    0x08e3, 0x0063, 0x0083, 0x0063, 0x0083, 0x0062, 0x29a6, 0x1103, 0x0042, 0x0043, 0x0043, 0x0042, 0x0061, 0x21a6, 0x08a3, 0x0042,
    0x0043, 0x0043, 0x0042, 0x08c3, 0x29c6, 0x0062, 0x0042, 0x0022, 0x0042, 0x0021, 0x1924, 0x1944, 0x0021, 0x0022, 0x0022, 0x0021,
    0x0041, 0x2985, 0x08a3, 0x0002, 0x0043, 0x0043, 0x0001, 0x1104, 0x2186, 0x0022, 0x0042, 0x0042, 0x0022, 0x0041, 0x29a6, 0x08a2,
    0x0001, 0x0001, 0x0021, 0x0000, 0x1924, 0x1923, 0x0001, 0x0022, 0x0022, 0x0022, 0x0042, 0x29c6, 0x0882, 0x0002, 0x0022, 0x0022,
    0x0001, 0x1944, 0x1944, 0x0001, 0x0022, 0x0022, 0x0001, 0x0881, 0x29a6, 0x0021, 0x0002, 0x0022, 0x0022, 0x0022, 0x0022, 0x0022,
    0x0022, 0x0022, 0x0000, 0x4289, 0x3a27, 0x42c9, 0x21a5, 0x0000, 0x0022, 0x0041, 0x42a9, 0x5b6c, 0x0081, 0x0022, 0x0023, 0x0001,
    0x31e6, 0x6bed, 0x1944, 0x0000, 0x0023, 0x0002, 0x08a2, 0x5b6c, 0x3a68, 0x0000, 0x0022, 0x0002, 0x0041, 0x4288, 0x5b6c, 0x0081,
    0x0001, 0x0022, 0x0021, 0x534a, 0x3226, 0x534b, 0x1964, 0x0021, 0x0022, 0x10c4, 0x532b, 0x4ae9, 0x0020, 0x0042, 0x0042, 0x0021,
    0x3a27, 0x63cc, 0x08a2, 0x0022, 0x0042, 0x0022, 0x1924, 0x63ac, 0x3207, 0x0021, 0x0083, 0x0043, 0x0862, 0x42c9, 0x5b8c, 0x0061,
    0x0042, 0x0043, 0x0041, 0x10e3, 0x638d, 0x3a88, 0x0021, 0x0083, 0x0082, 0x00a2, 0x4aea, 0x29e5, 0x4b4b, 0x0903, 0x0062, 0x0863,
    0x08a3, 0x3aa9, 0x5b8c, 0x0882, 0x0083, 0x0884, 0x0883, 0x0082, 0x3a89, 0x538b, 0x08a2, 0x08a3, 0x08a3, 0x00a3, 0x0063, 0x29e7,
    0x63ec, 0x1964, 0x0063, 0x08a3, 0x08a3, 0x0083, 0x1944, 0x538b, 0x3268, 0x0082, 0x08c4, 0x08c4, 0x00a3, 0x08e3, 0x538b, 0x3b29,
    0x00a2, 0x08c5, 0x08c4, 0x08c3, 0x0904, 0x434a, 0x4b8b, 0x00c3, 0x08c4, 0x08c4, 0x00c3, 0x1164, 0x4b4a, 0x2a66, 0x4b8a, 0x00e2,
    0x08c4, 0x08c4, 0x00c3, 0x3248, 0x5c0d, 0x1184, 0x00c3, 0x08e5, 0x08e4, 0x00e2, 0x434a, 0x2a86, 0x4b8b, 0x19c5, 0x00c3, 0x08e4,
    0x00c4, 0x21e6, 0x5bec, 0x2246, 0x00a3, 0x08e4, 0x08e4, 0x00c3, 0x1164, 0x4b8b, 0x3ac9, 0x00c3, 0x0905, 0x0904, 0x08e4, 0x1165,
    0x436a, 0x3b2a, 0x00e3, 0x0905, 0x0905, 0x0904, 0x0924, 0x432a, 0x4b8b, 0x00e3, 0x0904, 0x0904, 0x08e3, 0x19a5, 0x4b6a, 0x2a86,
    0x4b8b, 0x0903, 0x0925, 0x1105, 0x1125, 0x00e3, 0x32c8, 0x3b09, 0x4349, 0x2a87, 0x00e3, 0x1124, 0x1124, 0x0123, 0x436a, 0x2a86,
    0x4b8b, 0x11c5, 0x0904, 0x1125, 0x0905, 0x19e6, 0x5c0d, 0x2a67, 0x00e3, 0x1125, 0x1125, 0x0904, 0x19c5, 0x4b8b, 0x2aa7, 0x434a,
    0x0103, 0x0904, 0x0905, 0x0904, 0x0925, 0x00e3, 0x432a, 0x2a86, 0x436a, 0x21e6, 0x00e3, 0x0905, 0x08e5, 0x0944, 0x436a, 0x4bab,
    0x0923, 0x1124, 0x1105, 0x0905, 0x0904, 0x2a88, 0x5bec, 0x1144, 0x08c4, 0x08e4, 0x0904, 0x00e3, 0x21a6, 0x5bec, 0x2a87, 0x00c3,
    0x1105, 0x08e4, 0x08e4, 0x19c6, 0x53ac, 0x3288, 0x00c2, 0x0905, 0x08e4, 0x08e4, 0x0924, 0x436b, 0x4329, 0x00c3, 0x08e4, 0x08e4,
    0x00a3, 0x1984, 0x436a, 0x2a86, 0x432a, 0x00a2, 0x08c4, 0x08c4, 0x00c3, 0x2a47, 0x53ac, 0x1185, 0x00c3, 0x08e4, 0x08e4, 0x00c3,
    0x3288, 0x5c2c, 0x19a5, 0x00a3, 0x08c4, 0x08c3, 0x0082, 0x2a06, 0x5b8c, 0x1164, 0x0082, 0x08a3, 0x00a3, 0x0082, 0x3247, 0x640d,
    0x1964, 0x0082, 0x08a4, 0x08a3, 0x00a3, 0x2a07, 0x5bcc, 0x19a5, 0x0083, 0x08a3, 0x08a4, 0x0083, 0x3268, 0x640d, 0x1944, 0x0842,
    0x0883, 0x0883, 0x0041, 0x29c6, 0x5bac, 0x1103, 0x0042, 0x0083, 0x0883, 0x0042, 0x3207, 0x640d, 0x1144, 0x0042, 0x0883, 0x0083,
    0x0042, 0x29a6, 0x63ad, 0x29e5, 0x0021, 0x0063, 0x0063, 0x0042, 0x3207, 0x63ed, 0x1124, 0x0021, 0x0843, 0x0022, 0x0882, 0x4269,
    0x5b6c, 0x08a2, 0x0042, 0x0043, 0x0021, 0x1904, 0x5b6c, 0x3a68, 0x0000, 0x0042, 0x0022, 0x0001, 0x29c6, 0x5b8c, 0x1103, 0x0001,
    0x0843, 0x0022, 0x10c4, 0x534b, 0x532a, 0x0021, 0x0042, 0x0022, 0x0001, 0x31e7, 0x63cc, 0x1903, 0x0000, 0x0022, 0x0001, 0x10e3,
    0x5b4b, 0x3a06, 0x0000, 0x0043, 0x0022, 0x0041, 0x3a68, 0x63cd, 0x08c2, 0x0002, 0x0042, 0x0001, 0x1904, 0x536b, 0x3227, 0x0000,
    0x0022, 0x0002, 0x0021, 0x4268, 0x5b4b, 0x0041, 0x0002, 0x0022, 0x0022, 0x0022, 0x0022, 0x0022, 0x0022, 0x0002, 0x0021, 0x530a,
    0x0080, 0x3287, 0x3a47, 0x0000, 0x0021, 0x0021, 0x08a1, 0x42c8, 0x0081, 0x0021, 0x0023, 0x0022, 0x0861, 0x42a8, 0x2185, 0x0001,
    0x0823, 0x0023, 0x0021, 0x21a4, 0x3a47, 0x0000, 0x0022, 0x0001, 0x0040, 0x08a1, 0x4ae9, 0x0881, 0x0001, 0x0021, 0x0882, 0x4b69,
    0x0060, 0x4b29, 0x2a26, 0x0021, 0x0042, 0x0042, 0x1943, 0x42c8, 0x0000, 0x0042, 0x0042, 0x0022, 0x0881, 0x42e9, 0x10c2, 0x0002,
    0x0042, 0x0042, 0x0061, 0x2a05, 0x3226, 0x0041, 0x0083, 0x0863, 0x0062, 0x0922, 0x4329, 0x0081, 0x0022, 0x0042, 0x0062, 0x0041,
    0x2185, 0x3a87, 0x0021, 0x0083, 0x0062, 0x1123, 0x42e9, 0x00c0, 0x4b8a, 0x19a4, 0x0042, 0x0883, 0x0062, 0x0902, 0x4309, 0x08a2,
    0x08a3, 0x0884, 0x0883, 0x00a3, 0x0923, 0x4328, 0x08e2, 0x00a3, 0x00a3, 0x00a3, 0x0083, 0x00a2, 0x3ac7, 0x1984, 0x0063, 0x08a3,
    0x08a3, 0x08a4, 0x00a2, 0x2a25, 0x32a8, 0x00a3, 0x08c3, 0x00c3, 0x00c3, 0x00c3, 0x19e4, 0x3328, 0x00c2, 0x08c5, 0x08e4, 0x08e4,
    0x00e4, 0x11c3, 0x4369, 0x00e3, 0x08c4, 0x08c4, 0x0082, 0x2a06, 0x3287, 0x0961, 0x4bea, 0x0943, 0x00a3, 0x08c5, 0x08c4, 0x0902,
    0x4349, 0x11c4, 0x00c4, 0x08e5, 0x08e4, 0x0943, 0x438a, 0x0140, 0x438a, 0x2a67, 0x00a2, 0x08e4, 0x0905, 0x08e3, 0x32c7, 0x2246,
    0x00a3, 0x0904, 0x08e4, 0x08e4, 0x0102, 0x2225, 0x32c8, 0x00c2, 0x0904, 0x0904, 0x0905, 0x0924, 0x1a25, 0x3b49, 0x0103, 0x0925,
    0x0905, 0x0905, 0x0924, 0x19e5, 0x4349, 0x0103, 0x0904, 0x0904, 0x00e3, 0x2a26, 0x32a7, 0x09a1, 0x53eb, 0x0963, 0x0925, 0x1125,
    0x1125, 0x00e3, 0x4349, 0x09c3, 0x32e7, 0x3b28, 0x00e3, 0x1124, 0x0904, 0x1185, 0x4369, 0x0161, 0x43aa, 0x1a26, 0x0903, 0x1125,
    0x1125, 0x0963, 0x32e7, 0x2aa7, 0x0103, 0x1145, 0x1145, 0x0103, 0x2a87, 0x32e7, 0x09c2, 0x4bcb, 0x0943, 0x0904, 0x1105, 0x1125,
    0x0924, 0x0944, 0x438a, 0x0181, 0x3b48, 0x32a7, 0x00e3, 0x1125, 0x1105, 0x0924, 0x1204, 0x438a, 0x0944, 0x1124, 0x1105, 0x0905,
    0x0924, 0x0963, 0x3b49, 0x1144, 0x08c4, 0x08e4, 0x08e4, 0x0904, 0x0903, 0x2aa7, 0x2ac7, 0x00e3, 0x0905, 0x08e4, 0x08e4, 0x0103,
    0x2266, 0x32a8, 0x00c2, 0x0904, 0x08e4, 0x10e5, 0x0904, 0x1a25, 0x3b29, 0x00c2, 0x08e4, 0x0904, 0x00a2, 0x2a47, 0x2a86, 0x09a2,
    0x53ab, 0x0903, 0x00a3, 0x08c4, 0x08e4, 0x00e1, 0x3ae8, 0x11c5, 0x00e3, 0x08e4, 0x08e4, 0x08e4, 0x0902, 0x3b28, 0x19c5, 0x0083,
    0x08c4, 0x08a3, 0x00c3, 0x00a1, 0x3aa8, 0x1984, 0x0082, 0x08c4, 0x08a3, 0x00c3, 0x08e2, 0x42e8, 0x19a4, 0x0082, 0x08a3, 0x08a3,
    0x00c3, 0x00c2, 0x3b07, 0x19c5, 0x0083, 0x08c3, 0x08a4, 0x08c4, 0x00e2, 0x3b09, 0x1985, 0x0042, 0x0883, 0x0883, 0x0082, 0x0081,
    0x42c8, 0x1943, 0x0042, 0x0083, 0x0063, 0x0883, 0x08a1, 0x3ae8, 0x1964, 0x0042, 0x0883, 0x0063, 0x0082, 0x0061, 0x3a67, 0x2a05,
    0x0021, 0x0063, 0x0063, 0x0082, 0x08a1, 0x3ae8, 0x1964, 0x0021, 0x0043, 0x0042, 0x0062, 0x08a2, 0x4b09, 0x08a1, 0x0042, 0x0022,
    0x0042, 0x0020, 0x21c5, 0x3a67, 0x0000, 0x0042, 0x0042, 0x0042, 0x0040, 0x3aa8, 0x1924, 0x0001, 0x0843, 0x0022, 0x0042, 0x2184,
    0x4ae9, 0x0020, 0x0042, 0x0021, 0x0022, 0x0041, 0x4288, 0x1923, 0x0001, 0x0003, 0x0022, 0x0020, 0x2184, 0x3a06, 0x0000, 0x0043,
    0x0022, 0x0042, 0x08a1, 0x4309, 0x10e2, 0x0002, 0x0042, 0x0022, 0x0040, 0x21a4, 0x3226, 0x0000, 0x0022, 0x0021, 0x0021, 0x08a1,
    0x42c9, 0x0061, 0x0001, 0x0021, 0x0022, 0x0022, 0x0022, 0x0022, 0x0022, 0x0002, 0x0041, 0x4b08, 0x29e6, 0x3287, 0x3a67, 0x0000,
    0x0021, 0x0001, 0x0040, 0x4ac9, 0x0861, 0x0001, 0x0042, 0x0023, 0x0001, 0x42c8, 0x2185, 0x0002, 0x0042, 0x0043, 0x0002, 0x29a4,
    0x4287, 0x0000, 0x0022, 0x0021, 0x0001, 0x0060, 0x4b0a, 0x0881, 0x0001, 0x0021, 0x08a3, 0x4328, 0x21c4, 0x42e9, 0x3226, 0x0000,
    0x0863, 0x0022, 0x1944, 0x4ac9, 0x0000, 0x0022, 0x0022, 0x0042, 0x0040, 0x4b09, 0x10c2, 0x0002, 0x0042, 0x0063, 0x0001, 0x2a06,
    0x3266, 0x0022, 0x0083, 0x0862, 0x0043, 0x00c2, 0x4b49, 0x00a2, 0x0042, 0x0062, 0x0863, 0x0000, 0x2164, 0x3a88, 0x0020, 0x0863,
    0x0042, 0x1123, 0x4329, 0x2226, 0x3b28, 0x21e5, 0x0042, 0x0083, 0x0063, 0x08c2, 0x4329, 0x08c2, 0x00a3, 0x0083, 0x08a3, 0x00a3,
    0x0903, 0x4b49, 0x0902, 0x00a3, 0x0884, 0x0083, 0x00a3, 0x0041, 0x3ac8, 0x2184, 0x0062, 0x08a4, 0x00a3, 0x08c3, 0x0083, 0x2a27,
    0x32c8, 0x00a3, 0x08c4, 0x08c3, 0x08c4, 0x00a3, 0x11e5, 0x3b49, 0x00e2, 0x10c5, 0x08e3, 0x08c4, 0x00c4, 0x11a4, 0x4b4a, 0x0104,
    0x08e4, 0x08c4, 0x0082, 0x2205, 0x3ac8, 0x2205, 0x3b48, 0x11a4, 0x00a3, 0x08c5, 0x08c4, 0x00c2, 0x4349, 0x19e5, 0x00c4, 0x10e5,
    0x08e4, 0x0963, 0x4369, 0x22a5, 0x3b48, 0x2a88, 0x00c3, 0x08e4, 0x0905, 0x00c3, 0x32c8, 0x2a67, 0x00a4, 0x0904, 0x08e4, 0x08e4,
    0x00c2, 0x2226, 0x32e8, 0x00e2, 0x1104, 0x0904, 0x0925, 0x0905, 0x1a06, 0x4369, 0x0124, 0x1145, 0x1125, 0x1125, 0x0904, 0x11c5,
    0x438a, 0x0123, 0x0905, 0x1104, 0x08e3, 0x2206, 0x3b29, 0x2285, 0x438a, 0x11a4, 0x0924, 0x0925, 0x1145, 0x0123, 0x3b49, 0x2aa6,
    0x32e7, 0x3308, 0x00e3, 0x0924, 0x0904, 0x1184, 0x3b89, 0x2aa7, 0x4389, 0x2246, 0x0904, 0x1125, 0x1145, 0x0103, 0x3b08, 0x2ae8,
    0x0124, 0x1145, 0x0945, 0x0103, 0x2a87, 0x3b68, 0x1a84, 0x4369, 0x0963, 0x0904, 0x1125, 0x0925, 0x0925, 0x0944, 0x3b89, 0x1a46,
    0x3b49, 0x2aa7, 0x00e4, 0x0945, 0x1124, 0x0905, 0x11c4, 0x4baa, 0x0964, 0x1125, 0x1125, 0x1105, 0x0905, 0x0123, 0x4389, 0x1164,
    0x08e4, 0x1125, 0x0904, 0x0924, 0x00c3, 0x32c7, 0x2aa7, 0x00c3, 0x1105, 0x08e5, 0x0904, 0x00c2, 0x2246, 0x32a8, 0x00c3, 0x1104,
    0x0904, 0x10e5, 0x08e4, 0x1a05, 0x3b49, 0x0104, 0x1125, 0x0904, 0x00c3, 0x2a47, 0x3ae7, 0x2205, 0x4329, 0x1143, 0x00a3, 0x00e3,
    0x08c4, 0x00c3, 0x3b29, 0x19c6, 0x00c4, 0x08e4, 0x08c5, 0x08c4, 0x00a2, 0x4309, 0x19a5, 0x00a3, 0x08e4, 0x08c4, 0x08c4, 0x0082,
    0x42c9, 0x19a5, 0x00a2, 0x08a4, 0x08a3, 0x00c3, 0x0061, 0x42c8, 0x21a5, 0x0062, 0x08a4, 0x08a3, 0x08c4, 0x00a3, 0x4329, 0x1a05,
    0x0083, 0x08a3, 0x08a4, 0x08a4, 0x0061, 0x4309, 0x1985, 0x0042, 0x0883, 0x0882, 0x0884, 0x0061, 0x42e9, 0x1964, 0x0062, 0x0082,
    0x0863, 0x0864, 0x0040, 0x3ae8, 0x1964, 0x0042, 0x0083, 0x0063, 0x0883, 0x0021, 0x4288, 0x2a26, 0x0042, 0x0882, 0x0063, 0x0064,
    0x0041, 0x4308, 0x1944, 0x0022, 0x0063, 0x0042, 0x0042, 0x0882, 0x532a, 0x08c2, 0x0022, 0x0023, 0x0042, 0x0001, 0x29c6, 0x3aa8,
    0x0000, 0x0042, 0x0042, 0x0042, 0x0020, 0x4ae9, 0x1924, 0x0001, 0x0042, 0x0042, 0x0001, 0x1944, 0x4b09, 0x0020, 0x0022, 0x0042,
    0x0042, 0x0001, 0x4aa8, 0x1943, 0x0001, 0x0023, 0x0042, 0x0001, 0x29a5, 0x3a47, 0x0000, 0x0023, 0x0022, 0x0022, 0x0021, 0x4b09,
    0x10e2, 0x0001, 0x0022, 0x0022, 0x0000, 0x29a4, 0x3a47, 0x0000, 0x0022, 0x0001, 0x0001, 0x0061, 0x4aea, 0x0061, 0x0001, 0x0022,
    0x0022, 0x0022, 0x0022, 0x0022, 0x0022, 0x0002, 0x0021, 0x536a, 0x21a4, 0x19c3, 0x3aa8, 0x0000, 0x0042, 0x0001, 0x0020, 0x42c8,
    0x0040, 0x0001, 0x0022, 0x0023, 0x0000, 0x42a7, 0x2164, 0x0001, 0x0022, 0x0023, 0x0001, 0x2183, 0x3a87, 0x0000, 0x0022, 0x0022,
    0x0021, 0x0020, 0x4ae9, 0x0060, 0x0021, 0x0001, 0x0882, 0x53aa, 0x1963, 0x3226, 0x3a47, 0x0000, 0x0863, 0x0001, 0x1102, 0x42c8,
    0x0000, 0x0062, 0x0042, 0x0042, 0x0020, 0x4ae9, 0x08a2, 0x0022, 0x0042, 0x0063, 0x0001, 0x29c5, 0x2a46, 0x0021, 0x0063, 0x0062,
    0x0043, 0x00a1, 0x4328, 0x0061, 0x0042, 0x0063, 0x0863, 0x0000, 0x1924, 0x3a67, 0x0020, 0x0883, 0x0063, 0x1123, 0x538b, 0x1183,
    0x32c7, 0x21e6, 0x0042, 0x00c3, 0x0083, 0x00a2, 0x4309, 0x0081, 0x00a3, 0x00a3, 0x00a3, 0x00a3, 0x00e2, 0x4329, 0x00a1, 0x00a3,
    0x0884, 0x0083, 0x00a3, 0x0040, 0x32a7, 0x1963, 0x0062, 0x08a4, 0x00a3, 0x08c3, 0x0083, 0x2206, 0x32c7, 0x0082, 0x08e4, 0x08c4,
    0x08c4, 0x00a3, 0x11c4, 0x3b49, 0x00c2, 0x08e5, 0x08e3, 0x08e4, 0x00c4, 0x0963, 0x4329, 0x00c2, 0x08c3, 0x08c4, 0x00a2, 0x21e5,
    0x4b6a, 0x0121, 0x3b29, 0x1184, 0x00a3, 0x08a4, 0x08e4, 0x00a2, 0x3b49, 0x11c4, 0x00e3, 0x08e5, 0x08e4, 0x0923, 0x53eb, 0x1243,
    0x2ac6, 0x32c8, 0x00e3, 0x1125, 0x1125, 0x00c2, 0x32a7, 0x2226, 0x00a3, 0x0904, 0x08e4, 0x08e4, 0x00c2, 0x2205, 0x2aa7, 0x00e1,
    0x1125, 0x0925, 0x1145, 0x0924, 0x1a05, 0x4369, 0x0123, 0x1145, 0x0925, 0x0925, 0x0924, 0x11a4, 0x3b49, 0x0102, 0x0925, 0x1125,
    0x0904, 0x2226, 0x4bab, 0x09a2, 0x436a, 0x1184, 0x0944, 0x1145, 0x1145, 0x0123, 0x436a, 0x2ac7, 0x11e4, 0x4369, 0x00e3, 0x1145,
    0x0924, 0x0963, 0x4c0b, 0x1a04, 0x3307, 0x2267, 0x0904, 0x1145, 0x1165, 0x0123, 0x32e7, 0x2ac7, 0x0123, 0x1165, 0x1145, 0x0923,
    0x2a87, 0x4beb, 0x0181, 0x438a, 0x0964, 0x0924, 0x1125, 0x0945, 0x0925, 0x0123, 0x4bea, 0x1a24, 0x2ac6, 0x3308, 0x0904, 0x1145,
    0x1144, 0x0925, 0x11a4, 0x4389, 0x0123, 0x1125, 0x1125, 0x0905, 0x1125, 0x0122, 0x3b69, 0x1184, 0x0904, 0x0925, 0x0925, 0x1145,
    0x00c2, 0x2a87, 0x2a86, 0x00c2, 0x1105, 0x08e4, 0x0904, 0x00a2, 0x2225, 0x2a87, 0x00a2, 0x0904, 0x0924, 0x1105, 0x00e3, 0x1a04,
    0x3b49, 0x0103, 0x0924, 0x1104, 0x00e3, 0x2227, 0x4baa, 0x0121, 0x4329, 0x1164, 0x08c4, 0x08e3, 0x08e4, 0x00a2, 0x3308, 0x11a4,
    0x00c3, 0x08e4, 0x08c4, 0x08c4, 0x0061, 0x3ae8, 0x1184, 0x0082, 0x08e4, 0x08c4, 0x08e4, 0x00a1, 0x3ae9, 0x11a4, 0x00a2, 0x08c4,
    0x08c3, 0x00c3, 0x0041, 0x3aa8, 0x1963, 0x0082, 0x08c4, 0x08c4, 0x08e4, 0x0082, 0x3b08, 0x11c4, 0x0083, 0x08c3, 0x08a3, 0x08a4,
    0x0040, 0x3aa7, 0x1143, 0x0042, 0x08a4, 0x0883, 0x08a4, 0x0081, 0x3ae8, 0x1164, 0x0062, 0x0883, 0x0883, 0x0863, 0x0020, 0x3aa7,
    0x1123, 0x0041, 0x0883, 0x0863, 0x0883, 0x0020, 0x3a88, 0x2a05, 0x0042, 0x0883, 0x0083, 0x0884, 0x0020, 0x3ae8, 0x1923, 0x0021,
    0x0063, 0x0042, 0x0022, 0x0041, 0x4ae9, 0x0080, 0x0022, 0x0043, 0x0062, 0x0020, 0x21a5, 0x3aa7, 0x0000, 0x0063, 0x0043, 0x0062,
    0x0000, 0x42a8, 0x10e2, 0x0001, 0x0022, 0x0022, 0x0001, 0x1102, 0x42c8, 0x0000, 0x0022, 0x0022, 0x0022, 0x0000, 0x4287, 0x1923,
    0x0001, 0x0043, 0x0042, 0x0001, 0x21a5, 0x3a47, 0x0000, 0x0023, 0x0002, 0x0022, 0x0000, 0x3aa8, 0x08a1, 0x0000, 0x0022, 0x0022,
    0x0000, 0x2184, 0x3226, 0x0000, 0x0023, 0x0002, 0x0021, 0x0040, 0x42c9, 0x0040, 0x0001, 0x0022, 0x0022, 0x0022, 0x0022, 0x0022,
    0x0022, 0x0022, 0x0001, 0x4b0a, 0x29c5, 0x3aa7, 0x3227, 0x0000, 0x0022, 0x0001, 0x2164, 0x536a, 0x2144, 0x0001, 0x0042, 0x0002,
    0x10c3, 0x536a, 0x4288, 0x0862, 0x0022, 0x0022, 0x0862, 0x3aa7, 0x4b4a, 0x10e3, 0x0022, 0x0022, 0x0021, 0x2144, 0x5b8b, 0x2164,
    0x0021, 0x0022, 0x0021, 0x536a, 0x21a4, 0x4ae9, 0x29a6, 0x0001, 0x0042, 0x0061, 0x3226, 0x5b6b, 0x18e3, 0x0022, 0x0022, 0x0042,
    0x1944, 0x5b8b, 0x29e6, 0x0062, 0x0042, 0x0062, 0x0883, 0x42e9, 0x4309, 0x0882, 0x0042, 0x0062, 0x0042, 0x21a5, 0x53cb, 0x21c5,
    0x0062, 0x0063, 0x0062, 0x08a2, 0x3a68, 0x4b2a, 0x10e3, 0x0063, 0x0063, 0x00c2, 0x4b4a, 0x1983, 0x432a, 0x1144, 0x0062, 0x00a3,
    0x08a3, 0x21c6, 0x53ab, 0x21c5, 0x00c3, 0x00a4, 0x08c4, 0x08c3, 0x19a5, 0x53ab, 0x21c5, 0x00a3, 0x0883, 0x0883, 0x0083, 0x1103,
    0x4b6a, 0x3267, 0x0082, 0x00a3, 0x08c3, 0x08c3, 0x08e3, 0x3ac8, 0x4b6a, 0x1124, 0x08c4, 0x08e4, 0x08e4, 0x0903, 0x2aa7, 0x4beb,
    0x1184, 0x00c4, 0x08e4, 0x08e4, 0x00e4, 0x2a47, 0x53cb, 0x19a4, 0x00a3, 0x08c4, 0x08a3, 0x1184, 0x4b4a, 0x19c4, 0x4b6b, 0x0903,
    0x08c4, 0x08c4, 0x00e3, 0x1164, 0x4bab, 0x2a87, 0x0924, 0x0905, 0x0904, 0x0103, 0x4bcb, 0x2285, 0x4369, 0x2247, 0x0903, 0x1104,
    0x0904, 0x0964, 0x4349, 0x3ae8, 0x0903, 0x08e4, 0x0904, 0x08e4, 0x0903, 0x32a7, 0x4369, 0x1164, 0x0925, 0x1145, 0x1145, 0x1165,
    0x32c8, 0x4beb, 0x11c5, 0x0945, 0x0925, 0x0924, 0x0944, 0x2a67, 0x4bab, 0x11a4, 0x0904, 0x0925, 0x0924, 0x19e6, 0x4bcb, 0x1204,
    0x4b6b, 0x0923, 0x1145, 0x1145, 0x1165, 0x0103, 0x3b29, 0x32e8, 0x32e8, 0x3308, 0x0103, 0x1165, 0x0924, 0x0943, 0x4bcb, 0x1a05,
    0x438a, 0x19e5, 0x0924, 0x1165, 0x0965, 0x11a4, 0x4369, 0x3b8a, 0x0985, 0x1165, 0x1165, 0x0124, 0x1a06, 0x43ab, 0x1a25, 0x4b8b,
    0x0923, 0x1144, 0x1125, 0x0945, 0x1145, 0x0123, 0x438a, 0x2286, 0x4369, 0x2a87, 0x0924, 0x1145, 0x1144, 0x0945, 0x2a87, 0x4bcb,
    0x19c5, 0x0904, 0x0924, 0x0924, 0x0924, 0x19e5, 0x540c, 0x2a87, 0x0964, 0x0945, 0x0966, 0x0945, 0x1144, 0x4329, 0x4329, 0x0923,
    0x08e4, 0x08e4, 0x08e4, 0x0903, 0x32c8, 0x434a, 0x1144, 0x0904, 0x0924, 0x0925, 0x0944, 0x2ac7, 0x4bcb, 0x11c5, 0x0925, 0x1125,
    0x08e4, 0x19e6, 0x4bca, 0x1204, 0x4b6a, 0x08e3, 0x08e4, 0x0904, 0x08e4, 0x1185, 0x438a, 0x2a67, 0x0904, 0x08e4, 0x08c4, 0x00c3,
    0x1143, 0x4b6a, 0x2a47, 0x08c3, 0x08e3, 0x08e4, 0x08e4, 0x1164, 0x4b8a, 0x2a87, 0x00e3, 0x08c4, 0x00c4, 0x00a3, 0x1123, 0x4b6a,
    0x3247, 0x00c2, 0x08c4, 0x08c4, 0x08c4, 0x1144, 0x4b8a, 0x3288, 0x08e4, 0x08a3, 0x08a3, 0x0083, 0x1103, 0x4b4a, 0x3226, 0x0082,
    0x08a4, 0x08a3, 0x00a3, 0x1144, 0x4baa, 0x3267, 0x00a3, 0x08a3, 0x08a3, 0x0062, 0x10e3, 0x4b4a, 0x2a06, 0x0082, 0x0863, 0x0863,
    0x0082, 0x10e3, 0x4b4a, 0x4309, 0x08a3, 0x0083, 0x0883, 0x0883, 0x1924, 0x536a, 0x3227, 0x0042, 0x0042, 0x0842, 0x0042, 0x2164,
    0x5b8b, 0x2184, 0x0022, 0x0043, 0x0062, 0x08a2, 0x3aa8, 0x4b6a, 0x10e3, 0x0063, 0x0063, 0x0042, 0x1903, 0x5b6b, 0x31e6, 0x0021,
    0x0022, 0x0022, 0x0021, 0x31e6, 0x536b, 0x1903, 0x0001, 0x0021, 0x0021, 0x1924, 0x5b8b, 0x3a47, 0x0062, 0x0042, 0x0042, 0x0882,
    0x42a8, 0x5309, 0x10c3, 0x0021, 0x0021, 0x0021, 0x1903, 0x532a, 0x29c5, 0x0021, 0x0022, 0x0022, 0x0882, 0x42a8, 0x4b29, 0x10c2,
    0x0022, 0x0022, 0x0022, 0x2184, 0x5b6b, 0x2184, 0x0021, 0x0022, 0x0022, 0x0022, 0x0022, 0x0022, 0x0022, 0x0022, 0x0001, 0x08a2,
    0x4268, 0x3226, 0x0861, 0x0022, 0x0022, 0x0022, 0x31e6, 0x3226, 0x29a6, 0x0001, 0x0022, 0x0001, 0x2145, 0x3247, 0x3227, 0x10a3,
    0x0022, 0x0002, 0x08a3, 0x3247, 0x3247, 0x2166, 0x0002, 0x0042, 0x0062, 0x31e7, 0x3a47, 0x29c6, 0x0042, 0x0022, 0x0021, 0x10e2,
    0x4288, 0x29c6, 0x0041, 0x0022, 0x0001, 0x08a2, 0x3206, 0x3226, 0x2165, 0x0022, 0x0042, 0x0062, 0x3207, 0x3267, 0x3227, 0x08a3,
    0x0062, 0x0041, 0x10e4, 0x3247, 0x3247, 0x1904, 0x0022, 0x0062, 0x0062, 0x29e7, 0x3246, 0x2a06, 0x0863, 0x0063, 0x0062, 0x1124,
    0x3a69, 0x3a68, 0x1986, 0x0042, 0x0083, 0x0061, 0x1964, 0x42a9, 0x21c5, 0x0082, 0x00a3, 0x0083, 0x08e4, 0x3268, 0x3288, 0x3248,
    0x00c3, 0x00a4, 0x08a4, 0x08c3, 0x29e6, 0x2a47, 0x2a07, 0x00a3, 0x0883, 0x08a3, 0x0082, 0x21a6, 0x3287, 0x3268, 0x10e4, 0x00a3,
    0x08c3, 0x00a3, 0x1124, 0x3287, 0x32a8, 0x1986, 0x00c3, 0x08e4, 0x00c4, 0x1164, 0x32c8, 0x32c7, 0x2227, 0x00c4, 0x08e4, 0x08e4,
    0x0904, 0x3288, 0x32a7, 0x2206, 0x00a3, 0x08c4, 0x08e4, 0x00c3, 0x2206, 0x3ac9, 0x1985, 0x00c2, 0x08c4, 0x08e4, 0x08e3, 0x2207,
    0x2aa8, 0x2a88, 0x0924, 0x0904, 0x0925, 0x0904, 0x19e6, 0x434a, 0x2aa8, 0x0924, 0x1125, 0x1105, 0x0904, 0x19e6, 0x32a8, 0x3287,
    0x1165, 0x08c4, 0x0904, 0x08e4, 0x1985, 0x32a8, 0x32c8, 0x2206, 0x0925, 0x1145, 0x1124, 0x19a6, 0x32c9, 0x32c8, 0x2247, 0x0924,
    0x0925, 0x0924, 0x0944, 0x2a68, 0x32a7, 0x2226, 0x0924, 0x1145, 0x0945, 0x0123, 0x2267, 0x3b2a, 0x19e6, 0x0924, 0x1145, 0x1145,
    0x1145, 0x0944, 0x0983, 0x3b09, 0x3b09, 0x0984, 0x0944, 0x1165, 0x1145, 0x0923, 0x19e5, 0x42ea, 0x2a47, 0x0943, 0x1165, 0x1165,
    0x0944, 0x2227, 0x3b29, 0x3329, 0x2207, 0x0945, 0x0965, 0x0965, 0x0123, 0x2267, 0x3b0a, 0x11a5, 0x0923, 0x1144, 0x1125, 0x0944,
    0x1145, 0x0924, 0x11c4, 0x3b2a, 0x2aa8, 0x0964, 0x0945, 0x1145, 0x0924, 0x1165, 0x2a88, 0x2aa7, 0x2227, 0x0904, 0x0924, 0x0924,
    0x0944, 0x2a68, 0x32e8, 0x32c8, 0x11a5, 0x0965, 0x0966, 0x0944, 0x19c6, 0x32a8, 0x3288, 0x1985, 0x00c3, 0x08e4, 0x08c3, 0x1985,
    0x3287, 0x2a87, 0x19a6, 0x08e3, 0x0924, 0x0925, 0x1185, 0x32c8, 0x32c8, 0x2a47, 0x0924, 0x1125, 0x1125, 0x0924, 0x2287, 0x3b2a,
    0x19c5, 0x08e4, 0x0905, 0x0904, 0x08e3, 0x2a07, 0x2aa8, 0x2a67, 0x0924, 0x00c3, 0x08e4, 0x00c3, 0x21e6, 0x3287, 0x3288, 0x1104,
    0x08c3, 0x08e4, 0x00e4, 0x2207, 0x32c8, 0x3288, 0x1125, 0x08c4, 0x08e4, 0x00c3, 0x29e6, 0x32a8, 0x3268, 0x0924, 0x00a3, 0x08c4,
    0x00a3, 0x21c6, 0x3288, 0x3247, 0x08e4, 0x0083, 0x08a3, 0x0062, 0x2185, 0x3267, 0x3247, 0x1104, 0x00a4, 0x08c4, 0x00a3, 0x21e6,
    0x32a8, 0x3288, 0x1104, 0x0083, 0x00a3, 0x0062, 0x2185, 0x3247, 0x3207, 0x08c3, 0x0063, 0x0883, 0x0062, 0x2185, 0x3288, 0x3287,
    0x1104, 0x0083, 0x08a3, 0x0062, 0x29a6, 0x3247, 0x3227, 0x08a3, 0x0022, 0x0042, 0x0062, 0x29c6, 0x3226, 0x29c6, 0x0042, 0x0043,
    0x0041, 0x1924, 0x3a68, 0x3267, 0x2186, 0x0063, 0x0083, 0x0042, 0x2986, 0x3a47, 0x29c6, 0x0041, 0x0022, 0x0001, 0x0862, 0x31e6,
    0x2a06, 0x2145, 0x0001, 0x0021, 0x0021, 0x29c7, 0x3a47, 0x3247, 0x08a3, 0x0042, 0x0022, 0x1104, 0x3a47, 0x3a27, 0x1925, 0x0001,
    0x0021, 0x0021, 0x29a6, 0x3206, 0x31c6, 0x0842, 0x0001, 0x0001, 0x10e4, 0x3a67, 0x3a67, 0x1944, 0x0021, 0x0022, 0x0022, 0x31e6,
    0x3226, 0x29a6, 0x0041, 0x0001, 0x0022, 0x0022, 0x0022, 0x0022, 0x0022, 0x0022, 0x0021, 0x0001, 0x0000, 0x0000, 0x0022, 0x0022,
    0x0021, 0x0022, 0x0001, 0x0020, 0x0001, 0x0002, 0x0021, 0x0022, 0x0001, 0x0000, 0x0000, 0x0000, 0x0022, 0x0022, 0x0001, 0x0000,
    0x0020, 0x0001, 0x0042, 0x0042, 0x0022, 0x0001, 0x0020, 0x0000, 0x0022, 0x0022, 0x0042, 0x0021, 0x0000, 0x0000, 0x0042, 0x0022,
    0x0022, 0x0021, 0x0000, 0x0020, 0x0021, 0x0042, 0x0042, 0x0042, 0x0021, 0x0040, 0x0041, 0x0042, 0x0042, 0x0062, 0x0022, 0x0020,
    0x0020, 0x0021, 0x0042, 0x0062, 0x0042, 0x0021, 0x0041, 0x0041, 0x0042, 0x0063, 0x0883, 0x0082, 0x0062, 0x0062, 0x0062, 0x0883,
    0x0883, 0x0083, 0x0062, 0x0061, 0x0061, 0x00a3, 0x00a3, 0x08a3, 0x00a3, 0x0082, 0x00a2, 0x0082, 0x08c3, 0x08a3, 0x08a4, 0x00a3,
    0x0082, 0x0081, 0x0062, 0x0083, 0x08a3, 0x00a3, 0x08a3, 0x00a3, 0x00a1, 0x0082, 0x08a4, 0x08c3, 0x00a3, 0x08c4, 0x00a3, 0x00a2,
    0x00c2, 0x00a3, 0x08e4, 0x08e4, 0x08c5, 0x00e4, 0x00c3, 0x00c3, 0x00c3, 0x08e4, 0x08e4, 0x08e4, 0x08e4, 0x00c3, 0x00c2, 0x00c2,
    0x00e4, 0x08c4, 0x08e4, 0x08e4, 0x00c3, 0x00c2, 0x00c3, 0x08e4, 0x08e4, 0x08e4, 0x0904, 0x00e3, 0x0103, 0x0103, 0x0904, 0x0925,
    0x0905, 0x0925, 0x0924, 0x0103, 0x0924, 0x0905, 0x1105, 0x0904, 0x0904, 0x0903, 0x00e3, 0x00e3, 0x0903, 0x0904, 0x0924, 0x0904,
    0x0904, 0x0123, 0x0123, 0x0924, 0x1125, 0x1124, 0x1124, 0x0924, 0x0123, 0x0123, 0x0923, 0x1124, 0x0924, 0x0924, 0x0924, 0x0103,
    0x0123, 0x0924, 0x0944, 0x0925, 0x1145, 0x0944, 0x0123, 0x0923, 0x0944, 0x1165, 0x1145, 0x1145, 0x1145, 0x1144, 0x0944, 0x0944,
    0x0944, 0x0964, 0x1145, 0x1145, 0x1145, 0x1144, 0x0923, 0x0923, 0x0944, 0x1144, 0x1145, 0x1164, 0x1165, 0x0964, 0x0963, 0x0944,
    0x0944, 0x1165, 0x1145, 0x1145, 0x0944, 0x0923, 0x0123, 0x0923, 0x0944, 0x1124, 0x1145, 0x1144, 0x1145, 0x1145, 0x0944, 0x0123,
    0x0923, 0x1145, 0x0945, 0x0944, 0x1144, 0x0944, 0x0103, 0x0102, 0x0103, 0x0924, 0x0944, 0x0944, 0x1145, 0x0944, 0x0963, 0x0123,
    0x0965, 0x0965, 0x0945, 0x1145, 0x0924, 0x00e3, 0x00e3, 0x08e3, 0x0904, 0x0904, 0x0904, 0x08e3, 0x00e2, 0x0102, 0x08e3, 0x0904,
    0x0925, 0x1125, 0x0924, 0x0124, 0x0124, 0x0903, 0x0925, 0x0905, 0x0904, 0x0904, 0x0103, 0x0103, 0x0904, 0x1104, 0x0904, 0x0904,
    0x08e4, 0x00c3, 0x00e3, 0x00c2, 0x08c3, 0x08e4, 0x08e4, 0x08e4, 0x00a2, 0x00c2, 0x00c3, 0x08e3, 0x08e4, 0x08c4, 0x08e4, 0x00c3,
    0x00c2, 0x00c3, 0x08c4, 0x08c4, 0x08e4, 0x08e4, 0x00c3, 0x00c2, 0x00a3, 0x00c3, 0x08c4, 0x08c4, 0x08c4, 0x00a2, 0x00a2, 0x0082,
    0x00a3, 0x00a3, 0x0083, 0x08a3, 0x0082, 0x0082, 0x0082, 0x08a3, 0x08c4, 0x00a3, 0x08c4, 0x00a3, 0x00a2, 0x00a2, 0x00a3, 0x00a3,
    0x08a3, 0x00a3, 0x0062, 0x0061, 0x0061, 0x0082, 0x0883, 0x0883, 0x0083, 0x0062, 0x0061, 0x0041, 0x0062, 0x0083, 0x0063, 0x0062,
    0x0041, 0x0041, 0x0041, 0x0042, 0x0063, 0x0062, 0x0042, 0x0020, 0x0020, 0x0001, 0x0042, 0x0042, 0x0062, 0x0042, 0x0041, 0x0021,
    0x0021, 0x0062, 0x0042, 0x0042, 0x0022, 0x0021, 0x0021, 0x0021, 0x0022, 0x0042, 0x0022, 0x0000, 0x0000, 0x0001, 0x0022, 0x0041,
    0x0022, 0x0001, 0x0020, 0x0000, 0x0022, 0x0042, 0x0042, 0x0022, 0x0000, 0x0000, 0x0002, 0x0002, 0x0002, 0x0021, 0x0000, 0x0000,
    0x0000, 0x0001, 0x0022, 0x0022, 0x0002, 0x0001, 0x0001, 0x0002, 0x0023, 0x0023, 0x0022, 0x0000, 0x0000, 0x0000, 0x0021, 0x0021,
    0x0022, 0x0022, 0x0022, 0x0022, 0x0022, 0x0022, 0x0021, 0x0022, 0x0001, 0x0001, 0x0022, 0x0022, 0x0021, 0x0022, 0x0001, 0x0000,
    0x0002, 0x0022, 0x0041, 0x0021, 0x0002, 0x0001, 0x0021, 0x0001, 0x0022, 0x0022, 0x0022, 0x0001, 0x0001, 0x0021, 0x0022, 0x0022,
    0x0022, 0x0022, 0x0001, 0x0042, 0x0022, 0x0022, 0x0042, 0x0002, 0x0001, 0x0001, 0x0021, 0x0042, 0x0022, 0x0022, 0x0021, 0x0022,
    0x0042, 0x0042, 0x0042, 0x0042, 0x0042, 0x0041, 0x0042, 0x0862, 0x0042, 0x0043, 0x0042, 0x0021, 0x0021, 0x0842, 0x0062, 0x0062,
    0x0042, 0x0022, 0x0022, 0x0042, 0x0062, 0x0063, 0x0883, 0x0883, 0x0062, 0x0083, 0x08a3, 0x0083, 0x0883, 0x0083, 0x0083, 0x0042,
    0x0062, 0x00a3, 0x00a3, 0x08a3, 0x00a3, 0x00a3, 0x0083, 0x08c3, 0x08a3, 0x08a3, 0x00a3, 0x00a3, 0x0083, 0x0062, 0x00a3, 0x08c4,
    0x08a3, 0x00c3, 0x08c3, 0x08a3, 0x00a2, 0x00a3, 0x08a4, 0x00c3, 0x08c4, 0x08c4, 0x08a3, 0x0082, 0x0083, 0x08c4, 0x08c4, 0x08c4,
    0x08e4, 0x08e4, 0x00c4, 0x08a4, 0x08e4, 0x08e4, 0x08e4, 0x08c4, 0x08c4, 0x00c4, 0x00a3, 0x08e4, 0x00e4, 0x08e4, 0x08e4, 0x08e4,
    0x08e4, 0x08c4, 0x0904, 0x0905, 0x08e5, 0x0905, 0x0905, 0x0904, 0x08e4, 0x1125, 0x1125, 0x1105, 0x0905, 0x1125, 0x0925, 0x00e3,
    0x0904, 0x1105, 0x1104, 0x0904, 0x0904, 0x0904, 0x00e4, 0x0904, 0x1125, 0x0905, 0x0924, 0x0945, 0x1125, 0x0904, 0x0924, 0x1145,
    0x1105, 0x1124, 0x1104, 0x1124, 0x0103, 0x00e3, 0x1124, 0x1125, 0x1124, 0x0924, 0x0945, 0x0924, 0x0924, 0x0945, 0x0945, 0x0924,
    0x1145, 0x1124, 0x1145, 0x0944, 0x1165, 0x1165, 0x1145, 0x1165, 0x1145, 0x1144, 0x0944, 0x0924, 0x0924, 0x0965, 0x1145, 0x1145,
    0x1165, 0x1165, 0x1165, 0x0944, 0x1165, 0x1165, 0x1145, 0x1144, 0x1145, 0x1145, 0x0923, 0x0924, 0x1145, 0x1144, 0x1145, 0x1145,
    0x1145, 0x0944, 0x0924, 0x1145, 0x1145, 0x1145, 0x1145, 0x1165, 0x1164, 0x1145, 0x1145, 0x1165, 0x1145, 0x1144, 0x0944, 0x0945,
    0x0924, 0x0903, 0x0944, 0x1145, 0x1144, 0x1144, 0x0944, 0x1144, 0x1145, 0x1145, 0x0924, 0x1145, 0x1145, 0x1144, 0x0944, 0x0924,
    0x0925, 0x0904, 0x0904, 0x1125, 0x1104, 0x0904, 0x0924, 0x0904, 0x0104, 0x0124, 0x1124, 0x1125, 0x0925, 0x1104, 0x1104, 0x0905,
    0x08e4, 0x1124, 0x0905, 0x0925, 0x1125, 0x0904, 0x0905, 0x08e4, 0x1125, 0x0904, 0x0904, 0x0904, 0x08e4, 0x08e4, 0x00c4, 0x08c3,
    0x08e4, 0x08e4, 0x08e4, 0x08e4, 0x08e4, 0x00c3, 0x08e4, 0x08e4, 0x08e4, 0x08c3, 0x08c4, 0x00c3, 0x0082, 0x00c4, 0x08e5, 0x08c4,
    0x08e3, 0x08e4, 0x08c4, 0x00a3, 0x08c4, 0x08c4, 0x08c4, 0x08c4, 0x08c3, 0x08a3, 0x0083, 0x0883, 0x08a3, 0x08a4, 0x00a3, 0x08a3,
    0x08c4, 0x0083, 0x08a4, 0x08c4, 0x08c4, 0x00a3, 0x00a3, 0x0083, 0x0042, 0x0082, 0x00a3, 0x00a3, 0x0883, 0x08a3, 0x08a3, 0x0062,
    0x08a4, 0x00a4, 0x0083, 0x0083, 0x0083, 0x0083, 0x0042, 0x0062, 0x0882, 0x0062, 0x0063, 0x0862, 0x0863, 0x0042, 0x0063, 0x0063,
    0x0063, 0x0082, 0x0063, 0x0062, 0x0041, 0x0043, 0x0022, 0x0022, 0x0042, 0x0042, 0x0022, 0x0022, 0x0042, 0x0042, 0x0042, 0x0043,
    0x0022, 0x0001, 0x0042, 0x0042, 0x0022, 0x0042, 0x0022, 0x0001, 0x0000, 0x0022, 0x0022, 0x0041, 0x0043, 0x0023, 0x0001, 0x0022,
    0x0022, 0x0022, 0x0042, 0x0022, 0x0000, 0x0000, 0x0002, 0x0001, 0x0021, 0x0022, 0x0001, 0x0000, 0x0001, 0x0021, 0x0022, 0x0022,
    0x0022, 0x0001, 0x0002, 0x0022, 0x0022, 0x0022, 0x0022, 0x0021, 0x0001, 0x0002, 0x0002, 0x0021, 0x0022, 0x0022, 0x0022, 0x0022,
    0x0022, 0x0022, 0x0022, 0x0022, 0x2165, 0x1923, 0x0001, 0x0022, 0x0021, 0x0001, 0x2164, 0x3a47, 0x10e3, 0x0001, 0x0022, 0x0001,
    0x0042, 0x21a5, 0x0882, 0x0001, 0x0022, 0x0021, 0x0041, 0x29c6, 0x31e7, 0x0062, 0x0021, 0x0022, 0x0002, 0x10c3, 0x21c5, 0x0062,
    0x0022, 0x0022, 0x0041, 0x10e2, 0x3a28, 0x21a5, 0x0020, 0x0022, 0x0022, 0x0021, 0x1923, 0x1944, 0x0022, 0x0042, 0x0043, 0x0043,
    0x08a2, 0x29e6, 0x0862, 0x0043, 0x0063, 0x0823, 0x0881, 0x3227, 0x29e6, 0x0061, 0x0042, 0x0042, 0x0061, 0x1964, 0x3a27, 0x1103,
    0x0042, 0x0883, 0x0083, 0x0083, 0x1984, 0x19a5, 0x0082, 0x0883, 0x0883, 0x0082, 0x1123, 0x3227, 0x1964, 0x0082, 0x0084, 0x00a4,
    0x00a3, 0x0904, 0x21c5, 0x0082, 0x00a3, 0x00a3, 0x08a3, 0x0082, 0x1984, 0x2a27, 0x0943, 0x00a2, 0x08a3, 0x08c4, 0x00c4, 0x1164,
    0x3288, 0x19e5, 0x00e3, 0x08c4, 0x08c4, 0x08a4, 0x00e2, 0x2a06, 0x2a06, 0x00e3, 0x08a4, 0x08e4, 0x08e4, 0x08c4, 0x11a5, 0x1a05,
    0x00e4, 0x08e4, 0x08e4, 0x08e4, 0x00c2, 0x19e5, 0x3268, 0x0943, 0x00e4, 0x08e4, 0x08e4, 0x08e4, 0x0965, 0x2205, 0x0924, 0x0905,
    0x0905, 0x1125, 0x0924, 0x0944, 0x2266, 0x1184, 0x0905, 0x1125, 0x0925, 0x0904, 0x0924, 0x2246, 0x1184, 0x08c4, 0x08e5, 0x0904,
    0x0904, 0x11a4, 0x32c9, 0x2a67, 0x0143, 0x0925, 0x1145, 0x0965, 0x09a4, 0x32e8, 0x2ac8, 0x0944, 0x1125, 0x0925, 0x0904, 0x0923,
    0x2a47, 0x32a8, 0x0963, 0x0924, 0x1145, 0x1165, 0x0964, 0x2266, 0x3b29, 0x11e5, 0x0945, 0x1166, 0x1145, 0x0945, 0x11a4, 0x2266,
    0x1164, 0x1145, 0x1185, 0x1165, 0x1165, 0x1144, 0x0983, 0x32c8, 0x2aa7, 0x0984, 0x1145, 0x1145, 0x1185, 0x1185, 0x11a5, 0x2aa7,
    0x11c5, 0x1165, 0x1165, 0x1165, 0x0944, 0x0983, 0x2aa8, 0x2267, 0x0964, 0x1145, 0x1146, 0x1165, 0x0945, 0x11e5, 0x2286, 0x0984,
    0x1165, 0x1165, 0x1145, 0x1145, 0x1165, 0x1145, 0x1145, 0x0945, 0x0944, 0x1144, 0x1144, 0x0944, 0x1a05, 0x2246, 0x1185, 0x0925,
    0x1144, 0x0965, 0x0965, 0x1165, 0x0944, 0x1185, 0x2247, 0x1144, 0x0925, 0x1125, 0x1144, 0x0944, 0x0924, 0x2246, 0x19e5, 0x0924,
    0x1125, 0x1125, 0x1144, 0x0984, 0x32c8, 0x2aa7, 0x0943, 0x0925, 0x1145, 0x1125, 0x0904, 0x11a5, 0x19e6, 0x0904, 0x1105, 0x0905,
    0x1125, 0x0924, 0x11a5, 0x2226, 0x0945, 0x1125, 0x1124, 0x1105, 0x08e3, 0x19a4, 0x3288, 0x1184, 0x00c3, 0x0904, 0x08e4, 0x08e4,
    0x0924, 0x2226, 0x0964, 0x08c4, 0x0904, 0x08e4, 0x00c3, 0x1163, 0x3267, 0x11a4, 0x00e3, 0x08c5, 0x08e4, 0x00c3, 0x11a4, 0x32a8,
    0x19e5, 0x00c3, 0x08c4, 0x00c4, 0x00a3, 0x00c2, 0x21c5, 0x0903, 0x0063, 0x08a4, 0x00c4, 0x08c4, 0x00c3, 0x21e6, 0x1124, 0x08a4,
    0x08c4, 0x08a4, 0x0082, 0x0923, 0x3227, 0x1984, 0x0082, 0x00a3, 0x08a4, 0x08a3, 0x00c3, 0x21e5, 0x0903, 0x0084, 0x08a4, 0x08a3,
    0x0083, 0x0062, 0x2184, 0x1103, 0x0042, 0x0083, 0x0863, 0x0063, 0x0082, 0x21c5, 0x08c3, 0x0063, 0x0883, 0x0083, 0x0082, 0x08e3,
    0x21a5, 0x0062, 0x0043, 0x0042, 0x0042, 0x0021, 0x1924, 0x1924, 0x0022, 0x0062, 0x0063, 0x0022, 0x1944, 0x3a68, 0x1964, 0x0041,
    0x0042, 0x0022, 0x0061, 0x29c6, 0x3247, 0x08c2, 0x0022, 0x0042, 0x0022, 0x0862, 0x29c5, 0x08a2, 0x0002, 0x0022, 0x0021, 0x0041,
    0x29e6, 0x31e7, 0x0061, 0x0021, 0x0022, 0x0001, 0x1923, 0x3a27, 0x1103, 0x0021, 0x0043, 0x0022, 0x0021, 0x2164, 0x1944, 0x0001,
    0x0022, 0x0022, 0x0001, 0x0882, 0x21a5, 0x0021, 0x0002, 0x0022, 0x0022, 0x0022, 0x0022, 0x0022, 0x0022, 0x0022, 0x0001, 0x2145,
    0x5bcc, 0x3226, 0x0000, 0x0042, 0x0001, 0x1924, 0x4b4a, 0x3227, 0x4b2a, 0x0021, 0x0022, 0x0021, 0x3208, 0x63ed, 0x1944, 0x0001,
    0x0042, 0x0000, 0x3227, 0x3a67, 0x4288, 0x3a48, 0x0000, 0x0022, 0x0842, 0x42a9, 0x5bcc, 0x0882, 0x0022, 0x0022, 0x0041, 0x534a,
    0x29e6, 0x534a, 0x1944, 0x0001, 0x0021, 0x10a3, 0x4b0a, 0x42e9, 0x0001, 0x0062, 0x0062, 0x0063, 0x3a68, 0x642d, 0x08c2, 0x0042,
    0x0043, 0x0001, 0x3a88, 0x3247, 0x42c9, 0x21c5, 0x0021, 0x0042, 0x1123, 0x432a, 0x29e5, 0x4b2a, 0x0062, 0x0883, 0x0062, 0x1905,
    0x63ed, 0x3ac8, 0x0062, 0x08a4, 0x0083, 0x00c2, 0x434a, 0x2a26, 0x538b, 0x1103, 0x0083, 0x0082, 0x08c3, 0x42c9, 0x4b4a, 0x0082,
    0x08a4, 0x00c4, 0x0063, 0x1104, 0x3ae9, 0x2206, 0x434a, 0x00c2, 0x08c4, 0x08c4, 0x00e3, 0x4b6a, 0x2a66, 0x4b8a, 0x1184, 0x08c4,
    0x08e5, 0x00a3, 0x2aa7, 0x32a7, 0x4329, 0x2a47, 0x0082, 0x08e4, 0x08e3, 0x1124, 0x4b8b, 0x3b29, 0x00c3, 0x0905, 0x0904, 0x08c3,
    0x11a5, 0x3b49, 0x2a87, 0x3b2a, 0x00e3, 0x0905, 0x0904, 0x0904, 0x3b2a, 0x4bca, 0x0944, 0x0905, 0x1104, 0x0904, 0x0924, 0x32a9,
    0x5c4d, 0x19e5, 0x0904, 0x1125, 0x0924, 0x08e3, 0x2a47, 0x540c, 0x1a05, 0x00c3, 0x0904, 0x0924, 0x00e3, 0x434a, 0x2a87, 0x4baa,
    0x2246, 0x0924, 0x1186, 0x0924, 0x3349, 0x3328, 0x3b49, 0x32c8, 0x00e3, 0x0925, 0x00e3, 0x2a47, 0x3b29, 0x3308, 0x3b29, 0x0904,
    0x1165, 0x0944, 0x2267, 0x43aa, 0x2b07, 0x4bcb, 0x0944, 0x1165, 0x0965, 0x1185, 0x434a, 0x542c, 0x0964, 0x1145, 0x1185, 0x1165,
    0x1165, 0x0923, 0x3308, 0x3348, 0x3b49, 0x2ac7, 0x0924, 0x1186, 0x1185, 0x11a5, 0x3309, 0x544c, 0x1205, 0x0965, 0x1165, 0x1185,
    0x0124, 0x434a, 0x32c7, 0x3b49, 0x2a87, 0x0924, 0x1165, 0x1165, 0x11a5, 0x434a, 0x540c, 0x0984, 0x1165, 0x1165, 0x1165, 0x1165,
    0x1165, 0x1165, 0x1145, 0x0944, 0x0123, 0x0944, 0x00e2, 0x2224, 0x656d, 0x6dce, 0x22a6, 0x00e3, 0x1166, 0x0944, 0x0965, 0x1165,
    0x0944, 0x2a67, 0x4bcb, 0x1164, 0x08e4, 0x0924, 0x0924, 0x0904, 0x19e6, 0x53ec, 0x2ac8, 0x0103, 0x1145, 0x1145, 0x0944, 0x3b09,
    0x3b29, 0x438a, 0x2aa8, 0x0103, 0x1145, 0x0904, 0x1165, 0x434b, 0x3b09, 0x00e3, 0x1124, 0x1104, 0x0924, 0x0944, 0x432a, 0x4bca,
    0x0964, 0x0925, 0x1145, 0x0925, 0x1164, 0x3b29, 0x2266, 0x436a, 0x0903, 0x08e4, 0x0904, 0x08e3, 0x32a8, 0x53eb, 0x11a4, 0x08c4,
    0x0904, 0x08e4, 0x08e3, 0x4329, 0x2a66, 0x4b8a, 0x0923, 0x08c4, 0x08e5, 0x0904, 0x4b8a, 0x22a6, 0x4bab, 0x1164, 0x08a3, 0x08c4,
    0x0083, 0x29e6, 0x53ab, 0x1984, 0x0062, 0x08a3, 0x08c3, 0x00a3, 0x3268, 0x540c, 0x1985, 0x00a3, 0x08c3, 0x08a4, 0x00a2, 0x42e9,
    0x2a06, 0x4b6a, 0x1124, 0x00a3, 0x08a4, 0x00a3, 0x3268, 0x5c2d, 0x1184, 0x0083, 0x08a4, 0x08a3, 0x0062, 0x2166, 0x5b8c, 0x29e6,
    0x0021, 0x0083, 0x0883, 0x0041, 0x3a48, 0x640d, 0x1144, 0x0042, 0x0883, 0x0882, 0x08a3, 0x42a9, 0x538b, 0x0882, 0x0042, 0x0062,
    0x0001, 0x1904, 0x63ac, 0x3a68, 0x0000, 0x0062, 0x0042, 0x08a2, 0x534a, 0x29c5, 0x534a, 0x08a2, 0x0042, 0x0001, 0x3206, 0x4309,
    0x3267, 0x42e9, 0x0001, 0x0042, 0x0021, 0x31e7, 0x63cc, 0x1103, 0x0001, 0x0042, 0x0000, 0x3207, 0x3a47, 0x4289, 0x3a68, 0x0000,
    0x0002, 0x08a2, 0x536b, 0x3206, 0x534b, 0x0882, 0x0022, 0x0001, 0x1924, 0x5b8c, 0x3a67, 0x0000, 0x0042, 0x0021, 0x0041, 0x4289,
    0x538b, 0x0041, 0x0002, 0x0021, 0x0022, 0x0022, 0x0022, 0x0022, 0x0022, 0x0022, 0x0042, 0x0020, 0x2a05, 0x3246, 0x0000, 0x0042,
    0x0001, 0x29e6, 0x3246, 0x08e2, 0x4b6a, 0x0061, 0x0002, 0x0042, 0x0020, 0x3aa8, 0x2184, 0x0001, 0x0042, 0x0000, 0x42e8, 0x08c2,
    0x29c5, 0x4b09, 0x0001, 0x0022, 0x0021, 0x0881, 0x4b29, 0x0882, 0x0022, 0x0022, 0x08c2, 0x4309, 0x0060, 0x4b09, 0x29e6, 0x0001,
    0x0842, 0x0021, 0x1103, 0x42c8, 0x0021, 0x0042, 0x0062, 0x0042, 0x0081, 0x4b4a, 0x08e2, 0x0042, 0x0042, 0x0041, 0x4b29, 0x08a1,
    0x42a8, 0x3a87, 0x0021, 0x0022, 0x21c5, 0x32a7, 0x0902, 0x4b8a, 0x08a2, 0x0042, 0x0082, 0x0041, 0x21a4, 0x3aa7, 0x0061, 0x08a4,
    0x0083, 0x1164, 0x4329, 0x00e0, 0x4baa, 0x19a4, 0x0082, 0x00a2, 0x0082, 0x08e2, 0x42c8, 0x0882, 0x0884, 0x00a3, 0x0062, 0x21a5,
    0x2a46, 0x0942, 0x4b8a, 0x1123, 0x08a4, 0x00c4, 0x0944, 0x4349, 0x0141, 0x4baa, 0x2205, 0x0083, 0x0905, 0x00e3, 0x3328, 0x09a2,
    0x2ac7, 0x32c8, 0x0082, 0x08c4, 0x08c3, 0x08c3, 0x11a4, 0x32c8, 0x00a2, 0x08e4, 0x08e4, 0x0883, 0x2267, 0x2286, 0x11e4, 0x43ab,
    0x0924, 0x08e4, 0x0904, 0x0924, 0x09a4, 0x3b68, 0x0964, 0x0905, 0x1125, 0x0904, 0x1125, 0x0923, 0x4369, 0x19e5, 0x0904, 0x1125,
    0x0904, 0x0904, 0x00c2, 0x2aa7, 0x2226, 0x00c3, 0x0924, 0x0924, 0x0923, 0x4369, 0x0182, 0x438a, 0x2ac8, 0x0924, 0x1166, 0x0943,
    0x43aa, 0x1204, 0x2ae7, 0x3b49, 0x00e3, 0x0924, 0x00e2, 0x32c8, 0x1204, 0x1a45, 0x4b8b, 0x0924, 0x1165, 0x0944, 0x32e9, 0x2b07,
    0x1264, 0x542b, 0x11a4, 0x1165, 0x1164, 0x1164, 0x11c4, 0x438a, 0x0984, 0x1145, 0x1185, 0x1165, 0x1165, 0x0944, 0x438a, 0x0a04,
    0x2b07, 0x3328, 0x0944, 0x11a6, 0x11a5, 0x11a5, 0x09a4, 0x3b89, 0x1225, 0x0964, 0x1165, 0x1185, 0x0964, 0x4b8a, 0x0982, 0x3b49,
    0x3308, 0x0123, 0x1165, 0x1165, 0x1165, 0x09a3, 0x4bca, 0x11c5, 0x1165, 0x1165, 0x1185, 0x1165, 0x1165, 0x1165, 0x0944, 0x0984,
    0x2ae8, 0x09a3, 0x11c4, 0x4c0a, 0x65ad, 0x5dac, 0x548a, 0x2286, 0x09c4, 0x2ae7, 0x09a4, 0x0924, 0x1145, 0x0122, 0x3308, 0x1164,
    0x08e4, 0x1124, 0x0924, 0x0924, 0x0903, 0x2ac7, 0x32c8, 0x0923, 0x1165, 0x1165, 0x0964, 0x43aa, 0x09e3, 0x3307, 0x3b29, 0x0103,
    0x1145, 0x1125, 0x0904, 0x19e5, 0x32a8, 0x00e3, 0x1104, 0x1104, 0x0924, 0x0924, 0x0983, 0x3b69, 0x0964, 0x1144, 0x0944, 0x0924,
    0x2206, 0x3307, 0x09c3, 0x4bcb, 0x1185, 0x08c4, 0x08e4, 0x0903, 0x0101, 0x3b07, 0x11c4, 0x08c4, 0x08e4, 0x08c3, 0x1185, 0x3b08,
    0x0161, 0x4baa, 0x11a5, 0x08c4, 0x08e3, 0x1185, 0x3b49, 0x0182, 0x4bcb, 0x19c5, 0x00a3, 0x08c4, 0x08a3, 0x00a1, 0x32a7, 0x19c5,
    0x0082, 0x08c3, 0x08c3, 0x08e3, 0x00c2, 0x2ac7, 0x19c5, 0x00a2, 0x00c3, 0x00a3, 0x0923, 0x3b08, 0x0101, 0x4b69, 0x21a5, 0x0062,
    0x08c3, 0x00c3, 0x00c2, 0x3b08, 0x19a4, 0x0083, 0x08a4, 0x0883, 0x08a3, 0x0041, 0x3247, 0x2a06, 0x0041, 0x0083, 0x0082, 0x0062,
    0x0061, 0x3ae8, 0x1964, 0x0042, 0x0062, 0x0062, 0x0062, 0x08c2, 0x4b29, 0x08a2, 0x0062, 0x0062, 0x0842, 0x0021, 0x21c5, 0x3a67,
    0x0000, 0x0042, 0x0001, 0x1143, 0x3aa8, 0x0040, 0x538a, 0x1944, 0x0022, 0x0021, 0x3aa7, 0x21e5, 0x19c4, 0x534b, 0x0021, 0x0042,
    0x0022, 0x0020, 0x3aa8, 0x1923, 0x0001, 0x0041, 0x0000, 0x3a88, 0x1103, 0x29e6, 0x42c8, 0x0000, 0x0001, 0x1123, 0x42e8, 0x00a1,
    0x5b8b, 0x1923, 0x0001, 0x0022, 0x0020, 0x21a4, 0x3267, 0x0000, 0x0042, 0x0021, 0x0021, 0x08a2, 0x4308, 0x0061, 0x0021, 0x0022,
    0x0022, 0x0022, 0x0022, 0x0022, 0x0022, 0x0022, 0x0022, 0x0000, 0x2a26, 0x3a47, 0x0000, 0x0022, 0x0001, 0x21a5, 0x3ac7, 0x29a5,
    0x42e8, 0x0881, 0x0001, 0x0022, 0x0000, 0x42c8, 0x2185, 0x0001, 0x0043, 0x0000, 0x3287, 0x29e5, 0x3226, 0x3ac8, 0x0001, 0x0022,
    0x0001, 0x0861, 0x4b2a, 0x0882, 0x0022, 0x0001, 0x08c2, 0x4329, 0x21c4, 0x4308, 0x3226, 0x0001, 0x0842, 0x0001, 0x1944, 0x42e9,
    0x0001, 0x0842, 0x0042, 0x0022, 0x0061, 0x4b4a, 0x10c3, 0x0022, 0x0042, 0x0061, 0x42e8, 0x3206, 0x3227, 0x3ac7, 0x0041, 0x0042,
    0x21c5, 0x3b28, 0x2a26, 0x4349, 0x08c3, 0x0042, 0x0083, 0x0021, 0x21a4, 0x3aa8, 0x0062, 0x08a4, 0x0083, 0x1164, 0x3b49, 0x2245,
    0x3b08, 0x19c5, 0x0062, 0x00a3, 0x0083, 0x08c2, 0x42e9, 0x08a2, 0x08a4, 0x08c4, 0x0082, 0x1984, 0x32a7, 0x2226, 0x3b28, 0x1143,
    0x00a3, 0x00c4, 0x1164, 0x3b28, 0x2245, 0x3b48, 0x2226, 0x00a4, 0x08e5, 0x0104, 0x3328, 0x2aa6, 0x32a7, 0x32a7, 0x0082, 0x08e4,
    0x08e4, 0x00a3, 0x11a4, 0x32e8, 0x00c3, 0x08e4, 0x08e4, 0x0082, 0x2267, 0x2ae7, 0x2265, 0x3b89, 0x0944, 0x0904, 0x1105, 0x0905,
    0x0964, 0x438a, 0x0964, 0x0905, 0x1105, 0x1105, 0x1125, 0x00e3, 0x438a, 0x1a05, 0x0904, 0x0905, 0x0904, 0x1104, 0x00c3, 0x32e8,
    0x2246, 0x08e4, 0x0925, 0x0904, 0x0944, 0x3b69, 0x22a6, 0x3b28, 0x32e8, 0x0944, 0x1186, 0x0923, 0x3b48, 0x32e8, 0x2ae7, 0x3308,
    0x0103, 0x1145, 0x00e2, 0x2aa7, 0x3308, 0x2ac7, 0x3b49, 0x0944, 0x1165, 0x0944, 0x32e8, 0x3b89, 0x2b27, 0x4beb, 0x11c5, 0x1165,
    0x0965, 0x1165, 0x11c4, 0x43ca, 0x09a4, 0x1165, 0x1185, 0x1165, 0x1165, 0x0964, 0x3b69, 0x2b07, 0x3307, 0x3328, 0x0964, 0x11a6,
    0x1185, 0x1185, 0x09a4, 0x438a, 0x1a26, 0x0945, 0x1185, 0x1185, 0x0964, 0x4369, 0x2ac6, 0x3307, 0x3308, 0x0923, 0x1165, 0x1165,
    0x1165, 0x11a4, 0x4bca, 0x11c5, 0x1185, 0x1185, 0x1185, 0x1186, 0x1185, 0x1185, 0x0944, 0x4beb, 0x6d6e, 0x54ec, 0x54ac, 0x444a,
    0x3be7, 0x3c07, 0x4449, 0x5d2c, 0x5d2d, 0x6d8e, 0x4c2b, 0x0944, 0x1125, 0x0923, 0x3308, 0x1184, 0x0904, 0x1144, 0x1124, 0x1145,
    0x0103, 0x3308, 0x3328, 0x0943, 0x1185, 0x1185, 0x0984, 0x3b69, 0x2b07, 0x3327, 0x32e8, 0x0123, 0x1145, 0x1125, 0x0904, 0x19e5,
    0x32c8, 0x0103, 0x1124, 0x1104, 0x0904, 0x0904, 0x1163, 0x4369, 0x0964, 0x1125, 0x0944, 0x0924, 0x2246, 0x3348, 0x1aa6, 0x3b49,
    0x19a5, 0x08c3, 0x0904, 0x0904, 0x00c2, 0x3b09, 0x11a4, 0x08c4, 0x0904, 0x00c3, 0x1184, 0x3b69, 0x2285, 0x3308, 0x2206, 0x00c4,
    0x00c3, 0x1185, 0x3b28, 0x19e4, 0x3ae8, 0x21c5, 0x0082, 0x00c4, 0x08c3, 0x00a2, 0x3ae8, 0x19e5, 0x0082, 0x08c4, 0x08c4, 0x08c4,
    0x0081, 0x32c8, 0x19a5, 0x0082, 0x08c4, 0x0083, 0x1143, 0x3b28, 0x2225, 0x3b07, 0x21e5, 0x0062, 0x08a4, 0x08c4, 0x0082, 0x3b09,
    0x1984, 0x0063, 0x08a3, 0x0883, 0x08a3, 0x0041, 0x3287, 0x2a26, 0x0042, 0x0083, 0x0083, 0x0083, 0x0060, 0x4309, 0x1964, 0x0022,
    0x0043, 0x0043, 0x0063, 0x08a2, 0x4b4a, 0x08c2, 0x0042, 0x0063, 0x0863, 0x0001, 0x21a5, 0x3a88, 0x0001, 0x0842, 0x0001, 0x1123,
    0x42c8, 0x29a5, 0x4329, 0x2164, 0x0022, 0x0021, 0x3286, 0x3ae8, 0x3287, 0x4b29, 0x0041, 0x0042, 0x0042, 0x0001, 0x4ae9, 0x1924,
    0x0001, 0x0021, 0x0000, 0x3246, 0x3a47, 0x3226, 0x3aa8, 0x0001, 0x0001, 0x1123, 0x4308, 0x21c5, 0x4b2a, 0x1943, 0x0000, 0x0022,
    0x0000, 0x21a5, 0x3a67, 0x0000, 0x0022, 0x0002, 0x0002, 0x0881, 0x4b29, 0x0062, 0x0022, 0x0022, 0x0022, 0x0022, 0x0022, 0x0022,
    0x0022, 0x0022, 0x0022, 0x0000, 0x2205, 0x2a06, 0x0000, 0x0823, 0x0000, 0x29a5, 0x4b4a, 0x0080, 0x4b09, 0x0861, 0x0001, 0x0822,
    0x0000, 0x3aa8, 0x1964, 0x0000, 0x0042, 0x0000, 0x42c8, 0x3a87, 0x1943, 0x4b09, 0x0001, 0x0022, 0x0001, 0x0020, 0x42e9, 0x0041,
    0x0022, 0x0022, 0x08a2, 0x53ab, 0x1162, 0x3266, 0x3247, 0x0001, 0x0863, 0x0021, 0x1103, 0x42c9, 0x0000, 0x0042, 0x0042, 0x0022,
    0x0020, 0x4309, 0x08a2, 0x0022, 0x0062, 0x0021, 0x4b4a, 0x2a05, 0x1943, 0x4309, 0x0041, 0x0042, 0x21a5, 0x4baa, 0x0901, 0x4349,
    0x08e3, 0x0063, 0x0883, 0x0001, 0x1984, 0x32a8, 0x0041, 0x08c4, 0x00a3, 0x0923, 0x4bab, 0x11a3, 0x2aa7, 0x19a5, 0x0083, 0x08a4,
    0x0083, 0x00c2, 0x3ae8, 0x0081, 0x08a4, 0x08a3, 0x0062, 0x1944, 0x4349, 0x0942, 0x3b08, 0x1123, 0x00a3, 0x00c4, 0x0923, 0x4bcb,
    0x11c3, 0x32e7, 0x2a47, 0x00a4, 0x08e5, 0x00e3, 0x4389, 0x32c7, 0x11c3, 0x3ae9, 0x0082, 0x08c4, 0x08e4, 0x0083, 0x1184, 0x32c8,
    0x00a2, 0x08e4, 0x0904, 0x00a3, 0x2247, 0x3b89, 0x0161, 0x438a, 0x1164, 0x0904, 0x1125, 0x0925, 0x0144, 0x3b49, 0x0944, 0x0925,
    0x0905, 0x1105, 0x1105, 0x00c2, 0x3b28, 0x11c4, 0x00e3, 0x0905, 0x0905, 0x1125, 0x00c2, 0x2ac7, 0x1a26, 0x0104, 0x1145, 0x1125,
    0x0923, 0x4beb, 0x1a45, 0x2285, 0x3b29, 0x0924, 0x1165, 0x0903, 0x4369, 0x2ac7, 0x1204, 0x3b49, 0x00e3, 0x1145, 0x0923, 0x32e8,
    0x3ba9, 0x09e3, 0x43aa, 0x0964, 0x1186, 0x0964, 0x2ac8, 0x4c0b, 0x0a03, 0x4bcb, 0x1184, 0x1165, 0x1185, 0x1185, 0x09a4, 0x3ba9,
    0x0983, 0x1185, 0x1185, 0x1165, 0x1166, 0x0964, 0x43aa, 0x2b08, 0x1244, 0x3b49, 0x0964, 0x11a6, 0x1186, 0x1185, 0x0163, 0x3b49,
    0x1a05, 0x0944, 0x1185, 0x1185, 0x0964, 0x4bcb, 0x2ac6, 0x1a65, 0x3b29, 0x0123, 0x1165, 0x1165, 0x1185, 0x0984, 0x43ca, 0x09c4,
    0x11a5, 0x1185, 0x1186, 0x1186, 0x1185, 0x1185, 0x0984, 0x3ba9, 0x5d6c, 0x4469, 0x33a7, 0x4c2a, 0x43c9, 0x43a9, 0x440a, 0x2b67,
    0x4429, 0x658c, 0x4c0a, 0x0944, 0x1125, 0x0123, 0x32e8, 0x1163, 0x0924, 0x1145, 0x0944, 0x1165, 0x0103, 0x2ae7, 0x2ae7, 0x0143,
    0x1186, 0x1185, 0x0964, 0x43aa, 0x3307, 0x1223, 0x3b29, 0x0124, 0x1165, 0x1145, 0x0904, 0x11c4, 0x32c8, 0x00e3, 0x1124, 0x1105,
    0x1125, 0x0904, 0x0943, 0x3b49, 0x0944, 0x1145, 0x1145, 0x0924, 0x1a26, 0x4c0a, 0x09c2, 0x3b49, 0x19c5, 0x08e3, 0x0905, 0x0904,
    0x00a1, 0x3b09, 0x0984, 0x00c3, 0x0904, 0x08e3, 0x0944, 0x4beb, 0x09c3, 0x32e7, 0x2206, 0x08c4, 0x0904, 0x1164, 0x4bab, 0x0942,
    0x3287, 0x2a06, 0x0082, 0x08e4, 0x08e4, 0x0082, 0x32e8, 0x19c5, 0x0082, 0x08c4, 0x00a4, 0x08c4, 0x0061, 0x2a87, 0x1144, 0x0062,
    0x08c4, 0x0884, 0x0903, 0x53cb, 0x1183, 0x32c7, 0x2a06, 0x0063, 0x0884, 0x08a4, 0x0061, 0x3ac8, 0x1123, 0x0042, 0x0883, 0x0883,
    0x08a3, 0x0021, 0x3266, 0x2226, 0x0042, 0x08a3, 0x08a4, 0x0884, 0x0061, 0x3b09, 0x1143, 0x0022, 0x0863, 0x0043, 0x0043, 0x0061,
    0x4329, 0x0081, 0x0042, 0x0063, 0x0863, 0x0021, 0x21c4, 0x3a88, 0x0001, 0x0063, 0x0002, 0x1103, 0x538b, 0x08c1, 0x3ac8, 0x2185,
    0x0002, 0x0000, 0x3267, 0x4309, 0x0901, 0x4b4a, 0x0021, 0x0042, 0x0042, 0x0000, 0x42a8, 0x1103, 0x0001, 0x0022, 0x0001, 0x3a88,
    0x3247, 0x10e2, 0x42c9, 0x0000, 0x0001, 0x10e2, 0x538a, 0x08c1, 0x42e9, 0x1944, 0x0001, 0x0843, 0x0000, 0x2184, 0x3247, 0x0000,
    0x0022, 0x0022, 0x0002, 0x0041, 0x4309, 0x0041, 0x0002, 0x0002, 0x0022, 0x0022, 0x0022, 0x0022, 0x0022, 0x0022, 0x0022, 0x10a3,
    0x4329, 0x4329, 0x08a2, 0x0022, 0x0001, 0x1924, 0x4b4a, 0x21c4, 0x534a, 0x0041, 0x0021, 0x0022, 0x1103, 0x538a, 0x3a88, 0x0862,
    0x0042, 0x0000, 0x3a47, 0x3ac8, 0x3266, 0x42a9, 0x0000, 0x0022, 0x0021, 0x2185, 0x53cb, 0x2185, 0x0021, 0x0042, 0x0061, 0x538b,
    0x2205, 0x4b69, 0x21c5, 0x0022, 0x0062, 0x0882, 0x3247, 0x538b, 0x1904, 0x0021, 0x0042, 0x0042, 0x1964, 0x53cc, 0x29c6, 0x0062,
    0x0063, 0x0002, 0x42e9, 0x3ac7, 0x3ac8, 0x3267, 0x0022, 0x0062, 0x1164, 0x4baa, 0x21e4, 0x4b6a, 0x00c2, 0x0083, 0x0083, 0x08a3,
    0x3ac8, 0x4b8a, 0x1103, 0x0083, 0x00a3, 0x00e2, 0x4b8a, 0x19e4, 0x4349, 0x1123, 0x0083, 0x08a3, 0x00c3, 0x21e5, 0x4b8a, 0x1985,
    0x08a3, 0x08c4, 0x0083, 0x1123, 0x4b6a, 0x19c4, 0x432a, 0x08e3, 0x08a3, 0x08e4, 0x00e3, 0x4bab, 0x2265, 0x436a, 0x19c5, 0x08e4,
    0x0905, 0x00c3, 0x3329, 0x3308, 0x32e8, 0x2a68, 0x00a3, 0x08e4, 0x00e3, 0x08e3, 0x2a87, 0x438a, 0x1165, 0x08c4, 0x0904, 0x00c3,
    0x19e5, 0x438a, 0x2286, 0x436a, 0x0124, 0x0925, 0x1125, 0x0945, 0x2246, 0x4bea, 0x2246, 0x0945, 0x0924, 0x1104, 0x08e4, 0x1144,
    0x4baa, 0x2a87, 0x0904, 0x0904, 0x0924, 0x0924, 0x19c5, 0x43aa, 0x3328, 0x1185, 0x0964, 0x1165, 0x0123, 0x4bca, 0x2ac7, 0x3b69,
    0x2ac8, 0x0904, 0x1145, 0x08e3, 0x3308, 0x32e8, 0x2ac7, 0x32c9, 0x0904, 0x1965, 0x0944, 0x32e7, 0x43ca, 0x2b07, 0x4bca, 0x0985,
    0x19a6, 0x0965, 0x2267, 0x4bcb, 0x2285, 0x4bcb, 0x0964, 0x1186, 0x1185, 0x1185, 0x2aa7, 0x4c4b, 0x2267, 0x1185, 0x1185, 0x1186,
    0x1186, 0x0964, 0x3b49, 0x3369, 0x3308, 0x3308, 0x0965, 0x11a6, 0x11a6, 0x11a5, 0x1a25, 0x4bea, 0x2ac8, 0x1185, 0x0965, 0x11a5,
    0x0964, 0x438a, 0x3307, 0x3b89, 0x32e8, 0x0944, 0x1185, 0x1185, 0x1185, 0x2287, 0x544c, 0x2287, 0x0965, 0x1185, 0x11a6, 0x11a6,
    0x1185, 0x11a5, 0x0164, 0x2b27, 0x54aa, 0x3367, 0x544c, 0x1a25, 0x11e5, 0x11e5, 0x11e4, 0x438a, 0x2285, 0x4c6a, 0x3327, 0x0102,
    0x1185, 0x1a05, 0x43ca, 0x2a67, 0x0944, 0x1165, 0x1165, 0x0965, 0x11c5, 0x43aa, 0x3b8a, 0x11a5, 0x1165, 0x1165, 0x0923, 0x3b29,
    0x3328, 0x3b07, 0x3b09, 0x0924, 0x1165, 0x1145, 0x0944, 0x2a87, 0x438a, 0x11a5, 0x0923, 0x1125, 0x0945, 0x0944, 0x2266, 0x4bea,
    0x1a26, 0x0944, 0x1145, 0x0924, 0x11c4, 0x4c0a, 0x1aa5, 0x438a, 0x0964, 0x0924, 0x0905, 0x0904, 0x19c5, 0x4bca, 0x2aa7, 0x0904,
    0x0904, 0x0904, 0x0923, 0x43aa, 0x2265, 0x438a, 0x1164, 0x08e5, 0x0905, 0x0903, 0x4b8b, 0x1a25, 0x3b49, 0x1184, 0x00c3, 0x08e4,
    0x08c4, 0x1165, 0x438a, 0x32a8, 0x0903, 0x08c3, 0x08c4, 0x00a3, 0x1144, 0x4369, 0x3267, 0x08c3, 0x00a3, 0x08a4, 0x00c3, 0x4b8a,
    0x2a66, 0x436a, 0x1165, 0x0083, 0x08c4, 0x00a3, 0x1164, 0x4b8a, 0x2a26, 0x0883, 0x0883, 0x0883, 0x0083, 0x1104, 0x4329, 0x3ae9,
    0x08c3, 0x08a3, 0x08a4, 0x0883, 0x1964, 0x53ab, 0x3267, 0x0062, 0x0063, 0x0062, 0x0042, 0x2165, 0x538a, 0x21a5, 0x0042, 0x0062,
    0x0062, 0x10e4, 0x4309, 0x536a, 0x10e4, 0x0062, 0x0042, 0x0881, 0x5bab, 0x21c4, 0x4b2a, 0x10c2, 0x0021, 0x0001, 0x29c6, 0x4b29,
    0x2a26, 0x4b2a, 0x0021, 0x0042, 0x0042, 0x1944, 0x53ab, 0x3247, 0x0062, 0x0041, 0x0000, 0x3247, 0x3aa8, 0x3a47, 0x4288, 0x0000,
    0x0022, 0x0882, 0x5b6a, 0x21a4, 0x534b, 0x10c3, 0x0002, 0x0022, 0x10a2, 0x42c8, 0x4b49, 0x10a2, 0x0021, 0x0022, 0x0022, 0x29a5,
    0x53cb, 0x21a5, 0x0021, 0x0021, 0x0022, 0x0022, 0x0022, 0x0022, 0x0022, 0x0022, 0x0001, 0x1905, 0x3247, 0x3a48, 0x1904, 0x0001,
    0x0042, 0x0021, 0x29a5, 0x42a8, 0x10e3, 0x0001, 0x0042, 0x0001, 0x2165, 0x3247, 0x3207, 0x10c4, 0x0021, 0x0022, 0x0042, 0x3a27,
    0x3a67, 0x0882, 0x0021, 0x0022, 0x0022, 0x31e7, 0x3a47, 0x31e7, 0x0041, 0x0022, 0x0021, 0x1123, 0x42a8, 0x29e6, 0x0062, 0x0063,
    0x0042, 0x08c2, 0x3207, 0x3247, 0x2185, 0x0021, 0x0042, 0x0041, 0x29c5, 0x3247, 0x31e7, 0x0062, 0x0042, 0x0042, 0x08c3, 0x3a88,
    0x3a48, 0x08a3, 0x0042, 0x0082, 0x0082, 0x21c6, 0x42a8, 0x1164, 0x0082, 0x00a3, 0x0083, 0x1945, 0x3a88, 0x3268, 0x2186, 0x0083,
    0x00a3, 0x0081, 0x1144, 0x3a88, 0x21a5, 0x00a2, 0x08a3, 0x08a3, 0x08e4, 0x2a28, 0x3267, 0x2a07, 0x00c3, 0x08c4, 0x08a3, 0x00a2,
    0x19a4, 0x3247, 0x1144, 0x00a2, 0x08c3, 0x08e4, 0x08c4, 0x11a5, 0x3b09, 0x2227, 0x08e3, 0x0904, 0x08e5, 0x00e4, 0x0944, 0x32a8,
    0x2a67, 0x0104, 0x08e4, 0x08e4, 0x08e3, 0x1124, 0x3268, 0x3267, 0x21e6, 0x00c3, 0x0904, 0x08e4, 0x00e3, 0x2a47, 0x3ae9, 0x11a5,
    0x0904, 0x1125, 0x0945, 0x0964, 0x2aa8, 0x32c8, 0x3288, 0x0945, 0x0904, 0x1104, 0x08e3, 0x19a5, 0x2a67, 0x2a47, 0x1165, 0x0904,
    0x0924, 0x0924, 0x2247, 0x3308, 0x3309, 0x19e6, 0x0945, 0x1165, 0x0964, 0x19e5, 0x3b2a, 0x32a8, 0x0964, 0x0944, 0x1144, 0x0924,
    0x0944, 0x32a8, 0x32a8, 0x0964, 0x0944, 0x1185, 0x1185, 0x11a4, 0x3309, 0x3b6a, 0x1a26, 0x11a5, 0x1186, 0x1185, 0x1184, 0x2a87,
    0x434a, 0x1a06, 0x0964, 0x1184, 0x1164, 0x1185, 0x32e9, 0x3b09, 0x2aa8, 0x0985, 0x1185, 0x1185, 0x1185, 0x11a5, 0x11e5, 0x3b09,
    0x3309, 0x11e5, 0x11a5, 0x1185, 0x1185, 0x1165, 0x2a87, 0x3308, 0x32c8, 0x11a5, 0x1165, 0x1185, 0x1185, 0x11c5, 0x3b29, 0x3309,
    0x11e5, 0x11a5, 0x11c5, 0x11c5, 0x11a5, 0x32c8, 0x3b09, 0x32a8, 0x1165, 0x1185, 0x11a5, 0x1185, 0x1185, 0x0984, 0x01a3, 0x54ac,
    0x3be8, 0x5c8c, 0x09a4, 0x00e2, 0x2ac7, 0x32e8, 0x0122, 0x0943, 0x3b49, 0x3307, 0x5ccd, 0x09a3, 0x0944, 0x2287, 0x3308, 0x32e9,
    0x11c6, 0x1185, 0x1185, 0x1185, 0x2227, 0x32e8, 0x32e8, 0x19e6, 0x0944, 0x0964, 0x0944, 0x1184, 0x32e8, 0x3ae9, 0x11a4, 0x1145,
    0x1165, 0x1165, 0x1185, 0x32a8, 0x32c8, 0x2a27, 0x0944, 0x1165, 0x0945, 0x0964, 0x32a8, 0x32a7, 0x2a47, 0x0924, 0x0944, 0x0944,
    0x0923, 0x2246, 0x3b0a, 0x19e6, 0x0924, 0x1145, 0x1125, 0x0924, 0x2a67, 0x32c8, 0x32a8, 0x1164, 0x0925, 0x0925, 0x0904, 0x19c6,
    0x3ac8, 0x19e6, 0x00e4, 0x08e4, 0x0904, 0x00e4, 0x19c5, 0x3ac9, 0x21e6, 0x00c2, 0x08e4, 0x08e4, 0x00c4, 0x21c6, 0x2a67, 0x2a67,
    0x1124, 0x08c4, 0x08e4, 0x00c3, 0x21c6, 0x3288, 0x3268, 0x1125, 0x00a3, 0x08c4, 0x00a3, 0x1165, 0x42a8, 0x21c6, 0x00a3, 0x00c3,
    0x08c3, 0x00a2, 0x21c6, 0x3247, 0x3227, 0x08e4, 0x0083, 0x08a3, 0x0083, 0x2165, 0x3227, 0x3248, 0x1104, 0x0083, 0x08c4, 0x0082,
    0x29e6, 0x3268, 0x3248, 0x08c3, 0x0062, 0x0062, 0x0062, 0x29a6, 0x31e6, 0x29c6, 0x0041, 0x0062, 0x0062, 0x1945, 0x3a88, 0x3a68,
    0x2166, 0x0062, 0x0082, 0x0041, 0x1944, 0x42a9, 0x2165, 0x0000, 0x0042, 0x0022, 0x0042, 0x3206, 0x4288, 0x08c3, 0x0022, 0x0062,
    0x0062, 0x29c7, 0x3247, 0x3227, 0x08a3, 0x0042, 0x0042, 0x0061, 0x3227, 0x3a27, 0x0862, 0x0021, 0x0022, 0x0001, 0x1924, 0x4a89,
    0x2165, 0x0001, 0x0042, 0x0021, 0x1904, 0x3a47, 0x3247, 0x18e4, 0x0021, 0x0042, 0x0022, 0x31e7, 0x3227, 0x31e7, 0x0061, 0x0021,
    0x0022, 0x0022, 0x0022, 0x0022, 0x0022, 0x0022, 0x0022, 0x0002, 0x0000, 0x0000, 0x0001, 0x0002, 0x0022, 0x0022, 0x0001, 0x0000,
    0x0001, 0x0002, 0x0042, 0x0022, 0x0001, 0x0000, 0x0001, 0x0002, 0x0021, 0x0022, 0x0002, 0x0001, 0x0000, 0x0002, 0x0022, 0x0022,
    0x0022, 0x0001, 0x0000, 0x0000, 0x0021, 0x0022, 0x0042, 0x0021, 0x0000, 0x0001, 0x0042, 0x0042, 0x0042, 0x0042, 0x0021, 0x0001,
    0x0000, 0x0042, 0x0042, 0x0022, 0x0001, 0x0000, 0x0000, 0x0042, 0x0043, 0x0062, 0x0042, 0x0021, 0x0041, 0x0042, 0x0062, 0x0062,
    0x0063, 0x0042, 0x0041, 0x0062, 0x0883, 0x0083, 0x00a4, 0x00a3, 0x0062, 0x0062, 0x0062, 0x08a3, 0x0083, 0x0083, 0x0062, 0x0041,
    0x0062, 0x08a3, 0x08a3, 0x08a4, 0x08c4, 0x00a3, 0x00a2, 0x00a3, 0x08c3, 0x08c4, 0x08a3, 0x08c3, 0x00a3, 0x0082, 0x0083, 0x08a3,
    0x00c3, 0x08e3, 0x08e4, 0x08c4, 0x00e3, 0x00c4, 0x08e4, 0x0903, 0x08e4, 0x08e4, 0x08e4, 0x00c3, 0x00c3, 0x08e5, 0x08e4, 0x0904,
    0x0904, 0x00e4, 0x00c3, 0x00c2, 0x08c3, 0x08e4, 0x0904, 0x08e4, 0x08e4, 0x08e3, 0x00e3, 0x0924, 0x0925, 0x1125, 0x1125, 0x0925,
    0x0904, 0x0904, 0x0103, 0x0924, 0x0904, 0x0904, 0x0904, 0x08e3, 0x00e3, 0x00c3, 0x08e4, 0x1124, 0x1125, 0x1145, 0x0944, 0x0943,
    0x0944, 0x0965, 0x1166, 0x1165, 0x1165, 0x0965, 0x0123, 0x0924, 0x1145, 0x1145, 0x1144, 0x1165, 0x1125, 0x0103, 0x0904, 0x1145,
    0x1164, 0x1185, 0x1185, 0x1185, 0x0964, 0x0964, 0x1185, 0x11a5, 0x1186, 0x1165, 0x1165, 0x0964, 0x0163, 0x0965, 0x1165, 0x1185,
    0x1165, 0x1185, 0x0964, 0x0964, 0x0964, 0x11a5, 0x11a5, 0x11a5, 0x11a5, 0x11a5, 0x11a6, 0x0984, 0x0984, 0x1185, 0x11a5, 0x1185,
    0x1185, 0x1185, 0x1164, 0x0964, 0x0943, 0x1165, 0x1185, 0x1185, 0x1186, 0x1185, 0x0963, 0x0984, 0x11a6, 0x19a5, 0x11c6, 0x11a6,
    0x11a6, 0x0964, 0x0964, 0x0944, 0x1185, 0x1185, 0x11a5, 0x1185, 0x1165, 0x2286, 0x54cb, 0x550b, 0x3bc8, 0x3b29, 0x0102, 0x32a8,
    0x544c, 0x544c, 0x3b29, 0x0101, 0x2226, 0x2245, 0x54cc, 0x54ec, 0x2b08, 0x09a5, 0x0984, 0x0984, 0x11a5, 0x11a6, 0x11a6, 0x11a6,
    0x0965, 0x0943, 0x0123, 0x0924, 0x1144, 0x1144, 0x1145, 0x0945, 0x0924, 0x0923, 0x0964, 0x1165, 0x1165, 0x1165, 0x1165, 0x0964,
    0x0964, 0x1144, 0x1165, 0x1165, 0x1165, 0x1165, 0x0924, 0x0924, 0x0924, 0x1124, 0x0924, 0x1125, 0x1125, 0x0924, 0x0103, 0x0924,
    0x0944, 0x0924, 0x1125, 0x0945, 0x0924, 0x0904, 0x0903, 0x1145, 0x1145, 0x0924, 0x0904, 0x0904, 0x00c2, 0x00e3, 0x08e5, 0x08e4,
    0x08e4, 0x08e4, 0x08e4, 0x00a3, 0x08c3, 0x08e4, 0x08e4, 0x08e4, 0x08e4, 0x00a3, 0x00c3, 0x00a2, 0x08c4, 0x08e4, 0x08e4, 0x08e4,
    0x00c3, 0x00a3, 0x00a3, 0x00c3, 0x08c4, 0x08c3, 0x08c4, 0x08a3, 0x0082, 0x0083, 0x08a3, 0x08a3, 0x08a3, 0x08c3, 0x0082, 0x0062,
    0x0062, 0x0083, 0x08a3, 0x0883, 0x08a3, 0x0082, 0x0062, 0x0062, 0x0082, 0x08a3, 0x0883, 0x00a3, 0x0082, 0x0062, 0x0062, 0x0883,
    0x0863, 0x0063, 0x0062, 0x0021, 0x0001, 0x0021, 0x0062, 0x0062, 0x0063, 0x0062, 0x0041, 0x0041, 0x0042, 0x0863, 0x0063, 0x0063,
    0x0041, 0x0000, 0x0001, 0x0022, 0x0022, 0x0022, 0x0022, 0x0001, 0x0000, 0x0001, 0x0023, 0x0042, 0x0042, 0x0022, 0x0000, 0x0001,
    0x0023, 0x0042, 0x0042, 0x0022, 0x0000, 0x0000, 0x0001, 0x0001, 0x0021, 0x0022, 0x0001, 0x0000, 0x0000, 0x0021, 0x0022, 0x0023,
    0x0001, 0x0000, 0x0000, 0x0002, 0x0022, 0x0021, 0x0022, 0x0000, 0x0000, 0x0000, 0x0001, 0x0022, 0x0022, 0x0022, 0x0022, 0x0022,
    0x0022, 0x0022, 0x0022, 0x0001, 0x0021, 0x0021, 0x0021, 0x0002, 0x0022, 0x0002, 0x0001, 0x0021, 0x0043, 0x0823, 0x0022, 0x0022,
    0x0001, 0x0022, 0x0001, 0x0021, 0x0021, 0x0022, 0x0023, 0x0001, 0x0021, 0x0022, 0x0022, 0x0022, 0x0022, 0x0002, 0x0021, 0x0041,
    0x0842, 0x0842, 0x0042, 0x0021, 0x0021, 0x0021, 0x0042, 0x0042, 0x0042, 0x0023, 0x0022, 0x0042, 0x0042, 0x0042, 0x0042, 0x0023,
    0x0042, 0x0021, 0x0041, 0x0042, 0x0843, 0x0842, 0x0062, 0x0042, 0x0083, 0x0862, 0x0863, 0x0863, 0x0863, 0x0062, 0x0082, 0x0083,
    0x0883, 0x0883, 0x00a3, 0x00a3, 0x0082, 0x0083, 0x08a3, 0x08a3, 0x0883, 0x0883, 0x0083, 0x0082, 0x00a3, 0x08a3, 0x08a4, 0x08a4,
    0x00c4, 0x00c3, 0x00c3, 0x00c3, 0x08c4, 0x08a3, 0x08c4, 0x08e4, 0x00c3, 0x00e3, 0x00c4, 0x08c4, 0x08e4, 0x08e4, 0x08c4, 0x10c4,
    0x00c3, 0x08c4, 0x08c4, 0x08e3, 0x08e4, 0x08e4, 0x08e4, 0x00c3, 0x08e4, 0x08e5, 0x08e4, 0x10e4, 0x08e5, 0x0904, 0x0103, 0x0923,
    0x0924, 0x1104, 0x1104, 0x10e4, 0x0904, 0x0904, 0x0904, 0x0924, 0x0924, 0x1125, 0x1125, 0x1125, 0x0904, 0x0924, 0x0944, 0x0924,
    0x0904, 0x0904, 0x0904, 0x0903, 0x0903, 0x0904, 0x1105, 0x1125, 0x1125, 0x1165, 0x1145, 0x1164, 0x0964, 0x1165, 0x1165, 0x1165,
    0x1165, 0x1165, 0x0963, 0x0964, 0x1145, 0x1145, 0x1145, 0x1144, 0x1145, 0x0944, 0x1165, 0x1165, 0x1185, 0x1185, 0x1186, 0x1186,
    0x0985, 0x1185, 0x1185, 0x1185, 0x1185, 0x1165, 0x1185, 0x0964, 0x0984, 0x0964, 0x1166, 0x1165, 0x1165, 0x1185, 0x0984, 0x0984,
    0x1184, 0x11a5, 0x11a6, 0x11a6, 0x11a6, 0x11a6, 0x11a5, 0x1184, 0x11a4, 0x1185, 0x1185, 0x1186, 0x11a5, 0x1185, 0x1165, 0x0964,
    0x1164, 0x1165, 0x1185, 0x11a5, 0x1186, 0x1986, 0x11a5, 0x19a6, 0x19a6, 0x19a5, 0x19a6, 0x11a6, 0x19a6, 0x1185, 0x09a4, 0x11a5,
    0x11a5, 0x11a5, 0x11a5, 0x19a5, 0x0943, 0x3bc9, 0x6e0d, 0x4d2a, 0x1264, 0x11c5, 0x0964, 0x3b4a, 0x11e3, 0x09a2, 0x436a, 0x0943,
    0x0944, 0x0122, 0x448a, 0x660d, 0x4c6a, 0x0984, 0x19c6, 0x11c5, 0x11a5, 0x11a6, 0x1186, 0x1185, 0x11a5, 0x0964, 0x0964, 0x1145,
    0x1145, 0x1145, 0x1145, 0x1145, 0x0944, 0x0964, 0x1165, 0x1965, 0x1185, 0x1165, 0x1185, 0x0964, 0x1184, 0x1165, 0x1145, 0x1165,
    0x1165, 0x1165, 0x0945, 0x0944, 0x0944, 0x1144, 0x1125, 0x1125, 0x1125, 0x0924, 0x0123, 0x0924, 0x0944, 0x0944, 0x1145, 0x1145,
    0x0944, 0x0944, 0x0924, 0x1145, 0x1145, 0x1124, 0x1104, 0x08e4, 0x00e2, 0x08e3, 0x08e5, 0x10e4, 0x10e4, 0x08e4, 0x08e3, 0x00c3,
    0x08e4, 0x10e4, 0x10e4, 0x08e4, 0x08e4, 0x08e4, 0x00e3, 0x00e3, 0x08e4, 0x08e4, 0x08e4, 0x08e5, 0x08e4, 0x00c3, 0x0903, 0x08e3,
    0x08c4, 0x10c4, 0x08c4, 0x08a4, 0x00a2, 0x00a3, 0x08a4, 0x08a3, 0x08a4, 0x08c3, 0x00a2, 0x00a3, 0x00a2, 0x08a3, 0x08a3, 0x08a4,
    0x08a3, 0x08a3, 0x00a3, 0x00a3, 0x08a3, 0x08a3, 0x0883, 0x0883, 0x0082, 0x0083, 0x0083, 0x0883, 0x0863, 0x0883, 0x0083, 0x0062,
    0x0062, 0x0061, 0x0062, 0x0042, 0x0043, 0x0042, 0x0062, 0x0061, 0x0062, 0x0063, 0x0063, 0x0083, 0x0062, 0x0042, 0x0062, 0x0022,
    0x0022, 0x0022, 0x0022, 0x0001, 0x0000, 0x0022, 0x0022, 0x0022, 0x0042, 0x0022, 0x0001, 0x0042, 0x0043, 0x0022, 0x0042, 0x0023,
    0x0021, 0x0041, 0x0002, 0x0001, 0x0021, 0x0022, 0x0001, 0x0001, 0x0000, 0x0022, 0x0022, 0x0023, 0x0023, 0x0021, 0x0041, 0x0022,
    0x0022, 0x0022, 0x0022, 0x0001, 0x0000, 0x0000, 0x0002, 0x0002, 0x0022, 0x0022, 0x0022, 0x0022, 0x0022, 0x0022, 0x0001, 0x10c3,
    0x4289, 0x3a68, 0x0882, 0x0001, 0x0022, 0x0001, 0x1924, 0x3a88, 0x0041, 0x0002, 0x0023, 0x0021, 0x2164, 0x4aaa, 0x3207, 0x0041,
    0x0022, 0x0022, 0x0022, 0x29c6, 0x29a5, 0x0001, 0x0042, 0x0022, 0x0021, 0x1924, 0x3a68, 0x0062, 0x0042, 0x0042, 0x0001, 0x1964,
    0x4aea, 0x3207, 0x0061, 0x0042, 0x0042, 0x0062, 0x29e6, 0x29e7, 0x0021, 0x0042, 0x0043, 0x0042, 0x08c2, 0x3a68, 0x0882, 0x0042,
    0x0063, 0x0063, 0x0082, 0x3247, 0x2185, 0x0062, 0x0863, 0x0883, 0x0082, 0x29e6, 0x4b0a, 0x19a5, 0x0082, 0x00a3, 0x00a3, 0x00a2,
    0x2a06, 0x2a06, 0x0082, 0x08a3, 0x08a3, 0x0083, 0x08e2, 0x2a47, 0x0903, 0x0083, 0x08a3, 0x00a3, 0x00c2, 0x2a27, 0x430a, 0x1184,
    0x08c3, 0x08c5, 0x08e4, 0x00e3, 0x1185, 0x32a8, 0x0903, 0x08e4, 0x08e4, 0x08e4, 0x08c4, 0x08e3, 0x2a67, 0x1144, 0x08a3, 0x08e4,
    0x08e4, 0x08e4, 0x00e3, 0x2a26, 0x2a46, 0x00e4, 0x0904, 0x1104, 0x0905, 0x0944, 0x32e9, 0x432a, 0x11a4, 0x0904, 0x1125, 0x1125,
    0x0103, 0x3287, 0x432a, 0x11a5, 0x0904, 0x1125, 0x1125, 0x0924, 0x19e5, 0x32a8, 0x0924, 0x0924, 0x1125, 0x1125, 0x0904, 0x1164,
    0x32c9, 0x1184, 0x0904, 0x1125, 0x1165, 0x0965, 0x2246, 0x4bab, 0x3b09, 0x0984, 0x1165, 0x1165, 0x1165, 0x1164, 0x32e8, 0x1a06,
    0x0944, 0x1185, 0x1165, 0x1165, 0x0984, 0x2aa7, 0x2aa8, 0x0964, 0x1185, 0x1185, 0x11a6, 0x1185, 0x2aa7, 0x32e8, 0x1185, 0x1185,
    0x1185, 0x1185, 0x0984, 0x32c8, 0x438a, 0x2246, 0x0965, 0x1185, 0x1185, 0x0984, 0x2ac8, 0x4b8b, 0x2a67, 0x1184, 0x19a6, 0x11a6,
    0x11a6, 0x11a5, 0x11e5, 0x434a, 0x3b49, 0x11c4, 0x1185, 0x19a6, 0x11a5, 0x1184, 0x11a4, 0x32c8, 0x11a5, 0x1185, 0x1185, 0x11a5,
    0x11a6, 0x11c5, 0x3308, 0x2287, 0x11a5, 0x19c6, 0x19c6, 0x19c6, 0x11a5, 0x2246, 0x3b29, 0x11e5, 0x11a5, 0x11a6, 0x11a5, 0x19c6,
    0x1164, 0x3308, 0x5d4d, 0x550b, 0x22e6, 0x1a06, 0x0944, 0x3b4a, 0x440a, 0x4c0a, 0x4b6b, 0x0102, 0x1a06, 0x1a04, 0x4caa, 0x5d4c,
    0x3b69, 0x0985, 0x11a6, 0x11a5, 0x11a5, 0x11a5, 0x1185, 0x11a5, 0x11a5, 0x32c8, 0x2227, 0x0944, 0x1165, 0x1164, 0x1164, 0x0964,
    0x2a87, 0x2266, 0x0964, 0x1185, 0x1185, 0x1186, 0x11a5, 0x2287, 0x32c8, 0x0984, 0x1185, 0x1185, 0x1185, 0x0964, 0x2a87, 0x3b4a,
    0x1a06, 0x0924, 0x1145, 0x1145, 0x0924, 0x2226, 0x3b2a, 0x19e6, 0x0903, 0x1145, 0x1145, 0x0944, 0x2267, 0x436a, 0x2a87, 0x0964,
    0x1165, 0x1145, 0x0924, 0x0964, 0x32a7, 0x1164, 0x00c4, 0x08e4, 0x08e4, 0x08e3, 0x0923, 0x3288, 0x1164, 0x08e3, 0x0904, 0x0904,
    0x0904, 0x1185, 0x2a88, 0x19e6, 0x0904, 0x08e4, 0x08e4, 0x0904, 0x0964, 0x3ae8, 0x19a5, 0x08e4, 0x0904, 0x08c4, 0x08c3, 0x0903,
    0x3267, 0x0944, 0x00a3, 0x08c4, 0x08c4, 0x00a2, 0x1985, 0x42c9, 0x2a47, 0x00c2, 0x08c3, 0x08a4, 0x08c3, 0x08e2, 0x3268, 0x19a5,
    0x0082, 0x08a4, 0x0883, 0x0061, 0x2164, 0x4aca, 0x3247, 0x0082, 0x0883, 0x08a4, 0x00a2, 0x3247, 0x4b0a, 0x21a5, 0x0041, 0x0843,
    0x0022, 0x08a2, 0x4289, 0x42a9, 0x08c2, 0x0062, 0x0863, 0x0083, 0x08e3, 0x3a88, 0x1103, 0x0042, 0x0042, 0x0042, 0x0021, 0x1944,
    0x31e6, 0x0000, 0x0022, 0x0022, 0x0022, 0x0882, 0x3a27, 0x08c3, 0x0022, 0x0042, 0x0043, 0x0062, 0x31e6, 0x29c6, 0x0001, 0x0022,
    0x0022, 0x0000, 0x2144, 0x52ca, 0x2165, 0x0000, 0x0042, 0x0022, 0x0042, 0x29e6, 0x29a6, 0x0001, 0x0022, 0x0022, 0x0020, 0x31c6,
    0x52ca, 0x1943, 0x0001, 0x0022, 0x0022, 0x0022, 0x0022, 0x0022, 0x0022, 0x0022, 0x0000, 0x42e9, 0x2164, 0x3267, 0x2a06, 0x0000,
    0x0022, 0x0042, 0x3a47, 0x4b69, 0x0080, 0x0022, 0x0023, 0x0041, 0x538b, 0x1122, 0x4b29, 0x29a5, 0x0001, 0x0022, 0x10c3, 0x4b4a,
    0x3a67, 0x0000, 0x0042, 0x0022, 0x0062, 0x3a68, 0x5b8b, 0x00a1, 0x0022, 0x0022, 0x0062, 0x4b69, 0x1122, 0x4b09, 0x1985, 0x0022,
    0x0042, 0x08c2, 0x42c8, 0x42e9, 0x0021, 0x0063, 0x0063, 0x0062, 0x3226, 0x63eb, 0x08c2, 0x0062, 0x0082, 0x0043, 0x1945, 0x538a,
    0x2a26, 0x0042, 0x08a4, 0x0063, 0x1985, 0x4b29, 0x1183, 0x53ab, 0x00a2, 0x00a3, 0x0082, 0x1923, 0x536b, 0x3aa7, 0x0061, 0x00a4,
    0x00a3, 0x00a2, 0x2a26, 0x4bca, 0x1164, 0x0082, 0x08c3, 0x0082, 0x19a5, 0x3ac9, 0x19e4, 0x436a, 0x00e3, 0x08e5, 0x08c4, 0x0924,
    0x32c8, 0x4baa, 0x0902, 0x08e4, 0x08e4, 0x08e4, 0x00c3, 0x2226, 0x4bcb, 0x1984, 0x00a3, 0x08e4, 0x08e4, 0x08c4, 0x1185, 0x4349,
    0x3307, 0x0103, 0x0925, 0x0924, 0x0904, 0x2aa7, 0x3308, 0x2286, 0x4369, 0x0123, 0x1145, 0x0924, 0x2226, 0x3b48, 0x1a64, 0x436a,
    0x08e3, 0x1125, 0x1124, 0x0964, 0x2ae7, 0x4389, 0x0924, 0x0924, 0x1125, 0x1145, 0x0924, 0x2207, 0x540c, 0x1a25, 0x0944, 0x1165,
    0x1165, 0x0984, 0x4beb, 0x1244, 0x43aa, 0x2266, 0x0924, 0x1145, 0x0924, 0x1a06, 0x4beb, 0x2aa7, 0x0964, 0x11a5, 0x11a5, 0x1185,
    0x1a26, 0x4bea, 0x3b48, 0x0984, 0x11a6, 0x11c5, 0x11a6, 0x19e6, 0x43aa, 0x438a, 0x0164, 0x1185, 0x11a6, 0x0964, 0x2aa7, 0x4369,
    0x1a84, 0x540b, 0x09a4, 0x11a5, 0x1184, 0x2266, 0x4389, 0x1a45, 0x540c, 0x11c5, 0x19c6, 0x19a6, 0x19c6, 0x09a5, 0x3b6a, 0x22c7,
    0x3b69, 0x3329, 0x0984, 0x11a6, 0x1185, 0x1184, 0x32c7, 0x53eb, 0x11e5, 0x1165, 0x19a6, 0x11a5, 0x11a5, 0x2287, 0x544c, 0x2b27,
    0x09a5, 0x19c6, 0x19c6, 0x11c5, 0x1205, 0x3b68, 0x540b, 0x19e5, 0x11a6, 0x19a6, 0x19c6, 0x19c6, 0x19a6, 0x19c5, 0x1204, 0x54ac,
    0x3c09, 0x43eb, 0x11c5, 0x0983, 0x3be9, 0x3368, 0x1184, 0x0963, 0x3348, 0x2b06, 0x5d0d, 0x1a65, 0x1185, 0x11c6, 0x11a5, 0x11a5,
    0x11a5, 0x11a5, 0x11a5, 0x11a5, 0x2247, 0x4beb, 0x2ae8, 0x0143, 0x1185, 0x1185, 0x0964, 0x1a06, 0x4bca, 0x3328, 0x0164, 0x1185,
    0x11a5, 0x1186, 0x19e5, 0x43aa, 0x3b8a, 0x0983, 0x11a5, 0x1185, 0x0965, 0x1a26, 0x3b69, 0x1a64, 0x436a, 0x0963, 0x0944, 0x0944,
    0x11a4, 0x3b29, 0x1a24, 0x4baa, 0x0944, 0x1125, 0x0944, 0x11c4, 0x4beb, 0x1244, 0x4bea, 0x11e4, 0x0944, 0x1145, 0x0924, 0x2246,
    0x4b89, 0x19c5, 0x00c3, 0x0904, 0x08e3, 0x08e3, 0x2a26, 0x4bca, 0x19c4, 0x00e3, 0x0904, 0x0905, 0x0924, 0x2ac8, 0x1204, 0x32e8,
    0x1185, 0x08e4, 0x0905, 0x08e4, 0x2a87, 0x540a, 0x19e5, 0x00c4, 0x0904, 0x08e4, 0x00c3, 0x19e5, 0x4369, 0x19a4, 0x0083, 0x08c4,
    0x00c3, 0x00e2, 0x4b4a, 0x1183, 0x434a, 0x1184, 0x0083, 0x08c4, 0x00a3, 0x21c5, 0x538b, 0x2a26, 0x0062, 0x08a4, 0x0083, 0x08c2,
    0x534a, 0x1122, 0x4b69, 0x1984, 0x0063, 0x0083, 0x19a5, 0x4328, 0x11a2, 0x5bcb, 0x0082, 0x0863, 0x0001, 0x3a67, 0x3205, 0x3226,
    0x42a8, 0x0020, 0x0863, 0x0042, 0x21e6, 0x538a, 0x1123, 0x0041, 0x0063, 0x0042, 0x0083, 0x42e9, 0x4ae9, 0x0020, 0x0042, 0x0042,
    0x0021, 0x31e6, 0x5b8b, 0x1103, 0x0021, 0x0042, 0x0022, 0x1104, 0x534a, 0x3a67, 0x0000, 0x0042, 0x0022, 0x08a2, 0x530a, 0x1923,
    0x534b, 0x08a1, 0x0021, 0x0001, 0x1924, 0x532a, 0x3a67, 0x0000, 0x0043, 0x0001, 0x1923, 0x4ae9, 0x1943, 0x536a, 0x0041, 0x0021,
    0x0022, 0x0022, 0x0022, 0x0022, 0x0022, 0x0002, 0x0021, 0x4b0a, 0x08c1, 0x3ac8, 0x3247, 0x0000, 0x0021, 0x0001, 0x0080, 0x4308,
    0x0061, 0x0002, 0x0022, 0x0881, 0x4b49, 0x08c1, 0x4b6a, 0x2a05, 0x0001, 0x0042, 0x0001, 0x1984, 0x3a88, 0x0000, 0x0042, 0x0022,
    0x0021, 0x0060, 0x4b0a, 0x08a1, 0x0021, 0x0021, 0x10a3, 0x4328, 0x08c1, 0x4b4a, 0x2a06, 0x0001, 0x0063, 0x0021, 0x1123, 0x42c9,
    0x0041, 0x0863, 0x0042, 0x0063, 0x0081, 0x4b29, 0x10e2, 0x0062, 0x0863, 0x0863, 0x0020, 0x29e5, 0x3227, 0x0041, 0x08a3, 0x0062,
    0x29e6, 0x3ac7, 0x11c4, 0x4bab, 0x08c2, 0x0062, 0x0883, 0x0020, 0x2184, 0x3aa8, 0x0041, 0x08a4, 0x0883, 0x08c3, 0x00c1, 0x3b09,
    0x1184, 0x0083, 0x08c3, 0x0082, 0x21e6, 0x2226, 0x11e3, 0x438a, 0x0123, 0x08c4, 0x08c4, 0x08e4, 0x0943, 0x3b49, 0x0923, 0x08e4,
    0x08e4, 0x08e3, 0x08e3, 0x00a1, 0x3ae8, 0x21a5, 0x00a3, 0x08e4, 0x08e4, 0x08c4, 0x00c3, 0x19e4, 0x3b08, 0x00e3, 0x1104, 0x1124,
    0x0104, 0x3b09, 0x1a65, 0x22a6, 0x4baa, 0x0944, 0x1145, 0x0123, 0x2aa8, 0x2ac6, 0x1a64, 0x43aa, 0x0943, 0x0924, 0x1105, 0x0924,
    0x0163, 0x3b49, 0x0944, 0x0924, 0x0945, 0x1145, 0x1165, 0x0143, 0x43aa, 0x1a66, 0x0964, 0x1966, 0x1165, 0x11a4, 0x438a, 0x09c3,
    0x438a, 0x2a67, 0x0903, 0x1144, 0x1145, 0x0102, 0x2ac6, 0x2ac8, 0x0965, 0x11a6, 0x11a5, 0x11a6, 0x09a4, 0x2ac6, 0x3b4a, 0x0985,
    0x19c6, 0x11a5, 0x1186, 0x0985, 0x1a25, 0x436a, 0x0944, 0x1185, 0x19a6, 0x0964, 0x32e9, 0x2ae7, 0x1a85, 0x4c0b, 0x09c4, 0x11c6,
    0x0985, 0x32e7, 0x3348, 0x1265, 0x4c2b, 0x11e4, 0x11c5, 0x19c6, 0x19c6, 0x11a5, 0x438a, 0x1244, 0x3368, 0x3b69, 0x09a5, 0x19a6,
    0x1186, 0x11a6, 0x09a4, 0x436a, 0x1a46, 0x11a5, 0x11a6, 0x11c5, 0x19c6, 0x09a4, 0x3328, 0x2b08, 0x0984, 0x19c6, 0x19c6, 0x19c6,
    0x11c5, 0x09e3, 0x43ca, 0x1a05, 0x19a6, 0x19a6, 0x19c6, 0x19c6, 0x11c6, 0x19e6, 0x0984, 0x2b07, 0x54eb, 0x3388, 0x1a45, 0x09c5,
    0x09a4, 0x09a4, 0x0984, 0x32e8, 0x2ae6, 0x4449, 0x3ba9, 0x0143, 0x19c6, 0x11c6, 0x11a5, 0x1185, 0x1185, 0x1185, 0x11a5, 0x11a5,
    0x0964, 0x2ae7, 0x3308, 0x0964, 0x1185, 0x1185, 0x11a6, 0x0964, 0x2ac7, 0x3b48, 0x0965, 0x19a5, 0x1185, 0x1186, 0x0984, 0x1a45,
    0x3b6a, 0x0984, 0x1185, 0x1165, 0x0944, 0x2aa8, 0x2ac7, 0x1224, 0x4b8b, 0x11a4, 0x1144, 0x0924, 0x2206, 0x2ac7, 0x1203, 0x4baa,
    0x19c5, 0x0924, 0x0924, 0x1a26, 0x438a, 0x09e3, 0x4bca, 0x1a46, 0x0944, 0x1125, 0x1145, 0x0103, 0x3b08, 0x19e5, 0x00c3, 0x1104,
    0x08e4, 0x0904, 0x00c1, 0x3ae8, 0x19a5, 0x00c3, 0x0905, 0x0904, 0x1145, 0x2287, 0x09a3, 0x2a88, 0x1986, 0x08e4, 0x0904, 0x0905,
    0x00e1, 0x3307, 0x19e5, 0x00a3, 0x08e4, 0x08e4, 0x08e4, 0x00a0, 0x32a7, 0x21e6, 0x0082, 0x08c4, 0x00a3, 0x1143, 0x4309, 0x0941,
    0x4b69, 0x21e5, 0x0082, 0x08c4, 0x08e4, 0x0081, 0x3a88, 0x2a47, 0x0082, 0x08c4, 0x0083, 0x1103, 0x4b0a, 0x00c1, 0x4349, 0x21c5,
    0x0041, 0x0042, 0x2a07, 0x3266, 0x19e3, 0x53cb, 0x10e3, 0x0062, 0x0041, 0x42a8, 0x1142, 0x3267, 0x42c8, 0x0020, 0x0843, 0x0043,
    0x0060, 0x3287, 0x1944, 0x0042, 0x0863, 0x0063, 0x0042, 0x1123, 0x4ac9, 0x0020, 0x0042, 0x0042, 0x0022, 0x0000, 0x42a8, 0x1903,
    0x0001, 0x0042, 0x0042, 0x0001, 0x21c5, 0x3a87, 0x0001, 0x0043, 0x0001, 0x1924, 0x3ac8, 0x08e1, 0x538b, 0x1903, 0x0021, 0x0022,
    0x0000, 0x2184, 0x3a47, 0x0000, 0x0022, 0x0000, 0x29a5, 0x3a87, 0x1102, 0x538a, 0x0862, 0x0001, 0x0022, 0x0022, 0x0022, 0x0022,
    0x0022, 0x0022, 0x0021, 0x42e9, 0x3226, 0x3286, 0x3a47, 0x0001, 0x0042, 0x0001, 0x08a2, 0x4b2a, 0x0062, 0x0002, 0x0021, 0x0881,
    0x4b29, 0x21a5, 0x42e8, 0x3206, 0x0001, 0x0843, 0x0001, 0x21c5, 0x3aa8, 0x0000, 0x0842, 0x0022, 0x0022, 0x0061, 0x4b0a, 0x08a1,
    0x0021, 0x0021, 0x10a3, 0x4329, 0x2a05, 0x3ac8, 0x3226, 0x0001, 0x0843, 0x0022, 0x1964, 0x4b09, 0x0041, 0x0042, 0x0043, 0x0043,
    0x08a2, 0x534a, 0x10e3, 0x0042, 0x0863, 0x0863, 0x0021, 0x2a06, 0x3248, 0x0042, 0x08a3, 0x0062, 0x21c5, 0x4b6a, 0x2225, 0x4329,
    0x10c2, 0x0042, 0x0863, 0x0021, 0x2185, 0x3a89, 0x0061, 0x0883, 0x0884, 0x08a4, 0x00c2, 0x3b2a, 0x1185, 0x0083, 0x08a4, 0x0082,
    0x21e5, 0x32a8, 0x1a05, 0x3ae9, 0x0923, 0x08c4, 0x10e5, 0x08e4, 0x0944, 0x436a, 0x0924, 0x08e4, 0x08e4, 0x08e4, 0x08e3, 0x00a2,
    0x3ac9, 0x21a5, 0x00a3, 0x08e5, 0x08e4, 0x10e4, 0x08e3, 0x2206, 0x3b09, 0x0103, 0x1105, 0x1125, 0x00e4, 0x32c8, 0x3348, 0x22a6,
    0x3b69, 0x0964, 0x1145, 0x0123, 0x2aa7, 0x3348, 0x1a65, 0x3b29, 0x0943, 0x1124, 0x1125, 0x1124, 0x1184, 0x4329, 0x0944, 0x0924,
    0x1145, 0x1145, 0x1165, 0x0964, 0x43ca, 0x2286, 0x0944, 0x1966, 0x1145, 0x0964, 0x436a, 0x2286, 0x32e8, 0x2a67, 0x0103, 0x1165,
    0x1145, 0x0903, 0x3308, 0x32e8, 0x0965, 0x19a7, 0x19a6, 0x19a6, 0x09a5, 0x2ae8, 0x3b6a, 0x1185, 0x19c6, 0x11a6, 0x1186, 0x1185,
    0x2266, 0x436a, 0x0964, 0x1185, 0x19a6, 0x0965, 0x2ac8, 0x3b89, 0x2ae7, 0x43aa, 0x11e5, 0x11a6, 0x0985, 0x2aa7, 0x43ca, 0x2307,
    0x43c9, 0x1a25, 0x11c6, 0x19c6, 0x19c6, 0x09c5, 0x3b8a, 0x2b28, 0x2b07, 0x3b49, 0x0985, 0x19a6, 0x19a6, 0x19c6, 0x11e5, 0x43cb,
    0x2286, 0x11c5, 0x11e6, 0x19c6, 0x19c6, 0x09a4, 0x3309, 0x32e8, 0x0984, 0x19c6, 0x19a6, 0x19a6, 0x11c5, 0x1205, 0x4beb, 0x1a05,
    0x11a6, 0x19c6, 0x19c6, 0x19c6, 0x11e6, 0x11e6, 0x11e5, 0x3be9, 0x5d6d, 0x4489, 0x1ac5, 0x22c6, 0x3bca, 0x440b, 0x1a85, 0x1243,
    0x4428, 0x5d4c, 0x3bc9, 0x09c4, 0x11a5, 0x11a6, 0x11a5, 0x11a5, 0x1185, 0x1186, 0x1185, 0x11a6, 0x0964, 0x3308, 0x2b08, 0x0984,
    0x19a6, 0x19a6, 0x11c6, 0x09a5, 0x3309, 0x3b69, 0x0985, 0x19a6, 0x1984, 0x1986, 0x1165, 0x1a25, 0x3b49, 0x0964, 0x1185, 0x1166,
    0x0944, 0x2a67, 0x3308, 0x1a86, 0x434a, 0x19e5, 0x1165, 0x0944, 0x2226, 0x3b49, 0x1aa5, 0x3b49, 0x19e5, 0x0924, 0x0924, 0x1a05,
    0x4369, 0x1a45, 0x3b29, 0x2246, 0x0923, 0x1145, 0x1145, 0x0123, 0x3b29, 0x2206, 0x00e3, 0x1105, 0x10e5, 0x0905, 0x00c2, 0x3b09,
    0x19c6, 0x08c4, 0x10e5, 0x08e4, 0x1144, 0x2a88, 0x11e5, 0x2226, 0x19c6, 0x08c4, 0x08e4, 0x10e5, 0x00c2, 0x3b09, 0x21e5, 0x0883,
    0x08c4, 0x10c4, 0x08c4, 0x00c2, 0x3ae9, 0x2206, 0x0082, 0x08c4, 0x00a3, 0x1143, 0x4329, 0x2204, 0x3ae8, 0x2205, 0x0082, 0x08c4,
    0x08c4, 0x0082, 0x3aa9, 0x3268, 0x0082, 0x00c4, 0x0083, 0x10e3, 0x534b, 0x21c5, 0x3ac7, 0x21e5, 0x0041, 0x0021, 0x21c5, 0x4b49,
    0x2245, 0x4b4a, 0x1123, 0x0062, 0x0042, 0x3a87, 0x2a66, 0x3247, 0x3aa8, 0x0041, 0x0043, 0x0043, 0x0041, 0x3269, 0x1925, 0x0042,
    0x0843, 0x0863, 0x0042, 0x1925, 0x4aaa, 0x0021, 0x0043, 0x0042, 0x0022, 0x0000, 0x4aa9, 0x1923, 0x0001, 0x0822, 0x0042, 0x0001,
    0x29c6, 0x3a88, 0x0001, 0x0823, 0x0001, 0x1123, 0x4329, 0x21e4, 0x4b29, 0x1923, 0x0002, 0x0023, 0x0000, 0x21a5, 0x3a47, 0x0000,
    0x0822, 0x0000, 0x2184, 0x4b09, 0x21a4, 0x4329, 0x0883, 0x0001, 0x0022, 0x0022, 0x0022, 0x0022, 0x0022, 0x0022, 0x0001, 0x4b49,
    0x29c4, 0x19c3, 0x3a88, 0x0000, 0x0042, 0x0002, 0x0060, 0x4308, 0x0040, 0x0002, 0x0021, 0x0061, 0x53ab, 0x1102, 0x3246, 0x3206,
    0x0001, 0x0843, 0x0000, 0x2184, 0x3a87, 0x0000, 0x0042, 0x0042, 0x0021, 0x0020, 0x4308, 0x0080, 0x0001, 0x0022, 0x0882, 0x53aa,
    0x0921, 0x3266, 0x3226, 0x0021, 0x0883, 0x0021, 0x1163, 0x4328, 0x0040, 0x0043, 0x0043, 0x0863, 0x0060, 0x4b2a, 0x08a2, 0x0042,
    0x0083, 0x0864, 0x0000, 0x2a05, 0x2a46, 0x0041, 0x08c4, 0x0062, 0x21c5, 0x538a, 0x00c0, 0x4329, 0x08c3, 0x0863, 0x0883, 0x0021,
    0x1964, 0x3287, 0x0040, 0x08a3, 0x08a4, 0x08c4, 0x00a1, 0x3b09, 0x1184, 0x0083, 0x08a3, 0x0082, 0x19e5, 0x4329, 0x0100, 0x4309,
    0x0923, 0x08c4, 0x08e5, 0x08e4, 0x0123, 0x3b49, 0x0102, 0x0904, 0x08e4, 0x08e4, 0x0904, 0x00a1, 0x32c8, 0x1983, 0x00a2, 0x10e5,
    0x08e4, 0x08e4, 0x00c2, 0x11c5, 0x3309, 0x0102, 0x1125, 0x1125, 0x0103, 0x32c7, 0x3b89, 0x0a03, 0x43aa, 0x0944, 0x1145, 0x0923,
    0x2287, 0x43ca, 0x01a1, 0x3b49, 0x0944, 0x1124, 0x1125, 0x1124, 0x0942, 0x3b29, 0x0143, 0x0944, 0x1145, 0x1165, 0x1185, 0x0143,
    0x3b89, 0x1a65, 0x0964, 0x1186, 0x1165, 0x0944, 0x4bab, 0x11e3, 0x2aa7, 0x2a88, 0x0103, 0x1165, 0x1165, 0x0123, 0x2b07, 0x2ae7,
    0x0964, 0x11a6, 0x11a6, 0x19c6, 0x09a4, 0x22e7, 0x3348, 0x0984, 0x19c6, 0x11a6, 0x11a6, 0x0964, 0x1a45, 0x436a, 0x0163, 0x11c5,
    0x11a6, 0x0985, 0x2ae8, 0x43c9, 0x0a03, 0x4bcb, 0x11e4, 0x11a6, 0x0965, 0x2287, 0x4c2b, 0x0a23, 0x43ca, 0x1a05, 0x19c6, 0x19c6,
    0x19c6, 0x09a4, 0x43eb, 0x2b07, 0x1a65, 0x3b6a, 0x11a4, 0x19c6, 0x19c6, 0x19e6, 0x09e4, 0x3ba9, 0x1a65, 0x11e5, 0x1206, 0x11e6,
    0x19e6, 0x0984, 0x3308, 0x2ae7, 0x0983, 0x19c6, 0x19a6, 0x19a6, 0x11c5, 0x09c4, 0x43cb, 0x11e4, 0x19c5, 0x19c6, 0x11e6, 0x11e6,
    0x19e6, 0x11e6, 0x1205, 0x548c, 0x6dad, 0x5d4c, 0x5d0d, 0x4429, 0x33a7, 0x33a8, 0x3be8, 0x54cb, 0x652d, 0x656d, 0x54ac, 0x11e5,
    0x11a6, 0x11a6, 0x11c5, 0x11a5, 0x11a5, 0x11a5, 0x11a6, 0x11a5, 0x0944, 0x2ae7, 0x2b07, 0x0984, 0x19c6, 0x11a6, 0x19c6, 0x0984,
    0x2b07, 0x3b68, 0x0984, 0x19a6, 0x11a5, 0x19a6, 0x1164, 0x1204, 0x3b29, 0x0142, 0x1185, 0x1186, 0x0944, 0x2267, 0x43aa, 0x01c2,
    0x436a, 0x11c5, 0x1185, 0x0964, 0x1a26, 0x4c2b, 0x01e2, 0x3b89, 0x1a06, 0x0945, 0x0945, 0x11c4, 0x4beb, 0x01a2, 0x3308, 0x1a25,
    0x0903, 0x1105, 0x1145, 0x00e2, 0x3309, 0x1a05, 0x0103, 0x1125, 0x0925, 0x0925, 0x00e2, 0x3308, 0x11c5, 0x00c3, 0x0905, 0x08e4,
    0x0924, 0x2267, 0x0183, 0x2226, 0x19a5, 0x00c4, 0x08e4, 0x08e5, 0x00a1, 0x32e7, 0x11a4, 0x0082, 0x08e4, 0x08c4, 0x10e4, 0x00a1,
    0x32c7, 0x1a05, 0x00a2, 0x08c4, 0x00a3, 0x0923, 0x53ab, 0x0982, 0x32c7, 0x2206, 0x0082, 0x08c4, 0x08c4, 0x0061, 0x3267, 0x2a26,
    0x0062, 0x00c4, 0x00a3, 0x08e2, 0x53cc, 0x1142, 0x32c7, 0x21e5, 0x0041, 0x0042, 0x19a5, 0x53eb, 0x00e0, 0x4b49, 0x1143, 0x0063,
    0x0021, 0x42e8, 0x2aa6, 0x1102, 0x4aca, 0x0020, 0x0062, 0x0043, 0x0062, 0x00a3, 0x0083, 0x0062, 0x0042, 0x0063, 0x0063, 0x0863,
    0x08a2, 0x0062, 0x0063, 0x0042, 0x0042, 0x0000, 0x42a8, 0x1102, 0x0000, 0x0022, 0x0042, 0x0000, 0x1984, 0x3247, 0x0000, 0x0042,
    0x0001, 0x10e2, 0x5beb, 0x08c1, 0x42e9, 0x1943, 0x0002, 0x0042, 0x0000, 0x2184, 0x3226, 0x0000, 0x0022, 0x0000, 0x2185, 0x536a,
    0x0080, 0x4b4a, 0x0883, 0x0001, 0x0022, 0x0022, 0x0022, 0x0022, 0x0022, 0x0022, 0x0000, 0x42e9, 0x3a67, 0x42c8, 0x29e6, 0x0000,
    0x0042, 0x0022, 0x21a5, 0x53ca, 0x21a5, 0x0022, 0x0042, 0x0020, 0x536b, 0x29e5, 0x4b09, 0x1944, 0x0021, 0x0042, 0x0861, 0x3a88,
    0x536a, 0x1103, 0x0021, 0x0041, 0x0041, 0x2185, 0x5bcb, 0x21a5, 0x0021, 0x0041, 0x0041, 0x4b4a, 0x2a05, 0x4b2a, 0x21a4, 0x0041,
    0x0083, 0x08a3, 0x3287, 0x53eb, 0x1964, 0x0082, 0x0062, 0x0062, 0x2184, 0x5bab, 0x21c5, 0x0061, 0x0083, 0x0083, 0x0903, 0x4349,
    0x4369, 0x0922, 0x00a2, 0x0082, 0x1143, 0x536b, 0x2a05, 0x4b2a, 0x0082, 0x0083, 0x0083, 0x08e3, 0x3ac8, 0x4b8a, 0x1143, 0x00c3,
    0x08c4, 0x00c3, 0x1185, 0x4baa, 0x2a87, 0x08c2, 0x08c3, 0x0082, 0x1984, 0x4b4a, 0x2225, 0x4309, 0x00e2, 0x0904, 0x0904, 0x0924,
    0x2246, 0x4bca, 0x2246, 0x0903, 0x08e4, 0x08e4, 0x08e4, 0x11a5, 0x436a, 0x32a7, 0x0903, 0x0904, 0x0904, 0x0903, 0x0944, 0x32c8,
    0x438a, 0x09a4, 0x0944, 0x1165, 0x0944, 0x2266, 0x438a, 0x2ae7, 0x3b29, 0x0143, 0x1165, 0x0944, 0x19e5, 0x43aa, 0x2ac7, 0x3b09,
    0x0124, 0x1145, 0x1145, 0x0964, 0x2266, 0x4beb, 0x2247, 0x1185, 0x1165, 0x1185, 0x1185, 0x1a26, 0x4c0b, 0x3348, 0x11c5, 0x1185,
    0x1185, 0x0123, 0x436a, 0x2a86, 0x4b6a, 0x2226, 0x0923, 0x1165, 0x1165, 0x19e5, 0x43ca, 0x43ca, 0x1a06, 0x11e6, 0x11e6, 0x11e6,
    0x1a26, 0x43aa, 0x43ca, 0x1205, 0x11a5, 0x11a5, 0x11a5, 0x11c5, 0x3328, 0x540b, 0x1a46, 0x11c5, 0x11c6, 0x11a5, 0x22a6, 0x4c0a,
    0x2b07, 0x4bcb, 0x09c4, 0x11c6, 0x11a5, 0x1a46, 0x4c0b, 0x2b07, 0x4bcb, 0x11c5, 0x19c6, 0x19c6, 0x19c6, 0x09a4, 0x3b49, 0x3b89,
    0x3b69, 0x3308, 0x11a4, 0x1a06, 0x1a06, 0x1206, 0x22c7, 0x4c4b, 0x3348, 0x1205, 0x1205, 0x1a06, 0x11e5, 0x1a46, 0x43aa, 0x43aa,
    0x1a05, 0x11a5, 0x19a6, 0x11a5, 0x11c5, 0x2a87, 0x540c, 0x2aa7, 0x19c5, 0x19e6, 0x11e5, 0x19e6, 0x19e6, 0x19e6, 0x11e6, 0x1a45,
    0x43ea, 0x1a85, 0x22c6, 0x4cab, 0x656c, 0x5d4c, 0x54ac, 0x1ac6, 0x1a86, 0x43eb, 0x1a66, 0x11a5, 0x19c6, 0x19a6, 0x11c6, 0x11a6,
    0x11a6, 0x11a6, 0x11a6, 0x1185, 0x19e6, 0x43aa, 0x43aa, 0x1205, 0x11c5, 0x19c6, 0x11c5, 0x1a26, 0x43e9, 0x4c0a, 0x1a26, 0x11c5,
    0x11c6, 0x11a6, 0x11a4, 0x32e8, 0x4baa, 0x1a25, 0x0984, 0x1185, 0x0964, 0x1205, 0x43aa, 0x22c6, 0x438a, 0x09a4, 0x11a5, 0x1185,
    0x11e5, 0x4c0b, 0x2b07, 0x43aa, 0x11c4, 0x1185, 0x1165, 0x0963, 0x4baa, 0x2286, 0x436a, 0x1184, 0x0904, 0x1124, 0x0924, 0x19e6,
    0x4b8b, 0x3309, 0x0984, 0x0944, 0x0944, 0x0944, 0x19e5, 0x43ca, 0x2ac7, 0x0923, 0x0904, 0x0904, 0x00e4, 0x19e6, 0x2226, 0x3ac9,
    0x1144, 0x00c3, 0x08e4, 0x00c3, 0x1184, 0x438a, 0x32a8, 0x0903, 0x08e3, 0x08e4, 0x00e3, 0x11a4, 0x436a, 0x32e8, 0x0923, 0x08c4,
    0x08e4, 0x00c2, 0x4329, 0x2a46, 0x4b4a, 0x1164, 0x00a3, 0x08c4, 0x08c3, 0x1123, 0x4329, 0x4308, 0x08e3, 0x00c3, 0x00a3, 0x00c2,
    0x536b, 0x3266, 0x4b4a, 0x1163, 0x0082, 0x0083, 0x1144, 0x4b8a, 0x2a25, 0x4b2a, 0x00c1, 0x0083, 0x0021, 0x3a87, 0x4308, 0x4288,
    0x3a68, 0x0021, 0x0063, 0x0063, 0x0063, 0x0062, 0x0062, 0x0042, 0x0042, 0x0063, 0x0043, 0x0063, 0x0042, 0x0063, 0x0063, 0x0062,
    0x0042, 0x1923, 0x5b6a, 0x3226, 0x0041, 0x0022, 0x0042, 0x0882, 0x3aa8, 0x534a, 0x10e3, 0x0021, 0x0042, 0x08a1, 0x5bab, 0x3206,
    0x534b, 0x08c2, 0x0022, 0x0021, 0x10c2, 0x42a8, 0x4b2a, 0x08a2, 0x0021, 0x0001, 0x1103, 0x5b8b, 0x3206, 0x534a, 0x0041, 0x0021,
    0x0022, 0x0022, 0x0022, 0x0022, 0x0022, 0x0022, 0x0021, 0x0882, 0x3a27, 0x2a06, 0x0061, 0x0022, 0x0022, 0x0042, 0x29e7, 0x3226,
    0x29c6, 0x0022, 0x0022, 0x0021, 0x10e3, 0x3a48, 0x21a5, 0x0021, 0x0042, 0x0021, 0x08a2, 0x31e7, 0x3206, 0x1944, 0x0021, 0x0042,
    0x0041, 0x29c6, 0x3206, 0x29c6, 0x0042, 0x0042, 0x0021, 0x08c2, 0x3a69, 0x21c6, 0x0061, 0x0063, 0x0063, 0x10e4, 0x3248, 0x3267,
    0x21a6, 0x0062, 0x0062, 0x0062, 0x29c6, 0x2a06, 0x29e6, 0x0081, 0x0082, 0x0083, 0x1965, 0x3287, 0x3287, 0x1964, 0x0062, 0x08a3,
    0x0061, 0x1944, 0x3a67, 0x0903, 0x0062, 0x0883, 0x0083, 0x1945, 0x3288, 0x3288, 0x19a6, 0x00a3, 0x08c4, 0x00c3, 0x2a07, 0x2a67,
    0x2a47, 0x08e3, 0x08a4, 0x08a4, 0x00c3, 0x21e6, 0x3a88, 0x1124, 0x08c3, 0x08e4, 0x08e4, 0x0904, 0x2a48, 0x2a67, 0x2a47, 0x0903,
    0x08e4, 0x08e4, 0x08e4, 0x2207, 0x2a88, 0x3288, 0x1165, 0x0904, 0x1125, 0x0924, 0x19c6, 0x32a8, 0x2aa8, 0x19e6, 0x0924, 0x1145,
    0x0945, 0x0964, 0x2a87, 0x32e9, 0x11a5, 0x0944, 0x1145, 0x1145, 0x0943, 0x1a26, 0x32c8, 0x11a5, 0x0944, 0x1165, 0x1165, 0x1184,
    0x32c8, 0x32e8, 0x32a8, 0x1185, 0x11a6, 0x1186, 0x1185, 0x2246, 0x2ae7, 0x2ac8, 0x19c5, 0x1165, 0x1165, 0x0944, 0x11a4, 0x3ae9,
    0x2247, 0x0943, 0x1165, 0x1165, 0x1165, 0x2247, 0x3329, 0x3329, 0x2247, 0x11c6, 0x19e6, 0x11c5, 0x2227, 0x32e9, 0x32e8, 0x2247,
    0x11a5, 0x11a6, 0x11a5, 0x1a06, 0x3329, 0x3329, 0x2aa8, 0x11c6, 0x19c6, 0x19c6, 0x11e5, 0x2ae8, 0x3b6a, 0x2246, 0x11c5, 0x19c6,
    0x19c6, 0x11a5, 0x2267, 0x434a, 0x1a46, 0x11c5, 0x19c6, 0x19c6, 0x19c6, 0x19c5, 0x11e5, 0x3309, 0x3309, 0x1205, 0x1a06, 0x1a07,
    0x1a06, 0x1a06, 0x3309, 0x3349, 0x3329, 0x1a26, 0x11e6, 0x1a06, 0x11e6, 0x2aa7, 0x3b49, 0x3b49, 0x2267, 0x11c5, 0x19c6, 0x11c6,
    0x19e5, 0x32e9, 0x3308, 0x32c8, 0x11c5, 0x19e6, 0x11e6, 0x19e6, 0x19e6, 0x19e6, 0x19e7, 0x1a06, 0x09c5, 0x11e5, 0x09a5, 0x1a65,
    0x5d4c, 0x658d, 0x22c7, 0x0984, 0x1205, 0x09c5, 0x11c5, 0x19c6, 0x19c6, 0x19c6, 0x19c6, 0x19c6, 0x19a6, 0x19a6, 0x19c6, 0x11a5,
    0x2247, 0x3308, 0x3308, 0x2246, 0x11a5, 0x19c6, 0x11a5, 0x2247, 0x3308, 0x3308, 0x2267, 0x11a5, 0x11c6, 0x11a6, 0x19c6, 0x32e8,
    0x32e8, 0x2a87, 0x1184, 0x1185, 0x1185, 0x0984, 0x2267, 0x3b29, 0x1a06, 0x1185, 0x11a5, 0x1185, 0x1184, 0x1a46, 0x3b29, 0x1a05,
    0x0964, 0x1185, 0x1165, 0x0944, 0x19e5, 0x32e9, 0x19e6, 0x0923, 0x1145, 0x1125, 0x0923, 0x2226, 0x2a88, 0x2a88, 0x11a5, 0x0924,
    0x1145, 0x0944, 0x2a68, 0x2aa8, 0x2a88, 0x1165, 0x0904, 0x0904, 0x00e4, 0x0944, 0x2207, 0x19c6, 0x08e3, 0x08e4, 0x08e4, 0x00c3,
    0x21e6, 0x2a87, 0x3268, 0x1145, 0x08c4, 0x0904, 0x00e4, 0x19e7, 0x2a67, 0x2a67, 0x1145, 0x08c4, 0x08e4, 0x00c3, 0x1144, 0x3288,
    0x19a5, 0x00c2, 0x08c4, 0x08c4, 0x00a3, 0x21a6, 0x2a67, 0x2a67, 0x1124, 0x0083, 0x08a4, 0x0082, 0x1103, 0x3a88, 0x21a5, 0x0082,
    0x08a3, 0x08a4, 0x0082, 0x19a5, 0x3a88, 0x1124, 0x0082, 0x0083, 0x0063, 0x00c2, 0x3247, 0x3247, 0x0082, 0x0062, 0x0063, 0x0063,
    0x0043, 0x0043, 0x0063, 0x0042, 0x0042, 0x0043, 0x0043, 0x0043, 0x0843, 0x0043, 0x0063, 0x0062, 0x0042, 0x2185, 0x3206, 0x29e6,
    0x0882, 0x0022, 0x0022, 0x10c3, 0x31e6, 0x3206, 0x1925, 0x0001, 0x0042, 0x0021, 0x1102, 0x4248, 0x1944, 0x0020, 0x0022, 0x0021,
    0x1104, 0x3207, 0x3207, 0x1904, 0x0001, 0x0042, 0x0000, 0x2164, 0x3a48, 0x10e3, 0x0001, 0x0021, 0x0022, 0x0022, 0x0022, 0x0022,
    0x0022, 0x0022, 0x0022, 0x0022, 0x0000, 0x0000, 0x0002, 0x0022, 0x0022, 0x0021, 0x0001, 0x0001, 0x0001, 0x0022, 0x0022, 0x0022,
    0x0001, 0x0000, 0x0001, 0x0022, 0x0042, 0x0022, 0x0001, 0x0000, 0x0000, 0x0001, 0x0022, 0x0022, 0x0022, 0x0000, 0x0000, 0x0001,
    0x0022, 0x0023, 0x0042, 0x0042, 0x0001, 0x0021, 0x0043, 0x0043, 0x0063, 0x0063, 0x0041, 0x0040, 0x0042, 0x0063, 0x0043, 0x0042,
    0x0001, 0x0000, 0x0021, 0x0062, 0x0062, 0x0883, 0x0082, 0x0061, 0x0061, 0x0083, 0x0883, 0x0083, 0x0083, 0x0062, 0x0041, 0x0062,
    0x0883, 0x0883, 0x08a4, 0x00a3, 0x0083, 0x00a2, 0x00a3, 0x08c4, 0x08a4, 0x08c4, 0x0082, 0x0081, 0x0081, 0x00c3, 0x08a4, 0x08c4,
    0x08c4, 0x00c3, 0x0082, 0x08a3, 0x08c4, 0x08c4, 0x08c4, 0x08c4, 0x00a2, 0x00c3, 0x00a3, 0x08e4, 0x08e4, 0x08e4, 0x0904, 0x00e3,
    0x00e3, 0x00e3, 0x0904, 0x1105, 0x1105, 0x1125, 0x0924, 0x0103, 0x0103, 0x0924, 0x1125, 0x1125, 0x1145, 0x1145, 0x0924, 0x0923,
    0x0945, 0x1145, 0x1125, 0x1145, 0x1145, 0x0944, 0x0124, 0x1145, 0x1165, 0x1165, 0x1165, 0x1165, 0x0964, 0x0963, 0x0964, 0x1185,
    0x1186, 0x1186, 0x1185, 0x0984, 0x0963, 0x0964, 0x1165, 0x1165, 0x1165, 0x1165, 0x1165, 0x0964, 0x0965, 0x1185, 0x1186, 0x1186,
    0x19a6, 0x11a5, 0x1185, 0x11a5, 0x11a5, 0x19c6, 0x19a6, 0x19a6, 0x1185, 0x0964, 0x1184, 0x11a5, 0x19a6, 0x19a6, 0x19c6, 0x11c5,
    0x09a5, 0x09c4, 0x11c5, 0x19c6, 0x19c6, 0x19c6, 0x19e6, 0x11c5, 0x11a4, 0x19c5, 0x19c6, 0x19c6, 0x19c6, 0x19c6, 0x11a5, 0x11a5,
    0x11c5, 0x19e6, 0x19c6, 0x19c6, 0x19e6, 0x19e6, 0x11e6, 0x11a5, 0x11c5, 0x1a06, 0x1a06, 0x1a06, 0x19e6, 0x19e6, 0x11e5, 0x11e5,
    0x11e5, 0x19e6, 0x1a06, 0x19e7, 0x1a07, 0x11e5, 0x11e5, 0x11c5, 0x11e5, 0x19e6, 0x19e6, 0x19e6, 0x11e5, 0x11a4, 0x09a4, 0x11a5,
    0x19c6, 0x19e6, 0x1206, 0x19e6, 0x19e6, 0x19e6, 0x19e6, 0x19e7, 0x1a07, 0x19e7, 0x19e7, 0x1a26, 0x22c7, 0x22c6, 0x1225, 0x19e6,
    0x19e6, 0x19e7, 0x19e6, 0x19c6, 0x19c6, 0x19c6, 0x19c6, 0x19c6, 0x11c6, 0x11c6, 0x11c6, 0x11c6, 0x11a5, 0x0984, 0x09a4, 0x11a5,
    0x11c6, 0x11a6, 0x11a6, 0x11a6, 0x1185, 0x0985, 0x11a5, 0x19a6, 0x19a5, 0x19a6, 0x11a5, 0x0984, 0x0984, 0x0965, 0x1185, 0x1185,
    0x1185, 0x1185, 0x1164, 0x0964, 0x1185, 0x1986, 0x1986, 0x1986, 0x1986, 0x1165, 0x0964, 0x1165, 0x1186, 0x1165, 0x1966, 0x1165,
    0x0964, 0x0123, 0x0944, 0x1165, 0x1145, 0x1145, 0x0944, 0x0923, 0x0103, 0x0904, 0x0924, 0x1125, 0x1125, 0x1125, 0x0904, 0x0104,
    0x0104, 0x0904, 0x1104, 0x08e4, 0x08e4, 0x00e3, 0x00c2, 0x00c3, 0x08e4, 0x08e4, 0x08e4, 0x08e4, 0x00c3, 0x00c2, 0x00c3, 0x08e4,
    0x08e4, 0x08e4, 0x08e4, 0x00c3, 0x00c3, 0x00c2, 0x08c4, 0x08c5, 0x08c5, 0x08e4, 0x00c3, 0x0082, 0x00a3, 0x08c3, 0x08c4, 0x08c4,
    0x08c4, 0x00a3, 0x0082, 0x0082, 0x0082, 0x0884, 0x0884, 0x08a3, 0x0082, 0x0041, 0x0062, 0x0883, 0x08a4, 0x08a4, 0x08a3, 0x0062,
    0x0042, 0x0082, 0x0083, 0x0083, 0x0083, 0x0083, 0x0041, 0x0041, 0x0062, 0x0883, 0x0063, 0x0063, 0x0083, 0x0063, 0x0063, 0x0063,
    0x0062, 0x0041, 0x0060, 0x0061, 0x0843, 0x0842, 0x0062, 0x0062, 0x0842, 0x0002, 0x0001, 0x0001, 0x0022, 0x0822, 0x0042, 0x0021,
    0x0000, 0x0000, 0x0001, 0x0022, 0x0022, 0x0022, 0x0021, 0x0000, 0x0001, 0x0042, 0x0023, 0x0022, 0x0001, 0x0000, 0x0000, 0x0001,
    0x0022, 0x0023, 0x0022, 0x0000, 0x0000, 0x0021, 0x0022, 0x0022, 0x0022, 0x0022, 0x0022, 0x0022, 0x0022, 0x0022, 0x0022, 0x0003,
    0x0002, 0x0022, 0x0023, 0x0022, 0x0022, 0x0022, 0x0022, 0x0002, 0x0042, 0x0022, 0x0022, 0x0022, 0x0023, 0x0021, 0x0022, 0x0023,
    0x0042, 0x0042, 0x0022, 0x0002, 0x0022, 0x0042, 0x0002, 0x0022, 0x0022, 0x0042, 0x0022, 0x0043, 0x0042, 0x0042, 0x0042, 0x0063,
    0x0042, 0x0043, 0x0063, 0x0042, 0x0042, 0x0063, 0x0063, 0x0863, 0x0863, 0x0043, 0x0062, 0x0063, 0x0083, 0x0863, 0x0083, 0x0082,
    0x0883, 0x0083, 0x0083, 0x0883, 0x0883, 0x0883, 0x0083, 0x0082, 0x0083, 0x08a3, 0x08a2, 0x0883, 0x0083, 0x08a3, 0x08a4, 0x08c4,
    0x08c4, 0x08c4, 0x08c4, 0x08c3, 0x08c4, 0x08a4, 0x08c4, 0x08c4, 0x08e4, 0x08c4, 0x08c4, 0x08c4, 0x08e3, 0x08e4, 0x08e4, 0x08e4,
    0x08c4, 0x08c4, 0x08e4, 0x08e4, 0x08e4, 0x08e4, 0x08e4, 0x08e4, 0x08e4, 0x0904, 0x0904, 0x1105, 0x0925, 0x0925, 0x1124, 0x1124,
    0x0924, 0x0945, 0x1145, 0x1145, 0x1145, 0x1145, 0x1145, 0x1145, 0x1144, 0x1145, 0x1145, 0x1145, 0x1145, 0x1144, 0x1144, 0x1145,
    0x1145, 0x1165, 0x1185, 0x1166, 0x1165, 0x1185, 0x1185, 0x1185, 0x1186, 0x19a6, 0x11a5, 0x1185, 0x1185, 0x1185, 0x1185, 0x1185,
    0x1185, 0x1185, 0x1165, 0x1165, 0x1185, 0x11a5, 0x11a6, 0x19c6, 0x19c6, 0x11a6, 0x11a6, 0x19a6, 0x11c6, 0x19c6, 0x19c6, 0x19c6,
    0x19c6, 0x11c6, 0x19a6, 0x11a6, 0x19a6, 0x19c6, 0x19c6, 0x19c6, 0x19c6, 0x19c6, 0x19c6, 0x19c6, 0x11e6, 0x19e6, 0x19e6, 0x19e6,
    0x19e6, 0x19e6, 0x19e6, 0x11e6, 0x19e6, 0x19e6, 0x19e6, 0x19e6, 0x19e6, 0x19e6, 0x19e6, 0x19e6, 0x19e6, 0x1a06, 0x19e6, 0x19e6,
    0x1a06, 0x1a06, 0x1206, 0x1a06, 0x1a06, 0x1a06, 0x1a06, 0x1a06, 0x1a06, 0x1a06, 0x1a06, 0x1a06, 0x1a06, 0x19e6, 0x1a06, 0x1a06,
    0x1a06, 0x1a06, 0x1a06, 0x1a06, 0x1a06, 0x1a06, 0x1a06, 0x19e6, 0x19e6, 0x19e6, 0x1a06, 0x1a06, 0x19e6, 0x1a06, 0x1206, 0x1a06,
    0x1a06, 0x1a06, 0x1a06, 0x1a06, 0x1207, 0x1a06, 0x1a06, 0x19e6, 0x11e6, 0x11c5, 0x11e6, 0x1a06, 0x19e6, 0x19e6, 0x19e6, 0x19e6,
    0x19e6, 0x19e6, 0x19e6, 0x19e6, 0x19e6, 0x19c6, 0x19c6, 0x11c6, 0x11c6, 0x19c6, 0x19c6, 0x19c6, 0x19c6, 0x19c6, 0x19c6, 0x19a6,
    0x19c6, 0x11c6, 0x11a6, 0x19a5, 0x19a6, 0x19a6, 0x19a6, 0x11c5, 0x11c5, 0x19a6, 0x19a6, 0x11a5, 0x11a5, 0x11a5, 0x19a6, 0x19a6,
    0x11a6, 0x11a6, 0x11a5, 0x1986, 0x1986, 0x1185, 0x1185, 0x1166, 0x1165, 0x1165, 0x1165, 0x1165, 0x1165, 0x1185, 0x1165, 0x1165,
    0x1165, 0x1145, 0x1145, 0x1145, 0x1145, 0x1145, 0x1145, 0x1145, 0x1125, 0x1125, 0x1145, 0x1145, 0x1125, 0x1105, 0x1104, 0x0904,
    0x08e4, 0x08e4, 0x08e4, 0x0904, 0x08e4, 0x08e4, 0x0904, 0x0904, 0x0904, 0x1104, 0x0904, 0x0904, 0x0904, 0x08e4, 0x08e4, 0x08e4,
    0x08e4, 0x0904, 0x08e4, 0x08e4, 0x08e4, 0x08e4, 0x08e4, 0x08e4, 0x08c4, 0x08c4, 0x08c4, 0x08c4, 0x08c4, 0x08c4, 0x08c4, 0x08c3,
    0x00a3, 0x0883, 0x08a3, 0x00a3, 0x08a3, 0x08c4, 0x08a4, 0x08a3, 0x08a3, 0x08a3, 0x08a3, 0x08a4, 0x08a4, 0x08a3, 0x0883, 0x0083,
    0x0083, 0x0883, 0x0883, 0x0883, 0x0063, 0x0863, 0x0063, 0x0063, 0x0041, 0x0041, 0x0062, 0x0021, 0x21e5, 0x5c2c, 0x544a, 0x3246,
    0x0021, 0x0062, 0x0040, 0x0041, 0x0042, 0x0843, 0x0043, 0x0042, 0x0042, 0x0042, 0x0042, 0x0042, 0x0843, 0x0043, 0x0042, 0x0042,
    0x0022, 0x0022, 0x0043, 0x0843, 0x0042, 0x0022, 0x0022, 0x0022, 0x0022, 0x0043, 0x0042, 0x0022, 0x0022, 0x0023, 0x0022, 0x0042,
    0x0042, 0x0022, 0x0022, 0x0022, 0x0022, 0x0022, 0x0022, 0x0022, 0x0022, 0x0022, 0x0022, 0x0001, 0x08a3, 0x0862, 0x0001, 0x0042,
    0x0022, 0x0021, 0x0061, 0x0882, 0x0020, 0x0022, 0x0022, 0x0022, 0x0001, 0x10e3, 0x0862, 0x0022, 0x0042, 0x0042, 0x0001, 0x0882,
    0x0882, 0x0000, 0x0022, 0x0022, 0x0021, 0x0061, 0x10c3, 0x0021, 0x0062, 0x0042, 0x0062, 0x0041, 0x10e3, 0x0082, 0x0041, 0x0042,
    0x0042, 0x0042, 0x0021, 0x0041, 0x0042, 0x0042, 0x0063, 0x0083, 0x0062, 0x00a2, 0x0883, 0x00a3, 0x0083, 0x0084, 0x0062, 0x08c3,
    0x08a2, 0x0041, 0x0883, 0x0883, 0x0063, 0x0062, 0x00a1, 0x08a3, 0x00a4, 0x00c4, 0x08c4, 0x00a3, 0x00a2, 0x08e3, 0x08c3, 0x08c3,
    0x08c4, 0x00c3, 0x00c2, 0x0904, 0x00c3, 0x08c4, 0x08c4, 0x08e4, 0x08e3, 0x00c3, 0x08e3, 0x08e3, 0x08c3, 0x08c3, 0x08e4, 0x00c3,
    0x00c2, 0x0903, 0x00c2, 0x08e3, 0x08e4, 0x0904, 0x0925, 0x0904, 0x0103, 0x0944, 0x1125, 0x1144, 0x0944, 0x1145, 0x1144, 0x0923,
    0x0964, 0x1145, 0x1145, 0x1165, 0x1144, 0x1145, 0x0923, 0x0943, 0x1145, 0x1145, 0x1145, 0x1145, 0x1165, 0x0964, 0x0964, 0x1185,
    0x1185, 0x1185, 0x1185, 0x1186, 0x1185, 0x0985, 0x11a6, 0x1185, 0x1185, 0x1165, 0x1165, 0x1165, 0x0944, 0x1164, 0x1185, 0x1185,
    0x11a5, 0x11c5, 0x11a5, 0x09a5, 0x11e5, 0x19c6, 0x19c6, 0x19c6, 0x11c5, 0x09a5, 0x1185, 0x11a5, 0x11c5, 0x11a6, 0x11a6, 0x11c5,
    0x19c6, 0x19c6, 0x19c6, 0x19c6, 0x19c6, 0x19e6, 0x19e5, 0x19e6, 0x19e6, 0x19e6, 0x19e6, 0x19e6, 0x19e5, 0x19e6, 0x1a06, 0x1206,
    0x19e6, 0x19e6, 0x19e6, 0x19e6, 0x1a06, 0x1a06, 0x19e6, 0x19e6, 0x1a06, 0x1a06, 0x1a06, 0x1a06, 0x1206, 0x1a06, 0x1a06, 0x1a06,
    0x1a06, 0x1a06, 0x1a06, 0x1a06, 0x1a06, 0x1a06, 0x1a06, 0x1a06, 0x1a06, 0x1a06, 0x1a06, 0x1a06, 0x1a06, 0x1a06, 0x1a06, 0x1a06,
    0x1a06, 0x1a06, 0x1a06, 0x1a06, 0x1a06, 0x19e6, 0x1a06, 0x1a06, 0x19e6, 0x1a06, 0x1a06, 0x1a06, 0x1a06, 0x1a06, 0x1a06, 0x1a06,
    0x1a06, 0x1a06, 0x1a05, 0x19e6, 0x1a06, 0x1a07, 0x19e7, 0x19e6, 0x1206, 0x19e6, 0x19e6, 0x19e6, 0x19e6, 0x19e6, 0x19e6, 0x19e6,
    0x19e6, 0x19e6, 0x19e6, 0x19c6, 0x19c6, 0x19c6, 0x19c6, 0x19c6, 0x19c5, 0x19c5, 0x19c5, 0x19c5, 0x19c6, 0x11c6, 0x11c5, 0x19c5,
    0x19a6, 0x19a6, 0x19c6, 0x11c5, 0x11a5, 0x19a6, 0x19a6, 0x19a5, 0x11a5, 0x19c6, 0x11a5, 0x1185, 0x19a6, 0x11a5, 0x11a5, 0x1185,
    0x1985, 0x1185, 0x1164, 0x1165, 0x1165, 0x1165, 0x1165, 0x1166, 0x1165, 0x0944, 0x1165, 0x1165, 0x1165, 0x1165, 0x1165, 0x1144,
    0x0923, 0x1144, 0x1145, 0x1145, 0x1145, 0x0945, 0x0123, 0x0123, 0x0923, 0x0924, 0x1104, 0x0905, 0x0904, 0x08c3, 0x08c3, 0x00e3,
    0x08e4, 0x08e4, 0x08e4, 0x0904, 0x08e4, 0x00e3, 0x0903, 0x0904, 0x0904, 0x08e4, 0x08e4, 0x08e4, 0x08e3, 0x08e3, 0x08e4, 0x08e4,
    0x08e4, 0x08e4, 0x08e4, 0x00c3, 0x08c3, 0x08c4, 0x08c4, 0x08c4, 0x08c4, 0x00a3, 0x0061, 0x0082, 0x00a3, 0x08a3, 0x00a3, 0x08a3,
    0x08a3, 0x0082, 0x00c3, 0x08a3, 0x08a3, 0x08a3, 0x08a3, 0x0062, 0x0041, 0x0062, 0x0883, 0x0883, 0x0882, 0x0863, 0x0883, 0x0063,
    0x0083, 0x0083, 0x0062, 0x0061, 0x21e4, 0x53ca, 0x1984, 0x0060, 0x4388, 0x652c, 0x5d4b, 0x4bc9, 0x0020, 0x0902, 0x4baa, 0x2226,
    0x0041, 0x0042, 0x0042, 0x0042, 0x0062, 0x0042, 0x0042, 0x0042, 0x0001, 0x0021, 0x0022, 0x0042, 0x0022, 0x0022, 0x0001, 0x0000,
    0x0000, 0x0022, 0x0022, 0x0022, 0x0021, 0x0000, 0x0000, 0x0021, 0x0022, 0x0022, 0x0022, 0x0000, 0x0000, 0x0001, 0x0022, 0x0022,
    0x0022, 0x0022, 0x0022, 0x0022, 0x0022, 0x0022, 0x0001, 0x21a5, 0x4b0a, 0x4ae9, 0x10e2, 0x0001, 0x0001, 0x08a1, 0x42a8, 0x4aca,
    0x29c5, 0x0001, 0x0022, 0x0001, 0x3a47, 0x42c9, 0x42c9, 0x08a2, 0x0042, 0x0021, 0x1944, 0x4ac9, 0x4ae9, 0x1924, 0x0001, 0x0022,
    0x0881, 0x42e8, 0x4b2a, 0x3247, 0x0041, 0x0043, 0x0041, 0x3a67, 0x52ea, 0x42c9, 0x08a2, 0x0022, 0x0042, 0x0862, 0x3a68, 0x3247,
    0x0001, 0x0043, 0x0083, 0x0063, 0x2a07, 0x53cb, 0x08a3, 0x0083, 0x00a3, 0x0022, 0x2184, 0x4b0a, 0x42e9, 0x1103, 0x0042, 0x0883,
    0x0883, 0x3227, 0x4329, 0x00a2, 0x08a4, 0x00c4, 0x00a3, 0x08e4, 0x4b0a, 0x3287, 0x0082, 0x08c4, 0x08c4, 0x00c2, 0x2a66, 0x434a,
    0x32c9, 0x0903, 0x08e4, 0x08e4, 0x08e4, 0x2a47, 0x3b29, 0x08c3, 0x10e4, 0x08e4, 0x08c3, 0x08e3, 0x3267, 0x3ac9, 0x2225, 0x00c2,
    0x10e4, 0x0904, 0x0904, 0x19c6, 0x43aa, 0x1a05, 0x0925, 0x1145, 0x1145, 0x1145, 0x1165, 0x3b09, 0x2ae8, 0x0944, 0x1146, 0x1145,
    0x1124, 0x0924, 0x2a67, 0x2a87, 0x0924, 0x1145, 0x1145, 0x1165, 0x1164, 0x2aa7, 0x3328, 0x1185, 0x1985, 0x1185, 0x1185, 0x1185,
    0x2267, 0x3308, 0x11a4, 0x1185, 0x1185, 0x1165, 0x1144, 0x11a5, 0x32e8, 0x11c5, 0x1145, 0x1185, 0x11a5, 0x11a5, 0x1a06, 0x3b69,
    0x22a6, 0x11a6, 0x19c6, 0x19e5, 0x11a5, 0x2266, 0x3b29, 0x2ac8, 0x11c4, 0x19a6, 0x19c6, 0x19c6, 0x19c6, 0x19c6, 0x19c6, 0x19c6,
    0x19c6, 0x19e6, 0x19e6, 0x19e6, 0x19e6, 0x19e6, 0x19e6, 0x19e6, 0x19e6, 0x19e6, 0x1a06, 0x1a06, 0x19e6, 0x19e6, 0x1a06, 0x1a06,
    0x1a06, 0x1a06, 0x1a06, 0x1a06, 0x1a06, 0x1a06, 0x1a06, 0x1a06, 0x1206, 0x1a06, 0x1a06, 0x1a06, 0x1a06, 0x1a06, 0x1a06, 0x1a06,
    0x1a06, 0x1a06, 0x1a06, 0x1a06, 0x1a06, 0x1a06, 0x1a26, 0x1a26, 0x1a06, 0x1a06, 0x1a06, 0x1a06, 0x1a06, 0x1a07, 0x1a07, 0x1a06,
    0x1a06, 0x1a06, 0x1a06, 0x1a06, 0x1a06, 0x1a06, 0x1a06, 0x1a06, 0x1a06, 0x1a06, 0x1a06, 0x1a06, 0x1a06, 0x1a06, 0x1a06, 0x1a06,
    0x1a06, 0x1a06, 0x1a06, 0x19e6, 0x1a06, 0x1a06, 0x19e6, 0x19e6, 0x19e6, 0x19e6, 0x11e6, 0x11e6, 0x11e6, 0x19e6, 0x19e6, 0x19e6,
    0x19e6, 0x19c6, 0x19e6, 0x19e6, 0x19c6, 0x19c6, 0x19c6, 0x19c6, 0x11c6, 0x19c6, 0x19c6, 0x19c6, 0x19c6, 0x19a6, 0x11a5, 0x1a06,
    0x1a06, 0x11c5, 0x19c6, 0x19c6, 0x19c6, 0x11c6, 0x1a06, 0x2268, 0x11c6, 0x11c5, 0x11a5, 0x1186, 0x1165, 0x19a5, 0x2227, 0x1185,
    0x1165, 0x1165, 0x1185, 0x1165, 0x11c6, 0x32e8, 0x11e5, 0x1185, 0x1985, 0x1986, 0x1185, 0x11e5, 0x32e8, 0x11a5, 0x1125, 0x1145,
    0x1145, 0x0924, 0x1a06, 0x32c8, 0x2226, 0x0923, 0x1125, 0x1105, 0x08e3, 0x1185, 0x3288, 0x2206, 0x08e3, 0x1104, 0x1104, 0x0904,
    0x1144, 0x32c8, 0x1185, 0x0904, 0x1104, 0x10e4, 0x08e4, 0x0924, 0x1985, 0x1145, 0x08c3, 0x08e4, 0x08c4, 0x08c4, 0x0904, 0x19c6,
    0x0904, 0x00c3, 0x08c4, 0x08c3, 0x00a3, 0x08e3, 0x3287, 0x1965, 0x0083, 0x08c3, 0x08a4, 0x08a3, 0x1124, 0x3287, 0x0923, 0x0083,
    0x08a4, 0x08a4, 0x0081, 0x21e6, 0x42ca, 0x1984, 0x0062, 0x0883, 0x0883, 0x0883, 0x0083, 0x0883, 0x0083, 0x0883, 0x0022, 0x21a5,
    0x756e, 0x658b, 0x5ccb, 0x546a, 0x5d2a, 0x5529, 0x4d29, 0x54ea, 0x4c0a, 0x4c29, 0x550a, 0x650d, 0x3207, 0x0001, 0x0063, 0x0042,
    0x0062, 0x0042, 0x0042, 0x0042, 0x29c5, 0x2144, 0x0001, 0x0022, 0x0022, 0x0021, 0x2184, 0x4aa9, 0x2185, 0x0021, 0x0043, 0x0002,
    0x08c2, 0x4268, 0x3a47, 0x0082, 0x0022, 0x0002, 0x0021, 0x29e6, 0x4289, 0x1944, 0x0001, 0x0023, 0x0022, 0x0022, 0x0022, 0x0022,
    0x0022, 0x0022, 0x0021, 0x534b, 0x08a1, 0x3a88, 0x3247, 0x0000, 0x0001, 0x29e6, 0x3246, 0x08c1, 0x536b, 0x0021, 0x0001, 0x0081,
    0x538a, 0x0080, 0x4b6a, 0x2a06, 0x0001, 0x0000, 0x42e9, 0x1103, 0x21c4, 0x42c9, 0x0001, 0x0001, 0x21a5, 0x3ae8, 0x08c1, 0x5c0c,
    0x0082, 0x0022, 0x08c3, 0x536b, 0x0060, 0x4329, 0x21a5, 0x0001, 0x0041, 0x0882, 0x3227, 0x42c8, 0x0000, 0x0083, 0x0083, 0x08a3,
    0x2a06, 0x53eb, 0x08e3, 0x0062, 0x0083, 0x0062, 0x4b2a, 0x08e2, 0x3a87, 0x3267, 0x0041, 0x00a3, 0x08a3, 0x2a46, 0x4b8a, 0x00c2,
    0x08a3, 0x08c3, 0x00a2, 0x1104, 0x4b09, 0x3ac8, 0x0082, 0x08c4, 0x00a4, 0x1164, 0x436a, 0x0142, 0x53ec, 0x1184, 0x00c3, 0x08e4,
    0x0904, 0x3288, 0x436a, 0x08e3, 0x10e4, 0x08e4, 0x00c3, 0x21a5, 0x32a7, 0x0922, 0x4b6b, 0x0903, 0x08e4, 0x0924, 0x0904, 0x2227,
    0x4c0b, 0x1a46, 0x0924, 0x1165, 0x0964, 0x0964, 0x11a5, 0x3b49, 0x3b49, 0x0143, 0x1165, 0x1165, 0x0923, 0x1164, 0x3b29, 0x3b28,
    0x0923, 0x1165, 0x1165, 0x1164, 0x1184, 0x3308, 0x4bca, 0x1185, 0x1186, 0x1185, 0x1185, 0x1185, 0x3b08, 0x4bea, 0x1184, 0x1165,
    0x1165, 0x1165, 0x0944, 0x19a5, 0x4bab, 0x1a06, 0x1165, 0x1185, 0x11a5, 0x11a5, 0x32c8, 0x544b, 0x2ae6, 0x11c5, 0x11e6, 0x11e6,
    0x11c5, 0x3b4a, 0x1a46, 0x3b29, 0x2287, 0x1185, 0x19c6, 0x19c6, 0x19e6, 0x19e6, 0x19e6, 0x19e6, 0x19e6, 0x19e6, 0x19e6, 0x19e6,
    0x19e6, 0x19e6, 0x19e6, 0x19e6, 0x1a06, 0x1a06, 0x1a06, 0x1a06, 0x1a06, 0x1a06, 0x1a06, 0x1a06, 0x1a06, 0x1a26, 0x1a26, 0x1a06,
    0x1a06, 0x1a06, 0x1a06, 0x1a06, 0x1a06, 0x1a06, 0x1a26, 0x1a26, 0x1a26, 0x1a26, 0x1a26, 0x1a26, 0x1a26, 0x1a26, 0x1a26, 0x1a26,
    0x1a26, 0x1a26, 0x1a26, 0x1a26, 0x1a26, 0x1a26, 0x1a26, 0x1a26, 0x1a26, 0x1a26, 0x1a26, 0x1a06, 0x1a06, 0x1a06, 0x1a26, 0x1a26,
    0x1a26, 0x1a06, 0x1a06, 0x1a26, 0x1a26, 0x1a26, 0x1a26, 0x1a26, 0x1a26, 0x1a26, 0x1a06, 0x1a06, 0x1a06, 0x1a06, 0x1a06, 0x1a06,
    0x1a06, 0x1a06, 0x1a06, 0x1a06, 0x1a06, 0x1a06, 0x1206, 0x1206, 0x1206, 0x11e5, 0x11e5, 0x19e6, 0x19e5, 0x19e6, 0x19e6, 0x19e6,
    0x19e6, 0x19e6, 0x19e6, 0x19e6, 0x19e6, 0x19e6, 0x19c6, 0x19c6, 0x19c6, 0x19c6, 0x19e6, 0x2a88, 0x2267, 0x11c5, 0x19c6, 0x19c6,
    0x11c6, 0x1a06, 0x2ac8, 0x3309, 0x11e5, 0x11a5, 0x11a6, 0x1186, 0x1185, 0x1a06, 0x2a88, 0x11a5, 0x1165, 0x1185, 0x1185, 0x1185,
    0x32a8, 0x542b, 0x1a46, 0x1185, 0x11a5, 0x1986, 0x1185, 0x2a87, 0x4bcb, 0x1a06, 0x0904, 0x1145, 0x0924, 0x0944, 0x3b4a, 0x19e5,
    0x434a, 0x11a5, 0x0904, 0x1125, 0x0944, 0x32e9, 0x11e4, 0x3b09, 0x1185, 0x0904, 0x1104, 0x0904, 0x2a27, 0x4bcb, 0x1a06, 0x0103,
    0x0944, 0x08e4, 0x08e4, 0x19a6, 0x0944, 0x21e7, 0x0904, 0x08c4, 0x08e4, 0x08c4, 0x1165, 0x2a48, 0x1124, 0x00a3, 0x08c4, 0x08c4,
    0x00a3, 0x21a5, 0x53ab, 0x2a26, 0x0082, 0x08c4, 0x08c4, 0x00c3, 0x3268, 0x5c2c, 0x1184, 0x0083, 0x08c4, 0x0062, 0x1944, 0x4309,
    0x21a5, 0x538b, 0x00a2, 0x0083, 0x0083, 0x0883, 0x00a3, 0x0883, 0x0884, 0x0042, 0x0021, 0x08e1, 0x5ccb, 0x5d8a, 0x556a, 0x5dac,
    0x5d6b, 0x5d4b, 0x5d6b, 0x5d4b, 0x5d2b, 0x4ce9, 0x44c9, 0x5c8b, 0x1123, 0x0001, 0x0002, 0x0043, 0x0043, 0x0043, 0x0022, 0x1924,
    0x534a, 0x3a47, 0x0000, 0x0042, 0x0001, 0x0882, 0x5b6a, 0x21a4, 0x5b6b, 0x08c2, 0x0042, 0x0000, 0x42e8, 0x3226, 0x42a8, 0x3a67,
    0x0000, 0x0001, 0x2144, 0x5b4a, 0x2184, 0x536b, 0x0041, 0x0021, 0x0022, 0x0022, 0x0022, 0x0022, 0x0022, 0x0022, 0x0041, 0x4b29,
    0x1963, 0x4b29, 0x3247, 0x0000, 0x0001, 0x29e5, 0x2a05, 0x2184, 0x4b4a, 0x0061, 0x0001, 0x08a1, 0x4308, 0x1143, 0x536a, 0x2a06,
    0x0001, 0x0041, 0x3ae8, 0x1143, 0x3a87, 0x42e8, 0x0022, 0x0002, 0x2a06, 0x3aa7, 0x29e5, 0x53aa, 0x08e3, 0x0002, 0x08e2, 0x42c8,
    0x1102, 0x4b49, 0x29c5, 0x0000, 0x0062, 0x0000, 0x1123, 0x42c8, 0x0041, 0x0083, 0x0083, 0x0082, 0x0081, 0x4b8a, 0x10e3, 0x0883,
    0x0063, 0x0082, 0x4b09, 0x1943, 0x4b29, 0x3ac7, 0x0062, 0x08a3, 0x0083, 0x0102, 0x4369, 0x00c2, 0x08a3, 0x08a3, 0x08c3, 0x0021,
    0x1963, 0x3ae8, 0x0062, 0x08c4, 0x00a3, 0x19a4, 0x3b28, 0x11e3, 0x43aa, 0x19e5, 0x00c3, 0x0905, 0x08c4, 0x0102, 0x4329, 0x08c3,
    0x08c4, 0x08e4, 0x00c3, 0x21c5, 0x2a86, 0x1a05, 0x434a, 0x1144, 0x08e4, 0x0924, 0x1145, 0x00e2, 0x3348, 0x2266, 0x0924, 0x1145,
    0x0944, 0x1165, 0x0923, 0x1a25, 0x3328, 0x0923, 0x1145, 0x1165, 0x1144, 0x0924, 0x11c4, 0x3b28, 0x0964, 0x1165, 0x1165, 0x1185,
    0x1164, 0x11e4, 0x43ca, 0x11a5, 0x1165, 0x1185, 0x1185, 0x1165, 0x09a3, 0x4389, 0x11a5, 0x1185, 0x1185, 0x1165, 0x1185, 0x0943,
    0x3b69, 0x2246, 0x1165, 0x1185, 0x11a5, 0x11a5, 0x0964, 0x3328, 0x2ae7, 0x11a5, 0x19e6, 0x19c6, 0x19c5, 0x3b49, 0x1204, 0x3328,
    0x2ac7, 0x11a5, 0x19e6, 0x19e6, 0x19e6, 0x19e6, 0x19e6, 0x19e6, 0x19e6, 0x19e6, 0x1a06, 0x1a06, 0x1a06, 0x1a06, 0x1a06, 0x1a06,
    0x1a06, 0x1a06, 0x1a06, 0x1a06, 0x1a06, 0x1a06, 0x1a06, 0x1a06, 0x1a06, 0x1a06, 0x1a06, 0x1a27, 0x1a26, 0x1a26, 0x1a26, 0x1a26,
    0x1a26, 0x1a26, 0x1a26, 0x1a26, 0x1a26, 0x1a26, 0x1a27, 0x1a27, 0x1a27, 0x1a27, 0x1a27, 0x1a27, 0x1a27, 0x1a27, 0x1a27, 0x1a27,
    0x1a27, 0x1a27, 0x1a27, 0x1a27, 0x1a27, 0x1a27, 0x1a26, 0x1a26, 0x1a27, 0x1a27, 0x1a27, 0x1a27, 0x1a27, 0x1a27, 0x1a27, 0x1a26,
    0x1a27, 0x1a46, 0x1a26, 0x1a26, 0x1a26, 0x1a26, 0x1a26, 0x1a26, 0x1a26, 0x1a26, 0x1a26, 0x2226, 0x1a26, 0x2226, 0x2226, 0x2226,
    0x2226, 0x2226, 0x2226, 0x1a27, 0x2227, 0x1a06, 0x1a06, 0x1a06, 0x19e6, 0x19e6, 0x1a06, 0x1a06, 0x1a06, 0x19e6, 0x19e6, 0x19e6,
    0x19e6, 0x19e6, 0x19e6, 0x11c6, 0x11c6, 0x19c6, 0x19c5, 0x19e6, 0x2247, 0x19c5, 0x19c6, 0x19c6, 0x19c6, 0x19c6, 0x1a05, 0x2aa8,
    0x11c5, 0x1185, 0x1186, 0x1986, 0x1185, 0x0964, 0x2247, 0x19a5, 0x1165, 0x1185, 0x1185, 0x11a5, 0x0163, 0x3b48, 0x2246, 0x1185,
    0x11a5, 0x11a6, 0x11a6, 0x0183, 0x3b49, 0x2226, 0x0924, 0x1144, 0x0924, 0x11a5, 0x32e7, 0x0982, 0x3b29, 0x19e5, 0x0103, 0x0924,
    0x1185, 0x2ae8, 0x09c3, 0x3309, 0x19e6, 0x08e3, 0x0905, 0x0924, 0x00e2, 0x3328, 0x1a26, 0x0103, 0x0924, 0x0904, 0x0924, 0x11a5,
    0x0123, 0x21e7, 0x1145, 0x00c4, 0x08c4, 0x08e4, 0x00a2, 0x19a5, 0x1144, 0x00a3, 0x08a4, 0x08a3, 0x08c4, 0x0041, 0x3287, 0x2a47,
    0x0083, 0x08c4, 0x08c4, 0x08e4, 0x00c1, 0x4349, 0x19a5, 0x0083, 0x08a3, 0x0042, 0x21e5, 0x2a46, 0x1122, 0x536a, 0x10e3, 0x0062,
    0x0083, 0x0883, 0x0083, 0x08a3, 0x0062, 0x3aa8, 0x19e4, 0x2264, 0x658c, 0x5daa, 0x65ac, 0x546a, 0x3ac7, 0x2a65, 0x2244, 0x32a6,
    0x4bc9, 0x5ceb, 0x550a, 0x5ccb, 0x2a65, 0x0922, 0x3247, 0x0082, 0x0042, 0x0043, 0x0043, 0x0000, 0x2184, 0x3a47, 0x0000, 0x0042,
    0x0001, 0x1903, 0x42c7, 0x00a1, 0x5bab, 0x1943, 0x0021, 0x0041, 0x4b29, 0x0902, 0x3aa7, 0x42c8, 0x0000, 0x0001, 0x29c5, 0x3a87,
    0x08e1, 0x5bab, 0x0881, 0x0001, 0x0022, 0x0022, 0x0022, 0x0022, 0x0022, 0x0022, 0x0041, 0x4b4a, 0x3246, 0x2a26, 0x3a87, 0x0000,
    0x0001, 0x21c5, 0x42e8, 0x2163, 0x4b49, 0x0061, 0x0001, 0x0881, 0x4b29, 0x2164, 0x3a67, 0x3206, 0x0001, 0x0021, 0x3aa7, 0x3a88,
    0x2a25, 0x4309, 0x0022, 0x0022, 0x21c5, 0x5bab, 0x21a4, 0x4349, 0x1103, 0x0002, 0x08c2, 0x4b09, 0x2184, 0x3a67, 0x31e6, 0x0001,
    0x0063, 0x0021, 0x1964, 0x42c9, 0x0041, 0x0063, 0x0863, 0x0863, 0x08c2, 0x4b6a, 0x10e3, 0x0863, 0x0883, 0x0082, 0x4b29, 0x3aa8,
    0x2a45, 0x4329, 0x0042, 0x08a4, 0x0883, 0x0923, 0x4b4a, 0x00c2, 0x00a3, 0x00a4, 0x08a4, 0x0062, 0x21c5, 0x3ae9, 0x0082, 0x08c4,
    0x00a3, 0x1184, 0x4baa, 0x2265, 0x32e7, 0x1a05, 0x00a4, 0x08e5, 0x08c4, 0x1164, 0x4369, 0x0903, 0x10e4, 0x08e4, 0x00c3, 0x19a4,
    0x3b28, 0x2245, 0x3b08, 0x1165, 0x08e4, 0x0924, 0x1125, 0x0924, 0x3b49, 0x2246, 0x0924, 0x1125, 0x1125, 0x1145, 0x0904, 0x2246,
    0x3b09, 0x0924, 0x1145, 0x1145, 0x1145, 0x0944, 0x1a46, 0x436a, 0x0985, 0x1185, 0x1186, 0x1186, 0x1185, 0x1a25, 0x43aa, 0x11a5,
    0x1185, 0x1185, 0x1185, 0x1165, 0x11c5, 0x438b, 0x11c5, 0x1185, 0x19a6, 0x11a6, 0x19c6, 0x11a5, 0x43ea, 0x22a7, 0x11a5, 0x19a6,
    0x11a5, 0x1185, 0x0944, 0x3b09, 0x2ac8, 0x1185, 0x19c6, 0x19a5, 0x11c5, 0x3b49, 0x22a6, 0x2ae7, 0x2ae7, 0x11a5, 0x1a06, 0x19e6,
    0x19e6, 0x19e6, 0x19e6, 0x19e6, 0x1a06, 0x1a06, 0x1a06, 0x1a06, 0x1a06, 0x1a06, 0x1a06, 0x1a06, 0x1a06, 0x1a26, 0x1a27, 0x1a26,
    0x1a06, 0x1a26, 0x1a26, 0x1a26, 0x1a26, 0x1a26, 0x2247, 0x2247, 0x2267, 0x2267, 0x2268, 0x2268, 0x2267, 0x2268, 0x2a68, 0x2a68,
    0x2248, 0x2248, 0x2248, 0x2248, 0x2248, 0x2247, 0x2247, 0x2248, 0x2247, 0x2247, 0x2a47, 0x2227, 0x2227, 0x2227, 0x2227, 0x2227,
    0x2227, 0x2207, 0x2207, 0x2207, 0x2207, 0x2207, 0x21e7, 0x21e7, 0x21e6, 0x19e6, 0x19e6, 0x19c6, 0x19c6, 0x19c6, 0x19c6, 0x19a6,
    0x19a6, 0x19a6, 0x19a5, 0x1985, 0x1985, 0x1985, 0x1985, 0x1165, 0x1165, 0x1165, 0x1145, 0x1145, 0x1145, 0x1145, 0x1145, 0x1144,
    0x1165, 0x1965, 0x1965, 0x1985, 0x1985, 0x19a6, 0x19c6, 0x19c6, 0x19e6, 0x19e6, 0x21e7, 0x2207, 0x2207, 0x2207, 0x2207, 0x2207,
    0x2207, 0x2207, 0x1a07, 0x2247, 0x2aa9, 0x19e6, 0x1a07, 0x19e7, 0x19c7, 0x19c6, 0x1a05, 0x32c8, 0x11c5, 0x11a6, 0x11a6, 0x1186,
    0x1186, 0x1185, 0x2a68, 0x11c5, 0x1185, 0x1185, 0x1185, 0x1185, 0x0984, 0x3b6a, 0x1a46, 0x1165, 0x1186, 0x1186, 0x11c6, 0x09a4,
    0x438a, 0x2246, 0x1165, 0x1165, 0x0944, 0x11a4, 0x3b28, 0x1a04, 0x32a7, 0x2226, 0x0103, 0x0944, 0x0964, 0x3308, 0x1a85, 0x2ac7,
    0x2227, 0x00e4, 0x1125, 0x1125, 0x0103, 0x436a, 0x2227, 0x0924, 0x0925, 0x08e4, 0x0924, 0x19c6, 0x0984, 0x19c6, 0x1165, 0x00c4,
    0x08e4, 0x08e4, 0x00c3, 0x19e6, 0x1144, 0x00a3, 0x08c3, 0x08a3, 0x08c4, 0x0082, 0x3ac8, 0x2a48, 0x0083, 0x08c4, 0x08c5, 0x08c4,
    0x00c2, 0x4b8a, 0x21e5, 0x0083, 0x00a3, 0x0062, 0x19a4, 0x4329, 0x29c5, 0x4ae8, 0x1103, 0x0042, 0x0882, 0x0863, 0x0883, 0x0082,
    0x19e4, 0x75ae, 0x6dac, 0x6dad, 0x6ded, 0x75ce, 0x3307, 0x00c1, 0x0000, 0x3a88, 0x3a47, 0x0000, 0x0062, 0x2a25, 0x5ceb, 0x5d2b,
    0x5d0b, 0x5ceb, 0x754e, 0x2a26, 0x0000, 0x0042, 0x0042, 0x0001, 0x29a6, 0x3a47, 0x0000, 0x0042, 0x0000, 0x10e3, 0x4308, 0x29a5,
    0x534a, 0x1964, 0x0001, 0x0041, 0x42e8, 0x3247, 0x3267, 0x4ae9, 0x0000, 0x0001, 0x2185, 0x4ae8, 0x21a5, 0x4b2a, 0x08a2, 0x0001,
    0x0022, 0x0022, 0x0022, 0x0022, 0x0022, 0x0022, 0x0020, 0x5bec, 0x1963, 0x29e5, 0x3a67, 0x0000, 0x0001, 0x29e5, 0x4b29, 0x00a1,
    0x536a, 0x0041, 0x0021, 0x0061, 0x5bcc, 0x0880, 0x3267, 0x31e6, 0x0001, 0x0000, 0x42e9, 0x3266, 0x1163, 0x534b, 0x0021, 0x0022,
    0x1984, 0x5c0c, 0x00a0, 0x53aa, 0x08e2, 0x0022, 0x08a2, 0x5bab, 0x00a0, 0x3287, 0x29e6, 0x0001, 0x0063, 0x0021, 0x1943, 0x42e9,
    0x0040, 0x0083, 0x0883, 0x0063, 0x0061, 0x4b69, 0x08c2, 0x0062, 0x0883, 0x0062, 0x53ab, 0x2224, 0x2244, 0x4b2a, 0x0062, 0x08c4,
    0x0083, 0x0102, 0x4349, 0x00a1, 0x00a3, 0x00c4, 0x08c4, 0x0042, 0x19a4, 0x3ae8, 0x0061, 0x08c4, 0x00a3, 0x0923, 0x53ec, 0x0942,
    0x32e8, 0x19e5, 0x08a4, 0x08e4, 0x08e4, 0x0943, 0x3b69, 0x0102, 0x08e4, 0x0905, 0x00c3, 0x19c5, 0x4baa, 0x0141, 0x4369, 0x1185,
    0x0905, 0x0924, 0x1125, 0x0103, 0x3b48, 0x1a45, 0x0904, 0x1145, 0x1145, 0x1145, 0x0904, 0x19e5, 0x32e8, 0x0103, 0x1145, 0x1165,
    0x1185, 0x0965, 0x1205, 0x3b69, 0x0984, 0x11a5, 0x1186, 0x11a6, 0x1185, 0x1204, 0x3b89, 0x0963, 0x1185, 0x1185, 0x1185, 0x1185,
    0x0984, 0x3b69, 0x09a4, 0x11a5, 0x19c6, 0x19c6, 0x19e6, 0x09a4, 0x43ea, 0x2286, 0x11a5, 0x19c6, 0x11a5, 0x19a5, 0x0123, 0x32e8,
    0x2286, 0x0964, 0x19a6, 0x19a6, 0x11a5, 0x43aa, 0x1a65, 0x22a6, 0x3328, 0x11c5, 0x1a06, 0x1a06, 0x1a06, 0x1a06, 0x1a06, 0x1a06,
    0x1a06, 0x1a06, 0x1a06, 0x1a06, 0x1a06, 0x1a06, 0x1a06, 0x1a06, 0x1a06, 0x1a26, 0x1a26, 0x1a26, 0x2227, 0x2247, 0x2267, 0x2268,
    0x2a68, 0x2227, 0x19e6, 0x1985, 0x0923, 0x00e2, 0x00a2, 0x0081, 0x0081, 0x0061, 0x0041, 0x0061, 0x0061, 0x0061, 0x0061, 0x0061,
    0x0041, 0x0041, 0x0041, 0x0041, 0x0041, 0x0041, 0x0041, 0x0041, 0x0041, 0x0041, 0x0041, 0x0041, 0x0041, 0x0041, 0x0041, 0x0041,
    0x0041, 0x0041, 0x0041, 0x0041, 0x0041, 0x0041, 0x0061, 0x0061, 0x0061, 0x0041, 0x0061, 0x0061, 0x0041, 0x0041, 0x0041, 0x0041,
    0x0041, 0x0841, 0x0882, 0x10a3, 0x10a3, 0x10a3, 0x10c3, 0x10c3, 0x18c3, 0x18c4, 0x18e4, 0x1904, 0x10c3, 0x0882, 0x0882, 0x0861,
    0x0061, 0x0061, 0x0041, 0x0041, 0x0041, 0x0041, 0x0020, 0x0000, 0x0000, 0x0000, 0x0000, 0x0020, 0x0041, 0x0061, 0x0082, 0x00e2,
    0x0944, 0x08e3, 0x0903, 0x0904, 0x0904, 0x0904, 0x0944, 0x2207, 0x1144, 0x1145, 0x1165, 0x1986, 0x1986, 0x19a6, 0x2a69, 0x2207,
    0x19a6, 0x1185, 0x1185, 0x11a6, 0x0143, 0x3328, 0x19e5, 0x0924, 0x1185, 0x19a6, 0x11c6, 0x0984, 0x3b69, 0x1a45, 0x1164, 0x1185,
    0x1165, 0x11a4, 0x43aa, 0x0162, 0x2aa7, 0x2226, 0x0903, 0x1124, 0x0944, 0x3b6a, 0x01a2, 0x2ac7, 0x2227, 0x08e4, 0x1125, 0x1145,
    0x00e2, 0x3b69, 0x2246, 0x0124, 0x1165, 0x0905, 0x0904, 0x2227, 0x0122, 0x19e6, 0x1165, 0x00c4, 0x08e4, 0x08e4, 0x00e3, 0x19c6,
    0x1144, 0x00a3, 0x08c4, 0x08c4, 0x08e4, 0x0061, 0x32a7, 0x2206, 0x0082, 0x08e4, 0x08c4, 0x08c4, 0x0081, 0x4349, 0x19a4, 0x0083,
    0x08c4, 0x0083, 0x19a5, 0x4b8a, 0x0080, 0x4b09, 0x10e3, 0x0062, 0x0883, 0x0863, 0x08a3, 0x0062, 0x32a7, 0x6dad, 0x658a, 0x65ab,
    0x75ed, 0x32e6, 0x2245, 0x2226, 0x0020, 0x4b29, 0x42e9, 0x0022, 0x08c5, 0x0062, 0x11a3, 0x5ceb, 0x554a, 0x550a, 0x650c, 0x4b29,
    0x0000, 0x0022, 0x0022, 0x0000, 0x2164, 0x3227, 0x0000, 0x0042, 0x0001, 0x10c3, 0x5beb, 0x08a1, 0x4ae9, 0x1964, 0x0001, 0x0021,
    0x536a, 0x2a05, 0x1963, 0x4b0a, 0x0000, 0x0001, 0x2985, 0x536a, 0x0040, 0x534a, 0x08a2, 0x0001, 0x0022, 0x0022, 0x0022, 0x0022,
    0x0022, 0x0022, 0x0000, 0x3246, 0x534b, 0x5b6b, 0x1943, 0x0001, 0x0022, 0x08c2, 0x4b0a, 0x4b2a, 0x3226, 0x0000, 0x0042, 0x0020,
    0x3a88, 0x4b09, 0x4b0a, 0x08a2, 0x0021, 0x0001, 0x2185, 0x536a, 0x4b4a, 0x29c6, 0x0021, 0x0042, 0x00a2, 0x4b4a, 0x534a, 0x42c9,
    0x0061, 0x0062, 0x0061, 0x3aa8, 0x4b0a, 0x4b29, 0x10e2, 0x0042, 0x0042, 0x10c2, 0x4b09, 0x5bab, 0x29c6, 0x0041, 0x0062, 0x0082,
    0x3247, 0x5beb, 0x3a69, 0x0082, 0x08a3, 0x0063, 0x3266, 0x4baa, 0x53cb, 0x21c6, 0x0082, 0x08c4, 0x00c3, 0x3ac8, 0x5c0b, 0x3aa8,
    0x00c3, 0x00c3, 0x00a3, 0x1945, 0x4b4a, 0x53cb, 0x21a6, 0x08a3, 0x08c4, 0x00c2, 0x3ae9, 0x42e9, 0x432a, 0x0923, 0x08a3, 0x10e4,
    0x1104, 0x3ac9, 0x4bcb, 0x32a8, 0x0904, 0x1125, 0x0904, 0x1164, 0x436a, 0x3b09, 0x32e8, 0x0924, 0x1125, 0x0945, 0x0904, 0x2a47,
    0x4beb, 0x436a, 0x1185, 0x0944, 0x1144, 0x0924, 0x1185, 0x3b29, 0x4bcb, 0x2206, 0x1144, 0x1164, 0x1185, 0x11c5, 0x3b49, 0x540b,
    0x2287, 0x11a5, 0x11a5, 0x11a5, 0x11a5, 0x3309, 0x542b, 0x2a67, 0x1165, 0x1185, 0x1185, 0x11a4, 0x2ac7, 0x540b, 0x32c8, 0x11c6,
    0x11c6, 0x19e6, 0x11c5, 0x2a87, 0x544c, 0x3b8a, 0x19e6, 0x19c6, 0x19c6, 0x1185, 0x1a06, 0x43aa, 0x3b69, 0x19c5, 0x11a5, 0x19c6,
    0x11a5, 0x3329, 0x3329, 0x3b69, 0x22a7, 0x19c5, 0x1a06, 0x1a06, 0x1a06, 0x1a06, 0x1a06, 0x1a06, 0x1a06, 0x1a06, 0x1a06, 0x1a06,
    0x1a06, 0x1a26, 0x2227, 0x2247, 0x2247, 0x2a68, 0x2a48, 0x2227, 0x19e6, 0x1165, 0x08e3, 0x0081, 0x0041, 0x0020, 0x0882, 0x2145,
    0x4228, 0x632c, 0x6b6d, 0x6b6d, 0x738e, 0x738e, 0x73ae, 0x7bcf, 0x8410, 0x8410, 0x8c51, 0x8c51, 0x9471, 0x9492, 0x9cb2, 0x9cd2,
    0x9cd3, 0xa4f3, 0xa514, 0xad34, 0xad55, 0xb575, 0xb595, 0xb596, 0xb596, 0xbdb6, 0xbdd6, 0xbdd6, 0xc5f7, 0xc617, 0xc617, 0xce38,
    0xce58, 0xce58, 0xce79, 0xd679, 0xd699, 0xd6b9, 0xdeb9, 0xdeda, 0xdeda, 0xdeda, 0xdeda, 0xdeda, 0xdeda, 0xdeda, 0xe71a, 0xef3b,
    0xe71b, 0xe71b, 0xe71b, 0xef3b, 0xef5b, 0xef5c, 0xef7c, 0xf79d, 0xef3c, 0xd679, 0xce58, 0xdefb, 0xdefb, 0xd69a, 0xce59, 0xc618,
    0xbdd7, 0xb596, 0xbdb7, 0xb596, 0xad35, 0x9cb3, 0x8c51, 0x8410, 0x7bf0, 0x73af, 0x6b4e, 0x5b0c, 0x4a8a, 0x4208, 0x3166, 0x2966,
    0x2966, 0x2145, 0x1924, 0x10c3, 0x0882, 0x0041, 0x0000, 0x0000, 0x0000, 0x0000, 0x0021, 0x0021, 0x0904, 0x19a6, 0x1986, 0x1185,
    0x1a26, 0x4baa, 0x32c8, 0x1165, 0x1165, 0x19a6, 0x11c6, 0x2267, 0x540b, 0x3b29, 0x19c6, 0x1185, 0x1185, 0x0984, 0x438a, 0x2ac7,
    0x3b29, 0x1184, 0x0924, 0x1124, 0x0903, 0x32e9, 0x2aa7, 0x3b09, 0x1164, 0x0904, 0x1125, 0x0945, 0x1a26, 0x4c0b, 0x3b4a, 0x1185,
    0x0945, 0x1125, 0x08e3, 0x2207, 0x19e6, 0x2a27, 0x0904, 0x00c4, 0x08e4, 0x0904, 0x0904, 0x2a28, 0x1986, 0x00c4, 0x08c4, 0x08e4,
    0x00c3, 0x1944, 0x53aa, 0x4b6a, 0x1124, 0x00c3, 0x08e4, 0x00c4, 0x21a5, 0x5bec, 0x3ac9, 0x08c3, 0x00a3, 0x08a3, 0x1144, 0x538b,
    0x3247, 0x4b2a, 0x0082, 0x0083, 0x0083, 0x0883, 0x0883, 0x08a4, 0x0081, 0x2b05, 0x6dac, 0x75ed, 0x43e8, 0x32c6, 0x6d2d, 0x542b,
    0x0000, 0x4b49, 0x4b49, 0x0081, 0x0083, 0x0083, 0x0041, 0x3286, 0x5d4b, 0x550a, 0x3b48, 0x0040, 0x0022, 0x0022, 0x0021, 0x0861,
    0x42a8, 0x5b6b, 0x2124, 0x0021, 0x0022, 0x0861, 0x5bab, 0x3226, 0x536b, 0x08c2, 0x0022, 0x0001, 0x3aa8, 0x42c8, 0x3aa8, 0x3a48,
    0x0001, 0x0021, 0x1903, 0x5b8b, 0x3206, 0x534a, 0x0040, 0x0021, 0x0022, 0x0022, 0x0022, 0x0022, 0x0022, 0x0022, 0x0022, 0x0021,
    0x1903, 0x10e3, 0x0021, 0x0022, 0x0022, 0x0021, 0x0882, 0x10e3, 0x0021, 0x0021, 0x0022, 0x0021, 0x0021, 0x1903, 0x0882, 0x0021,
    0x0022, 0x0042, 0x0021, 0x1103, 0x1903, 0x0041, 0x0042, 0x0042, 0x0041, 0x0882, 0x1924, 0x0042, 0x0042, 0x0062, 0x0062, 0x0062,
    0x1924, 0x08a2, 0x0062, 0x0863, 0x0042, 0x0882, 0x10e3, 0x10e3, 0x08a3, 0x0062, 0x0062, 0x0062, 0x10e3, 0x10e2, 0x10e3, 0x08a3,
    0x00a3, 0x00a4, 0x00a2, 0x1964, 0x1144, 0x00a3, 0x08c4, 0x08a4, 0x00c3, 0x1144, 0x1143, 0x1144, 0x08c4, 0x08c4, 0x00c3, 0x08e3,
    0x1144, 0x1144, 0x1104, 0x08a3, 0x08c4, 0x00a3, 0x00e3, 0x1985, 0x0903, 0x08c3, 0x10e4, 0x08e4, 0x0904, 0x11a5, 0x11a4, 0x1985,
    0x0924, 0x0925, 0x1125, 0x0924, 0x1184, 0x1a06, 0x0944, 0x0924, 0x1125, 0x1124, 0x1124, 0x1184, 0x19a5, 0x19a5, 0x1164, 0x1144,
    0x1144, 0x0924, 0x1165, 0x19e6, 0x1a06, 0x19c5, 0x1144, 0x1165, 0x1185, 0x11e5, 0x2286, 0x2287, 0x2247, 0x11a5, 0x11a6, 0x11a5,
    0x11c5, 0x2267, 0x2266, 0x2226, 0x1185, 0x11a5, 0x11a5, 0x11c5, 0x2aa7, 0x2ac7, 0x2aa7, 0x11e6, 0x11c6, 0x19e6, 0x11c5, 0x2267,
    0x2ac7, 0x2ac8, 0x1a06, 0x19e6, 0x19c6, 0x11a5, 0x2246, 0x2a87, 0x2a67, 0x19e5, 0x11a5, 0x19c6, 0x11e5, 0x1a05, 0x2aa8, 0x2266,
    0x1a05, 0x1a06, 0x1a06, 0x1a06, 0x1a06, 0x1a06, 0x1a06, 0x1a06, 0x1a06, 0x2227, 0x2247, 0x2a48, 0x2a48, 0x2a27, 0x21c6, 0x1165,
    0x08e3, 0x0082, 0x0020, 0x0020, 0x0882, 0x2966, 0x4a49, 0x738d, 0x9cd2, 0xb5b5, 0xd6b9, 0xf79c, 0xffdd, 0xfffe, 0xfffe, 0xfffe,
    0xfffe, 0xfffe, 0xfffe, 0xfffe, 0xfffe, 0xfffe, 0xfffe, 0xfffe, 0xfffe, 0xfffe, 0xfffe, 0xfffe, 0xfffd, 0xfffd, 0xfffd, 0xfffd,
    0xfffd, 0xfffd, 0xfffd, 0xfffd, 0xfffd, 0xfffd, 0xfffd, 0xfffd, 0xfffd, 0xffdd, 0xffdd, 0xffdd, 0xffdd, 0xffdd, 0xffdd, 0xffdd,
    0xffdc, 0xffdc, 0xffdc, 0xffbc, 0xffbc, 0xffbc, 0xffbc, 0xffbc, 0xffbc, 0xffbc, 0xffbc, 0xffbc, 0xffbd, 0xffdd, 0xfffe, 0xfffe,
    0xfffe, 0xffff, 0xffff, 0xffff, 0xffff, 0xfffe, 0xef7c, 0xd6b8, 0xffdd, 0xfffe, 0xfffd, 0xfffe, 0xfffe, 0xffff, 0xbdf7, 0x9492,
    0x9cd3, 0x9cf3, 0x9cf3, 0xad55, 0xbdd7, 0xc618, 0xc638, 0xce79, 0xd69a, 0xd69a, 0xd69a, 0xd69a, 0xd69a, 0xd6ba, 0xd6ba, 0xd69a,
    0xce79, 0xce59, 0xce59, 0xd69a, 0xce59, 0xbdf7, 0xb5b6, 0x8431, 0x2966, 0x0021, 0x1946, 0x1164, 0x1a05, 0x1a46, 0x2227, 0x1185,
    0x1185, 0x11a6, 0x11a5, 0x2a67, 0x2aa8, 0x2aa8, 0x19e6, 0x1185, 0x1185, 0x1165, 0x19c5, 0x32c8, 0x19c5, 0x0923, 0x1124, 0x1124,
    0x0904, 0x0944, 0x2207, 0x1165, 0x0903, 0x0924, 0x1145, 0x0945, 0x1a27, 0x2a87, 0x2267, 0x11a5, 0x1145, 0x1125, 0x0904, 0x0904,
    0x1185, 0x0924, 0x08c3, 0x08e4, 0x08e4, 0x08e4, 0x0904, 0x1966, 0x1125, 0x08e4, 0x08e4, 0x08e4, 0x00c3, 0x1185, 0x2206, 0x2206,
    0x1124, 0x00c3, 0x08c4, 0x00a3, 0x19a6, 0x21e6, 0x2206, 0x0903, 0x00a3, 0x08c4, 0x00a2, 0x1985, 0x3a68, 0x1103, 0x0082, 0x0883,
    0x0884, 0x08a3, 0x08a3, 0x00a3, 0x00a1, 0x3306, 0x5dab, 0x6d8d, 0x21e4, 0x1164, 0x21e5, 0x32e6, 0x5c4b, 0x5cab, 0x650b, 0x648c,
    0x1144, 0x4b6b, 0x5bac, 0x10c2, 0x546a, 0x552b, 0x4348, 0x0020, 0x0021, 0x0021, 0x0001, 0x08a3, 0x29e6, 0x3206, 0x1945, 0x0022,
    0x0042, 0x0021, 0x1923, 0x4aa8, 0x1944, 0x0021, 0x0042, 0x0042, 0x0082, 0x3a47, 0x3a27, 0x0062, 0x0022, 0x0041, 0x0001, 0x2164,
    0x4268, 0x10e3, 0x0021, 0x0022, 0x0022, 0x0022, 0x0022, 0x0022, 0x0022, 0x0022, 0x0022, 0x0022, 0x0001, 0x0001, 0x0022, 0x0022,
    0x0022, 0x0042, 0x0021, 0x0001, 0x0022, 0x0022, 0x0022, 0x0022, 0x0022, 0x0001, 0x0022, 0x0022, 0x0022, 0x0022, 0x0043, 0x0002,
    0x0021, 0x0043, 0x0023, 0x0042, 0x0042, 0x0042, 0x0001, 0x0042, 0x0043, 0x0043, 0x0043, 0x0043, 0x0042, 0x0042, 0x0063, 0x0063,
    0x0063, 0x0063, 0x0042, 0x0042, 0x0042, 0x0083, 0x0063, 0x0062, 0x0062, 0x0062, 0x0062, 0x0883, 0x0084, 0x08a4, 0x08a4, 0x0083,
    0x0083, 0x08a4, 0x08c3, 0x08a4, 0x00a4, 0x00a3, 0x00a3, 0x00a4, 0x08c4, 0x08c4, 0x08c4, 0x08c3, 0x00a3, 0x00a3, 0x00a3, 0x08c4,
    0x08c4, 0x08c4, 0x08c4, 0x00a3, 0x08c3, 0x08c4, 0x08c4, 0x08c4, 0x08e4, 0x0904, 0x0904, 0x08e4, 0x0904, 0x1125, 0x1125, 0x1125,
    0x1124, 0x0924, 0x0924, 0x1124, 0x1124, 0x1124, 0x1124, 0x0904, 0x0924, 0x0904, 0x1145, 0x1145, 0x1145, 0x1145, 0x1144, 0x0944,
    0x0944, 0x1165, 0x1185, 0x1186, 0x1185, 0x1185, 0x0984, 0x1185, 0x1185, 0x11a6, 0x1185, 0x11a5, 0x11a5, 0x1184, 0x11a4, 0x11a4,
    0x19a5, 0x19a6, 0x19c6, 0x11c5, 0x09a4, 0x11c4, 0x11c5, 0x11c5, 0x19c6, 0x19c6, 0x19e6, 0x11c5, 0x11c5, 0x11c5, 0x11c5, 0x19e6,
    0x19c6, 0x19c6, 0x11c5, 0x11a5, 0x11a5, 0x11c5, 0x19c6, 0x19c6, 0x19c6, 0x19e5, 0x11e5, 0x11e5, 0x1a06, 0x1a06, 0x1a06, 0x2226,
    0x2247, 0x2a47, 0x2a47, 0x2247, 0x2206, 0x1965, 0x1104, 0x00a2, 0x0020, 0x0020, 0x08a2, 0x2144, 0x3a07, 0x6b4c, 0x8c50, 0xad75,
    0xdeda, 0xf77c, 0xfffe, 0xfffe, 0xfffe, 0xfffe, 0xffdd, 0xff9b, 0xf77b, 0xf77b, 0xf77b, 0xf77b, 0xf77b, 0xf77b, 0xf77b, 0xf77b,
    0xf77b, 0xf77b, 0xf77b, 0xf77b, 0xf77b, 0xf77b, 0xf77b, 0xf77b, 0xf77b, 0xf77b, 0xf77b, 0xf77b, 0xf77b, 0xf77b, 0xf77b, 0xf77b,
    0xf77b, 0xf77b, 0xf77b, 0xf77b, 0xf77b, 0xf77b, 0xf77b, 0xf77b, 0xf77b, 0xf77b, 0xf77b, 0xf77b, 0xf77b, 0xf77b, 0xf77b, 0xf77b,
    0xf77b, 0xf77b, 0xf77c, 0xf79c, 0xf7bd, 0xffbd, 0xffdd, 0xffde, 0xfffe, 0xfffe, 0xfffe, 0xfffe, 0xfffe, 0xffde, 0xf7bd, 0xf79c,
    0xf77b, 0xef5b, 0xf79c, 0xef1a, 0xc616, 0xf75a, 0xf77b, 0xef5b, 0xffdd, 0xa533, 0x0021, 0x2125, 0x10c4, 0x10c3, 0x10a3, 0x10a3,
    0x10c4, 0x18e4, 0x18e4, 0x18e4, 0x18e4, 0x18e4, 0x18e4, 0x18e4, 0x18c4, 0x1904, 0x2945, 0x31a7, 0x39e8, 0x4229, 0x4a8a, 0x634d,
    0xe6fb, 0xffff, 0xfffe, 0xfffe, 0xef7c, 0x630c, 0x0000, 0x1945, 0x1164, 0x0964, 0x0964, 0x1185, 0x1185, 0x1185, 0x1185, 0x0984,
    0x0984, 0x0984, 0x11a5, 0x1185, 0x1185, 0x1185, 0x0964, 0x0143, 0x0964, 0x1165, 0x1145, 0x1145, 0x1144, 0x0924, 0x0903, 0x0904,
    0x0924, 0x1125, 0x1125, 0x1145, 0x0924, 0x0123, 0x0124, 0x0945, 0x0965, 0x1145, 0x1125, 0x1145, 0x0903, 0x0904, 0x1104, 0x1105,
    0x1105, 0x0905, 0x08e4, 0x08e4, 0x08e4, 0x08e4, 0x08e4, 0x08e4, 0x08e4, 0x00c4, 0x00c3, 0x00a3, 0x08e4, 0x08c4, 0x08c4, 0x08c4,
    0x00a2, 0x0082, 0x0082, 0x00c3, 0x00a3, 0x08a3, 0x00a3, 0x0062, 0x0061, 0x0082, 0x08a3, 0x08a3, 0x08a3, 0x08c4, 0x0083, 0x2246,
    0x5cac, 0x5d2b, 0x558b, 0x54ca, 0x0901, 0x08a3, 0x0081, 0x53eb, 0x546c, 0x0963, 0x0943, 0x4c0a, 0x6cec, 0x3287, 0x1985, 0x0000,
    0x4348, 0x552a, 0x54aa, 0x5c4b, 0x3267, 0x0020, 0x0062, 0x0022, 0x0001, 0x0001, 0x0001, 0x0043, 0x0043, 0x0042, 0x0021, 0x0000,
    0x0001, 0x0042, 0x0022, 0x0042, 0x0021, 0x0000, 0x0000, 0x0022, 0x0022, 0x0042, 0x0022, 0x0001, 0x0000, 0x0001, 0x0022, 0x0002,
    0x0022, 0x0022, 0x0022, 0x0022, 0x0022, 0x0022, 0x0022, 0x0022, 0x0022, 0x0022, 0x0022, 0x0021, 0x0022, 0x0022, 0x0022, 0x0022,
    0x0002, 0x0022, 0x0042, 0x0022, 0x0022, 0x0042, 0x0042, 0x0022, 0x0042, 0x0042, 0x0042, 0x0043, 0x0042, 0x0042, 0x0022, 0x0043,
    0x0042, 0x0042, 0x0042, 0x0042, 0x0042, 0x0022, 0x0042, 0x0043, 0x0063, 0x0062, 0x0042, 0x0062, 0x0062, 0x0863, 0x0863, 0x0063,
    0x0063, 0x0062, 0x0863, 0x0863, 0x0063, 0x0883, 0x0083, 0x0083, 0x00a3, 0x08a3, 0x08a3, 0x08a4, 0x08a4, 0x08a3, 0x08c3, 0x08a4,
    0x08a4, 0x08c3, 0x08c3, 0x08c4, 0x08a4, 0x08c4, 0x08c4, 0x08c4, 0x08c4, 0x08c4, 0x00c4, 0x08c4, 0x08c4, 0x08c4, 0x08e4, 0x08c4,
    0x08c4, 0x08c4, 0x08e4, 0x0904, 0x0904, 0x1105, 0x1105, 0x0905, 0x1125, 0x1124, 0x1125, 0x1125, 0x1145, 0x1125, 0x1124, 0x1124,
    0x1124, 0x1124, 0x0925, 0x1125, 0x1125, 0x1124, 0x1144, 0x1144, 0x1144, 0x1164, 0x1165, 0x1166, 0x1166, 0x1185, 0x1185, 0x1185,
    0x1185, 0x1185, 0x1985, 0x19a5, 0x1185, 0x1185, 0x1185, 0x1185, 0x11a5, 0x19c6, 0x19a6, 0x19c6, 0x19c5, 0x19c6, 0x19c6, 0x19c6,
    0x19c6, 0x19c6, 0x19c6, 0x19c6, 0x19c6, 0x19c6, 0x19c6, 0x19c6, 0x19c6, 0x19e6, 0x19c6, 0x19c6, 0x19e6, 0x19e6, 0x19e6, 0x19e6,
    0x1a07, 0x19e6, 0x19e6, 0x19e6, 0x19e6, 0x19e6, 0x1a06, 0x2207, 0x2207, 0x2227, 0x21e7, 0x19a6, 0x1165, 0x00c3, 0x0061, 0x0020,
    0x0061, 0x10c3, 0x31a7, 0x52aa, 0x73ae, 0xad75, 0xd699, 0xf77c, 0xffdd, 0xfffe, 0xfffe, 0xfffe, 0xffdc, 0xf79b, 0xf77b, 0xf77b,
    0xf77b, 0xf77b, 0xf77a, 0xf79b, 0xf77b, 0xf79b, 0xf77b, 0xf77b, 0xf77b, 0xf77b, 0xf79b, 0xf77b, 0xf77b, 0xf77b, 0xf77b, 0xf77b,
    0xf79b, 0xf79b, 0xf79b, 0xf79b, 0xf79b, 0xf79b, 0xf79b, 0xf79b, 0xf77b, 0xf79b, 0xf77b, 0xf79b, 0xf79b, 0xf79b, 0xf79b, 0xf79b,
    0xf79b, 0xf79b, 0xf77b, 0xf77b, 0xf77b, 0xf79b, 0xf79b, 0xf79b, 0xf79b, 0xf77b, 0xf79c, 0xf79c, 0xf79d, 0xffbd, 0xffde, 0xffff,
    0xfffe, 0xffff, 0xfffe, 0xfffe, 0xfffe, 0xffbd, 0xf79d, 0xf77c, 0xf77b, 0xf75b, 0xef3b, 0xef3a, 0xef5a, 0xf75a, 0xef3a, 0xf77b,
    0xded9, 0xce36, 0xf79b, 0xef5b, 0xfffe, 0x7bce, 0x2146, 0x63b0, 0x7472, 0x6c52, 0x6c52, 0x6c51, 0x6c31, 0x6c31, 0x6c30, 0x6430,
    0x6410, 0x6410, 0x63f0, 0x5bef, 0x5bcf, 0x5baf, 0x538e, 0x536e, 0x534d, 0x534d, 0x4b0c, 0x1945, 0x18c3, 0xce57, 0xef3a, 0xe6f8,
    0xef39, 0xffbd, 0x52aa, 0x0021, 0x21c7, 0x19c6, 0x11c6, 0x19a6, 0x1185, 0x1185, 0x1185, 0x1186, 0x11a6, 0x11a6, 0x1185, 0x1185,
    0x1185, 0x1185, 0x11a5, 0x1185, 0x1165, 0x1165, 0x1165, 0x1165, 0x1164, 0x1145, 0x1145, 0x1125, 0x1125, 0x0925, 0x0925, 0x1105,
    0x1124, 0x1125, 0x1146, 0x1146, 0x1145, 0x1105, 0x08a3, 0x0062, 0x0041, 0x0021, 0x0021, 0x0042, 0x0083, 0x10e4, 0x1125, 0x1125,
    0x1124, 0x1104, 0x08e4, 0x0904, 0x08e4, 0x08e4, 0x08e5, 0x08c5, 0x08e4, 0x08c4, 0x08c3, 0x08a3, 0x08c4, 0x08c4, 0x08a4, 0x08a3,
    0x00a3, 0x00a3, 0x00a3, 0x08a3, 0x08c4, 0x08a4, 0x08a3, 0x08a3, 0x08a3, 0x08c4, 0x0082, 0x3307, 0x75ed, 0x554a, 0x556b, 0x544a,
    0x0081, 0x0083, 0x0902, 0x756e, 0x2a65, 0x0042, 0x0043, 0x19c4, 0x64cc, 0x0061, 0x0042, 0x0001, 0x3b07, 0x552b, 0x4ce9, 0x652b,
    0x4b89, 0x0040, 0x0043, 0x0043, 0x0063, 0x0042, 0x0042, 0x0042, 0x0042, 0x0022, 0x0042, 0x0043, 0x0042, 0x0021, 0x0041, 0x0021,
    0x0022, 0x0023, 0x0023, 0x0022, 0x0022, 0x0022, 0x0022, 0x0022, 0x0822, 0x0822, 0x0022, 0x0021, 0x0022, 0x0022, 0x0022, 0x0022,
    0x0022, 0x0022, 0x0022, 0x0022, 0x0022, 0x0022, 0x0022, 0x0022, 0x0022, 0x0022, 0x0022, 0x0022, 0x0042, 0x0022, 0x0022, 0x0022,
    0x0042, 0x0042, 0x0042, 0x0042, 0x0042, 0x0042, 0x0042, 0x0042, 0x0042, 0x0042, 0x0042, 0x0042, 0x0042, 0x0042, 0x0042, 0x0042,
    0x0043, 0x0042, 0x0062, 0x0063, 0x0063, 0x0063, 0x0862, 0x0083, 0x0063, 0x0883, 0x0883, 0x0883, 0x0063, 0x0062, 0x0063, 0x0063,
    0x0883, 0x0883, 0x0083, 0x0083, 0x00a3, 0x08a3, 0x08a3, 0x08a4, 0x08a3, 0x08a3, 0x08a3, 0x08a4, 0x08c4, 0x08c3, 0x08c3, 0x08c4,
    0x08c4, 0x08c4, 0x08c4, 0x08c4, 0x08c4, 0x08c4, 0x08c4, 0x08e4, 0x08e4, 0x08c3, 0x08e4, 0x08e4, 0x08e4, 0x08e4, 0x08e4, 0x0904,
    0x0904, 0x1105, 0x1105, 0x1105, 0x1125, 0x1124, 0x1125, 0x1125, 0x1125, 0x1125, 0x1124, 0x1124, 0x1124, 0x1124, 0x0925, 0x1145,
    0x1145, 0x1165, 0x1144, 0x1144, 0x1165, 0x1185, 0x1185, 0x1186, 0x1186, 0x1185, 0x1185, 0x1185, 0x1185, 0x1185, 0x1185, 0x1185,
    0x1185, 0x1185, 0x1185, 0x1185, 0x11a6, 0x19c6, 0x19c6, 0x19c6, 0x19c5, 0x19c6, 0x19c6, 0x19c6, 0x19c6, 0x19c6, 0x19c6, 0x19c6,
    0x19c6, 0x19c6, 0x19c6, 0x19c6, 0x19c6, 0x19c6, 0x19c6, 0x19e6, 0x19e6, 0x1a06, 0x1a06, 0x1a06, 0x1a06, 0x1a06, 0x1a26, 0x19e6,
    0x1a06, 0x2227, 0x21e6, 0x1124, 0x00a2, 0x0020, 0x0041, 0x0862, 0x2145, 0x39e7, 0x5aec, 0x9cb3, 0xc618, 0xe73c, 0xffff, 0xffff,
    0xffff, 0xffff, 0xfffe, 0xffdd, 0xffdd, 0xffbc, 0xffbc, 0xffdc, 0xffdc, 0xffdd, 0xffdd, 0xffdd, 0xffdd, 0xffdd, 0xffdd, 0xffdd,
    0xffdd, 0xffdd, 0xffdd, 0xffdd, 0xffdd, 0xffdd, 0xffdd, 0xffdd, 0xffdd, 0xffdd, 0xffdd, 0xffdd, 0xffdd, 0xffdd, 0xffdd, 0xffdd,
    0xffdd, 0xffdd, 0xffdd, 0xffdd, 0xffdd, 0xffdd, 0xffdd, 0xffdd, 0xffdd, 0xffdd, 0xffdd, 0xffdd, 0xffdd, 0xffdd, 0xffdd, 0xffdd,
    0xfffd, 0xffdd, 0xffbc, 0xf79c, 0xffbd, 0xffdd, 0xfffe, 0xfffe, 0xffff, 0xffff, 0xffff, 0xfffe, 0xffdd, 0xf7bd, 0xf79c, 0xef7b,
    0xef5b, 0xef5a, 0xef5a, 0xef5a, 0xf75a, 0xf75a, 0xf75a, 0xf77a, 0xf77a, 0xf75a, 0xf77b, 0xf75b, 0xff9c, 0xd657, 0xef1a, 0xf79c,
    0xfffe, 0xad34, 0x10c4, 0x63f1, 0x8d76, 0x8556, 0x8556, 0x8556, 0x8576, 0x8576, 0x8575, 0x8575, 0x8576, 0x8576, 0x8596, 0x8596,
    0x8d96, 0x8d96, 0x8d96, 0x8db6, 0x8db6, 0x8d96, 0x95b7, 0x84d4, 0x1925, 0x5289, 0xf79c, 0xef39, 0xef39, 0xf77b, 0xdefa, 0x10a3,
    0x1145, 0x1a07, 0x11c6, 0x19a6, 0x11a5, 0x1985, 0x1185, 0x1185, 0x1186, 0x1185, 0x1165, 0x1165, 0x1165, 0x1185, 0x1185, 0x1185,
    0x1185, 0x1185, 0x1165, 0x1185, 0x1185, 0x1165, 0x1165, 0x1145, 0x1145, 0x1145, 0x0925, 0x1125, 0x1105, 0x1104, 0x1104, 0x0042,
    0x0000, 0x0000, 0x10a3, 0x2945, 0x39c7, 0x39e8, 0x31a7, 0x2125, 0x0883, 0x0001, 0x0000, 0x0042, 0x10e5, 0x1946, 0x1146, 0x1105,
    0x1125, 0x1105, 0x08e4, 0x08e4, 0x08c4, 0x08c4, 0x08c3, 0x08c4, 0x08a3, 0x08a4, 0x08a4, 0x08a4, 0x00a3, 0x00a3, 0x08c4, 0x08c4,
    0x08c4, 0x08a4, 0x08a3, 0x08a3, 0x08c3, 0x00c4, 0x0082, 0x2a46, 0x5cec, 0x5d0b, 0x5d2a, 0x5c6b, 0x00a2, 0x0083, 0x00c2, 0x5cab,
    0x43a8, 0x0060, 0x0040, 0x3b07, 0x542b, 0x0082, 0x0082, 0x0000, 0x3b49, 0x550b, 0x4cca, 0x64cc, 0x4329, 0x0041, 0x0043, 0x0043,
    0x0042, 0x0042, 0x0042, 0x0042, 0x0042, 0x0022, 0x0042, 0x0043, 0x0022, 0x0022, 0x0022, 0x0022, 0x0022, 0x0022, 0x0023, 0x0022,
    0x0022, 0x0022, 0x0022, 0x0022, 0x0022, 0x0022, 0x0022, 0x0022, 0x0022, 0x0022, 0x0022, 0x0022, 0x0022, 0x0022, 0x0023, 0x0022,
    0x0001, 0x0001, 0x0042, 0x0023, 0x0022, 0x0042, 0x0020, 0x0040, 0x0020, 0x0042, 0x0022, 0x0022, 0x0021, 0x0041, 0x0041, 0x0022,
    0x0043, 0x0043, 0x0043, 0x0021, 0x0041, 0x0041, 0x0042, 0x0042, 0x0042, 0x0042, 0x0042, 0x0042, 0x0042, 0x0062, 0x0021, 0x0041,
    0x0022, 0x0063, 0x0863, 0x0043, 0x0083, 0x0062, 0x0061, 0x0062, 0x0083, 0x0083, 0x0083, 0x0083, 0x0062, 0x0061, 0x00a3, 0x0083,
    0x08a3, 0x08a4, 0x0082, 0x0082, 0x0062, 0x00a3, 0x08a3, 0x00a3, 0x00a3, 0x00a3, 0x00a3, 0x00a3, 0x08c4, 0x08c4, 0x08c4, 0x08c3,
    0x00a2, 0x00c3, 0x08e4, 0x08c4, 0x08c4, 0x08e4, 0x00c3, 0x00e2, 0x00e3, 0x0904, 0x08e4, 0x08e4, 0x0904, 0x00e3, 0x08e3, 0x1124,
    0x1125, 0x1125, 0x1125, 0x1125, 0x08e3, 0x0903, 0x1124, 0x1124, 0x1124, 0x1124, 0x1144, 0x0944, 0x0924, 0x0924, 0x1145, 0x1165,
    0x1166, 0x1185, 0x1185, 0x0964, 0x0985, 0x11a5, 0x1185, 0x1186, 0x1185, 0x1185, 0x0964, 0x0964, 0x0965, 0x1186, 0x1185, 0x11a6,
    0x19c6, 0x11a5, 0x11a5, 0x19e5, 0x19c6, 0x19c6, 0x19c6, 0x19c6, 0x19c6, 0x11c5, 0x11c5, 0x19c6, 0x19c6, 0x19c6, 0x19c6, 0x11c6,
    0x11c5, 0x19c6, 0x19e6, 0x19e6, 0x1a06, 0x1a06, 0x1a06, 0x1a06, 0x1a06, 0x1a26, 0x1a06, 0x2226, 0x2207, 0x00a2, 0x0020, 0x18e4,
    0x4208, 0x6b8e, 0xa513, 0xc637, 0xe71b, 0xf7bd, 0xfffe, 0xfffe, 0xffbd, 0xf79d, 0xef7c, 0xef5b, 0xef3b, 0xef3b, 0xef5b, 0xef3b,
    0xef3b, 0xef3b, 0xef3b, 0xe73a, 0xe73a, 0xe73b, 0xe73b, 0xe73b, 0xe71b, 0xe71b, 0xe71a, 0xe71b, 0xe71b, 0xe71b, 0xe71b, 0xe71b,
    0xe71b, 0xe71b, 0xe71b, 0xe71b, 0xe71b, 0xe71b, 0xe71b, 0xe71b, 0xe71b, 0xe71b, 0xe71a, 0xe6fa, 0xe71a, 0xe71a, 0xe71a, 0xe71a,
    0xe71a, 0xe6fa, 0xe71a, 0xe6fa, 0xe6fa, 0xe6fa, 0xe6fa, 0xe6fa, 0xdefa, 0xdefa, 0xe6fa, 0xdeda, 0xe6fa, 0xe71b, 0xf77c, 0xfffe,
    0xfffe, 0xfffe, 0xfffe, 0xffde, 0xffdd, 0xf7bd, 0xf79c, 0xf77b, 0xef5b, 0xef5a, 0xef5a, 0xef7b, 0xf77b, 0xf77b, 0xf77b, 0xf75b,
    0xef5a, 0xef5a, 0xef3a, 0xef1a, 0xef19, 0xe719, 0xe6f9, 0xe6d9, 0xe6f9, 0xd698, 0xbdb5, 0xe71a, 0xe6f9, 0xdeda, 0x31a6, 0x3a4a,
    0x4aed, 0x42ec, 0x42ec, 0x42ed, 0x430d, 0x4b0d, 0x4b2d, 0x4b2d, 0x4b2d, 0x4b4d, 0x4b4d, 0x4b4d, 0x4b6e, 0x4b6e, 0x536e, 0x538e,
    0x538e, 0x538e, 0x538f, 0x538f, 0x3a6a, 0x10c3, 0xce57, 0xef5a, 0xe739, 0xe719, 0xffdd, 0x8430, 0x0041, 0x2207, 0x19e6, 0x19c6,
    0x11a6, 0x19a6, 0x1185, 0x0964, 0x0923, 0x0964, 0x1165, 0x1145, 0x1165, 0x1165, 0x1164, 0x0964, 0x1185, 0x11a5, 0x1186, 0x1185,
    0x1185, 0x1185, 0x0965, 0x1165, 0x1165, 0x1145, 0x1125, 0x1125, 0x1125, 0x08a3, 0x0000, 0x10a2, 0x62eb, 0xbdb5, 0xe71a, 0xf79b,
    0xffdc, 0xfffd, 0xffdc, 0xf79c, 0xe6db, 0xbdd7, 0x738f, 0x2105, 0x0001, 0x0023, 0x10c5, 0x08a4, 0x0063, 0x08a4, 0x1104, 0x08e3,
    0x08e4, 0x08c4, 0x08c4, 0x08c3, 0x0082, 0x0081, 0x00a2, 0x00a3, 0x08c4, 0x08a4, 0x00c3, 0x00c3, 0x00a2, 0x00c3, 0x08c4, 0x08a3,
    0x08a3, 0x00a3, 0x08a3, 0x00a2, 0x00c1, 0x2244, 0x5d2b, 0x5d0c, 0x1163, 0x0083, 0x0063, 0x32e7, 0x75ae, 0x4c09, 0x53ea, 0x6d4d,
    0x5c6b, 0x08e3, 0x0061, 0x08a1, 0x544b, 0x550b, 0x3b88, 0x08e1, 0x08a2, 0x0062, 0x0043, 0x0042, 0x0041, 0x0041, 0x0022, 0x0043,
    0x0023, 0x0043, 0x0021, 0x0000, 0x0022, 0x0023, 0x0023, 0x0022, 0x0021, 0x0000, 0x0001, 0x0022, 0x0022, 0x0022, 0x0022, 0x0001,
    0x0021, 0x0021, 0x0022, 0x0022, 0x0022, 0x0022, 0x0022, 0x0022, 0x0022, 0x0022, 0x0022, 0x0041, 0x3a27, 0x29a5, 0x0000, 0x0022,
    0x0022, 0x0021, 0x3227, 0x532b, 0x2185, 0x0001, 0x0843, 0x0021, 0x10e2, 0x4ae9, 0x4aea, 0x10e3, 0x0022, 0x0042, 0x0021, 0x1924,
    0x532a, 0x4ac9, 0x00a2, 0x0022, 0x0042, 0x0042, 0x0042, 0x0042, 0x0042, 0x0061, 0x3a47, 0x530a, 0x29c5, 0x0042, 0x0063, 0x0863,
    0x0062, 0x1143, 0x4b2a, 0x42c9, 0x08a2, 0x0083, 0x0083, 0x0082, 0x1985, 0x3a89, 0x00a2, 0x00a3, 0x08a3, 0x0062, 0x1123, 0x42e8,
    0x3aa8, 0x00c2, 0x00a3, 0x00a3, 0x00c2, 0x3247, 0x4b2a, 0x2205, 0x00c3, 0x08e4, 0x08e3, 0x08e3, 0x3248, 0x2a06, 0x00a3, 0x08c4,
    0x08e4, 0x00e3, 0x2206, 0x434a, 0x2a67, 0x0903, 0x1104, 0x1104, 0x0903, 0x19e5, 0x3ac9, 0x0924, 0x0925, 0x1125, 0x0925, 0x0903,
    0x19a5, 0x3288, 0x0903, 0x0924, 0x1125, 0x1145, 0x0944, 0x2226, 0x434a, 0x32c8, 0x0984, 0x1185, 0x1185, 0x1185, 0x1185, 0x32c8,
    0x2aa7, 0x0984, 0x11a5, 0x1985, 0x1185, 0x11c4, 0x3328, 0x436a, 0x1a05, 0x0964, 0x1186, 0x19c6, 0x11c5, 0x2a67, 0x32e8, 0x11c4,
    0x19c6, 0x19c6, 0x19e6, 0x11c6, 0x1a26, 0x2267, 0x1a06, 0x11c5, 0x19c6, 0x19c6, 0x11e6, 0x1a06, 0x2267, 0x1a06, 0x19e6, 0x1a06,
    0x1a06, 0x1a06, 0x1a26, 0x1a26, 0x1a26, 0x1a27, 0x2247, 0x2207, 0x0000, 0x526a, 0xd67a, 0xf77e, 0xef7d, 0xef5c, 0xe73b, 0xdeba,
    0xd679, 0xce58, 0xce38, 0xc637, 0xce37, 0xce37, 0xc637, 0xce38, 0xce37, 0xc617, 0xc617, 0xc617, 0xc617, 0xc617, 0xc617, 0xc5f7,
    0xc5f6, 0xbdf6, 0xbdf6, 0xc5f6, 0xbdd6, 0xbdd6, 0xbdd6, 0xbdd6, 0xbdd6, 0xbdd6, 0xbdb6, 0xbdb5, 0xbdb5, 0xbdb5, 0xbd95, 0xbdb5,
    0xbdb5, 0xb595, 0xb595, 0xb595, 0xb595, 0xb595, 0xb574, 0xb595, 0xb595, 0xb574, 0xb574, 0xb574, 0xb574, 0xb574, 0xb574, 0xb574,
    0xb574, 0xb574, 0xb574, 0xb574, 0xb574, 0xb574, 0xb575, 0xb554, 0xb595, 0xce78, 0xc617, 0xce17, 0xffbe, 0xffdd, 0xf7bc, 0xef5b,
    0xef3a, 0xef3a, 0xef19, 0xef19, 0xe719, 0xe6f9, 0xe6f9, 0xe6d9, 0xded8, 0xdeb8, 0xde98, 0xd677, 0xd677, 0xd677, 0xce57, 0xce57,
    0xce57, 0xce57, 0xce37, 0xce37, 0xce37, 0xce37, 0xad54, 0xce57, 0xce57, 0xe6d9, 0x7bce, 0x10c3, 0x52ed, 0x4acc, 0x4aec, 0x4aec,
    0x4b0c, 0x4b0d, 0x4b0c, 0x530d, 0x530d, 0x4b0c, 0x530d, 0x4b0d, 0x4b0c, 0x4b0d, 0x4b0d, 0x4b0c, 0x4b0c, 0x4b0c, 0x4b0c, 0x42ec,
    0x530d, 0x10e3, 0x9cd2, 0xde98, 0xd657, 0xd677, 0xdeb8, 0xce38, 0x0882, 0x2a28, 0x2227, 0x19c6, 0x19c6, 0x19a6, 0x1185, 0x11a5,
    0x32c8, 0x11a4, 0x1164, 0x1165, 0x1165, 0x1165, 0x11a5, 0x32c8, 0x19e5, 0x11a5, 0x11a6, 0x11a6, 0x1186, 0x11e6, 0x2a88, 0x11a5,
    0x1165, 0x1165, 0x1145, 0x1945, 0x0882, 0x0000, 0x4a8b, 0xa534, 0xfffe, 0xfffb, 0xff99, 0xffd9, 0xff78, 0xf757, 0xff77, 0xff99,
    0xffda, 0xfffc, 0xfffe, 0xf79c, 0xb575, 0x4208, 0x0000, 0x2106, 0x632f, 0x10a5, 0x0863, 0x10e4, 0x08e4, 0x08c4, 0x08c4, 0x00a3,
    0x21a5, 0x42e9, 0x2a06, 0x00a2, 0x08c4, 0x08c4, 0x08e3, 0x19a5, 0x3aa9, 0x08c2, 0x00a3, 0x08a3, 0x08a3, 0x08a3, 0x08a3, 0x0883,
    0x0021, 0x19c3, 0x550b, 0x5d4c, 0x3b27, 0x0041, 0x08a3, 0x2206, 0x32c7, 0x4be9, 0x540a, 0x2aa6, 0x4349, 0x0042, 0x0022, 0x2a66,
    0x5d0b, 0x550a, 0x3b48, 0x0020, 0x0042, 0x0042, 0x0041, 0x08c2, 0x4b0a, 0x530a, 0x10e3, 0x0022, 0x0062, 0x0041, 0x1103, 0x42a8,
    0x08a2, 0x0022, 0x0022, 0x0042, 0x0041, 0x3206, 0x29c6, 0x0001, 0x0022, 0x0022, 0x0020, 0x3227, 0x4b0a, 0x2184, 0x0020, 0x0042,
    0x0022, 0x0022, 0x0022, 0x0022, 0x0022, 0x0022, 0x0001, 0x2945, 0x63cc, 0x3246, 0x0000, 0x0022, 0x0001, 0x1904, 0x430a, 0x1923,
    0x5bac, 0x0062, 0x0822, 0x0000, 0x4329, 0x2a06, 0x2a25, 0x4329, 0x0001, 0x0043, 0x0020, 0x536a, 0x2144, 0x42e8, 0x3246, 0x0000,
    0x0042, 0x0042, 0x0042, 0x0062, 0x0021, 0x1964, 0x4b6a, 0x10e2, 0x5bac, 0x0882, 0x0042, 0x0083, 0x0041, 0x4b4a, 0x19a4, 0x4329,
    0x2a47, 0x0042, 0x08a3, 0x08c3, 0x42e9, 0x5c0c, 0x00c2, 0x00a3, 0x00a3, 0x0061, 0x4b09, 0x19a4, 0x3a87, 0x2a46, 0x0061, 0x0083,
    0x1984, 0x4b69, 0x1983, 0x5c0b, 0x0904, 0x08c4, 0x00c3, 0x1964, 0x536a, 0x3ae7, 0x00a2, 0x10e5, 0x08e4, 0x0944, 0x4bcb, 0x09a3,
    0x4bcb, 0x11c4, 0x08e3, 0x1124, 0x1165, 0x4349, 0x53eb, 0x0923, 0x0925, 0x0904, 0x08e4, 0x0924, 0x3ae9, 0x4b8a, 0x0902, 0x1104,
    0x1144, 0x1164, 0x0964, 0x4bcb, 0x1224, 0x4beb, 0x2266, 0x0964, 0x11a6, 0x1164, 0x1a26, 0x4c0b, 0x3308, 0x0143, 0x1185, 0x1185,
    0x0944, 0x32e8, 0x3b48, 0x22a6, 0x43aa, 0x0984, 0x19c6, 0x19c5, 0x19e5, 0x436a, 0x4bca, 0x11c4, 0x19c5, 0x19c6, 0x11a5, 0x1a06,
    0x2267, 0x1a26, 0x2aa8, 0x11e5, 0x19e6, 0x19e6, 0x1206, 0x2267, 0x3308, 0x1a46, 0x11e6, 0x1a06, 0x1a26, 0x1a27, 0x1a26, 0x1a27,
    0x1a26, 0x2246, 0x2a28, 0x0000, 0x8410, 0xc618, 0x6b6d, 0x62eb, 0x62ca, 0x62aa, 0x62aa, 0x5aaa, 0x5aaa, 0x5aaa, 0x5aaa, 0x5aaa,
    0x5a8a, 0x5aaa, 0x5aaa, 0x5aaa, 0x5aaa, 0x5aaa, 0x5aaa, 0x5aaa, 0x5a89, 0x5289, 0x5269, 0x5269, 0x5269, 0x5269, 0x5249, 0x5249,
    0x5248, 0x5248, 0x5248, 0x4a48, 0x4a48, 0x4a28, 0x4a28, 0x4a28, 0x4a28, 0x4a07, 0x4207, 0x4207, 0x4207, 0x41e7, 0x41c7, 0x41c6,
    0x41c6, 0x41c6, 0x49c6, 0x49c6, 0x49c6, 0x49c6, 0x41c6, 0x41c6, 0x41c6, 0x41c6, 0x41c6, 0x41c6, 0x41c6, 0x41c6, 0x49c6, 0x49c6,
    0x49c7, 0x49c7, 0x49c7, 0x41c7, 0x41e6, 0x4207, 0xb576, 0xce38, 0xd658, 0xfffd, 0xef3a, 0xd677, 0xd698, 0xde77, 0xd677, 0xd677,
    0xd657, 0xd657, 0xd657, 0xd657, 0xd657, 0xd657, 0xd657, 0xd657, 0xd657, 0xd657, 0xd657, 0xd657, 0xd657, 0xd657, 0xd658, 0xce58,
    0xce57, 0xd658, 0xb574, 0xce37, 0xde78, 0xd657, 0xd678, 0x4228, 0x10c3, 0x2986, 0x2186, 0x2987, 0x2987, 0x2987, 0x2987, 0x2987,
    0x2987, 0x29a7, 0x29a7, 0x29a7, 0x29a7, 0x29a7, 0x29a7, 0x29c8, 0x31c8, 0x31c8, 0x29e9, 0x3209, 0x2166, 0x18e4, 0xbdd6, 0xd657,
    0xd657, 0xd678, 0xd657, 0xe6ba, 0x2945, 0x2a27, 0x2a47, 0x11a5, 0x11c5, 0x11a5, 0x0984, 0x32c7, 0x4c0b, 0x1a25, 0x1145, 0x1185,
    0x1185, 0x1144, 0x2aa8, 0x43ab, 0x1a26, 0x11a5, 0x11c6, 0x11a6, 0x11a6, 0x2288, 0x3309, 0x19e6, 0x1165, 0x1145, 0x1165, 0x08a3,
    0x0000, 0x9cf3, 0xb5f9, 0x5b2e, 0xadd6, 0x73ad, 0xdeb8, 0xad32, 0xef18, 0xffda, 0xffb9, 0xff98, 0xff58, 0xff57, 0xff57, 0xff98,
    0xfffb, 0xffdc, 0xad12, 0x2923, 0x1083, 0x39eb, 0x0843, 0x08c4, 0x08e4, 0x08c3, 0x08a4, 0x08e3, 0x4b4a, 0x1142, 0x4b6a, 0x19a5,
    0x00c3, 0x08c4, 0x0924, 0x4b6a, 0x5c0b, 0x08c2, 0x00a3, 0x08a3, 0x0883, 0x0883, 0x00a3, 0x0042, 0x1944, 0x5ccc, 0x4d0a, 0x550a,
    0x654c, 0x2224, 0x0042, 0x00a3, 0x0062, 0x08c3, 0x0061, 0x1943, 0x648d, 0x21c5, 0x1163, 0x54ea, 0x550a, 0x4ce9, 0x5d0c, 0x32a7,
    0x0021, 0x0043, 0x0000, 0x3a88, 0x3226, 0x29e5, 0x42c9, 0x0000, 0x0062, 0x0042, 0x3227, 0x63eb, 0x1102, 0x0022, 0x0043, 0x0021,
    0x2145, 0x5bcc, 0x3a87, 0x0000, 0x0042, 0x0001, 0x2144, 0x532a, 0x1943, 0x5bac, 0x0041, 0x0022, 0x0022, 0x0022, 0x0022, 0x0022,
    0x0022, 0x0022, 0x0043, 0x0000, 0x2a46, 0x3247, 0x0000, 0x0022, 0x0000, 0x29a5, 0x3267, 0x1122, 0x5bcc, 0x08e3, 0x0022, 0x0021,
    0x4b4a, 0x1963, 0x3246, 0x4b8a, 0x0001, 0x0043, 0x0041, 0x534a, 0x1103, 0x3ae8, 0x3a88, 0x0000, 0x0042, 0x0042, 0x0042, 0x0063,
    0x0021, 0x29c5, 0x3ac8, 0x1102, 0x538b, 0x10e3, 0x0042, 0x0062, 0x0081, 0x4b6a, 0x0901, 0x4349, 0x3b09, 0x0062, 0x08a4, 0x00a3,
    0x00e2, 0x53ab, 0x08e3, 0x00a3, 0x00a4, 0x0082, 0x4b2a, 0x1102, 0x42e9, 0x3ac8, 0x0062, 0x0063, 0x29c5, 0x32c7, 0x1183, 0x53eb,
    0x0923, 0x08a3, 0x08e4, 0x0082, 0x21c5, 0x3b09, 0x00a2, 0x10e5, 0x00e3, 0x19a5, 0x4369, 0x0983, 0x540b, 0x2226, 0x08e4, 0x1125,
    0x1125, 0x11a4, 0x4baa, 0x0923, 0x0924, 0x1104, 0x0904, 0x08e3, 0x0963, 0x4349, 0x0903, 0x1125, 0x1125, 0x0944, 0x11c5, 0x43aa,
    0x0a03, 0x540b, 0x2ac7, 0x0965, 0x1186, 0x1185, 0x0964, 0x2286, 0x3b08, 0x0944, 0x1185, 0x1185, 0x0123, 0x3b29, 0x22a6, 0x2ae7,
    0x542c, 0x11c5, 0x19c6, 0x19c6, 0x11a5, 0x1a25, 0x4389, 0x11c4, 0x19a5, 0x19a6, 0x11a5, 0x2226, 0x2246, 0x1a25, 0x2ac8, 0x1a06,
    0x19e6, 0x1a06, 0x1a06, 0x1205, 0x2ae8, 0x2266, 0x1a06, 0x1a27, 0x1a26, 0x1a27, 0x1a26, 0x1a27, 0x2227, 0x21e6, 0x0000, 0x630c,
    0x9cb2, 0x41c6, 0x62ca, 0x62ca, 0x5a89, 0x5a89, 0x5a69, 0x5a68, 0x5a68, 0x5a89, 0x5a89, 0x5a89, 0x5a88, 0x5a68, 0x5a68, 0x5a68,
    0x5a89, 0x5a89, 0x5a89, 0x5a68, 0x5a68, 0x5a68, 0x5a68, 0x5a68, 0x5a48, 0x5268, 0x5268, 0x5268, 0x5248, 0x5248, 0x5248, 0x5248,
    0x5248, 0x5248, 0x5248, 0x5248, 0x5248, 0x5248, 0x5249, 0x5249, 0x5249, 0x5249, 0x5248, 0x5248, 0x5248, 0x5248, 0x5268, 0x5268,
    0x5269, 0x5269, 0x5269, 0x5269, 0x5269, 0x5269, 0x5269, 0x5269, 0x5269, 0x5269, 0x5269, 0x5269, 0x5269, 0x5269, 0x5269, 0x5249,
    0x630b, 0x630b, 0x20c3, 0xc5f7, 0xb554, 0xe6fa, 0xd658, 0xc5d6, 0xc617, 0xce17, 0xce17, 0xce37, 0xce37, 0xce37, 0xce57, 0xce57,
    0xce57, 0xce37, 0xce37, 0xce37, 0xce37, 0xce37, 0xce37, 0xce37, 0xce37, 0xce37, 0xce36, 0xce16, 0xce16, 0xce37, 0xb574, 0xc5d5,
    0xd658, 0xce37, 0xd657, 0xce78, 0x840f, 0x5aaa, 0x526a, 0x4a6a, 0x4a49, 0x4a29, 0x4a4a, 0x4a4a, 0x4a4a, 0x4a49, 0x4a29, 0x4a49,
    0x4a49, 0x4a49, 0x4a49, 0x4a29, 0x4a49, 0x4a49, 0x4a49, 0x4a49, 0x4a49, 0xad13, 0xd658, 0xd637, 0xd658, 0xd677, 0xce56, 0xe6da,
    0x5269, 0x0081, 0x2a28, 0x1185, 0x19c6, 0x19c6, 0x19c6, 0x0983, 0x3b89, 0x2287, 0x0985, 0x11a6, 0x1185, 0x1185, 0x0943, 0x2aa7,
    0x2226, 0x1185, 0x1986, 0x19a6, 0x19e7, 0x11e5, 0x2ac8, 0x1a47, 0x1186, 0x1967, 0x10e5, 0x0000, 0x9471, 0xffff, 0x6370, 0x426d,
    0x2129, 0x73d2, 0x426b, 0x7c11, 0x94b2, 0x9cf2, 0xc616, 0xf79a, 0xffd9, 0xff99, 0xff58, 0xff78, 0xf757, 0xff57, 0xffb8, 0xddf1,
    0x5205, 0x0001, 0x0841, 0x08c3, 0x0904, 0x08e4, 0x00a3, 0x1144, 0x4309, 0x0902, 0x4b8a, 0x2a27, 0x00a3, 0x08e5, 0x08e4, 0x0922,
    0x4b89, 0x08c2, 0x0083, 0x08a3, 0x0883, 0x0883, 0x0083, 0x0042, 0x1123, 0x64cc, 0x656c, 0x5d6b, 0x558a, 0x5d4c, 0x3286, 0x0081,
    0x0021, 0x0042, 0x0022, 0x08a2, 0x53cb, 0x64ad, 0x5ccb, 0x554a, 0x554a, 0x5d0b, 0x754e, 0x3287, 0x0021, 0x0863, 0x0000, 0x42c9,
    0x1964, 0x29e6, 0x4ae9, 0x0000, 0x0022, 0x0043, 0x0040, 0x4b29, 0x1123, 0x0022, 0x0043, 0x0063, 0x0001, 0x2a05, 0x3aa8, 0x0000,
    0x0042, 0x0001, 0x29c6, 0x3a67, 0x08e2, 0x53ab, 0x10a2, 0x0001, 0x0022, 0x0022, 0x0022, 0x0022, 0x0022, 0x0022, 0x0043, 0x0000,
    0x3267, 0x3247, 0x0000, 0x0022, 0x0000, 0x2184, 0x4b29, 0x1943, 0x4b29, 0x1923, 0x0022, 0x0021, 0x432a, 0x3aa8, 0x2a26, 0x4b6a,
    0x0021, 0x0022, 0x0061, 0x4b29, 0x3206, 0x3287, 0x4288, 0x0001, 0x0062, 0x0042, 0x0042, 0x0063, 0x0021, 0x21a4, 0x538a, 0x1983,
    0x4309, 0x1103, 0x0042, 0x0062, 0x0081, 0x4b49, 0x2a26, 0x3aa7, 0x3ae8, 0x0042, 0x08a4, 0x00a3, 0x0903, 0x53ab, 0x0904, 0x08a4,
    0x08c4, 0x0882, 0x4329, 0x2a46, 0x3246, 0x3ae8, 0x0082, 0x0063, 0x21a5, 0x4349, 0x21e5, 0x4349, 0x1123, 0x08a3, 0x08e4, 0x00a4,
    0x2a26, 0x4309, 0x00c3, 0x0905, 0x00e3, 0x19a5, 0x4baa, 0x2266, 0x4389, 0x2267, 0x0904, 0x0925, 0x0925, 0x11c5, 0x4baa, 0x0943,
    0x0924, 0x1104, 0x1104, 0x08e4, 0x1183, 0x436a, 0x0943, 0x1125, 0x1145, 0x0944, 0x19c6, 0x43ca, 0x22e6, 0x4389, 0x2ac7, 0x0985,
    0x1185, 0x1985, 0x0964, 0x2ac8, 0x3b09, 0x0944, 0x1186, 0x1185, 0x0944, 0x3308, 0x3b69, 0x2ae7, 0x4c0b, 0x1205, 0x19c7, 0x19c6,
    0x11a5, 0x1a26, 0x4bcb, 0x11c5, 0x19a5, 0x11a6, 0x1185, 0x1a06, 0x2287, 0x1a46, 0x2ac8, 0x1a26, 0x19e6, 0x19e6, 0x1a06, 0x1a06,
    0x3308, 0x2287, 0x1a27, 0x1a27, 0x1a26, 0x1a27, 0x1a26, 0x2227, 0x1145, 0x18e3, 0x528a, 0x8c30, 0x4a28, 0x5269, 0x2924, 0x2125,
    0x2105, 0x2104, 0x18e4, 0x18e4, 0x18e4, 0x18e4, 0x18e4, 0x10a3, 0x10a3, 0x10c3, 0x10c3, 0x10c3, 0x10c3, 0x10c3, 0x10c4, 0x10c4,
    0x10e4, 0x18e4, 0x10c4, 0x10c4, 0x10c4, 0x10c4, 0x10c4, 0x10a4, 0x10a4, 0x10a4, 0x10a4, 0x10a4, 0x10c4, 0x10a4, 0x08a4, 0x08a4,
    0x08a4, 0x10a4, 0x10a4, 0x10a4, 0x10a4, 0x10a4, 0x10c4, 0x10c4, 0x10c4, 0x10c4, 0x10c4, 0x10e4, 0x10e4, 0x10e4, 0x10e4, 0x10e4,
    0x10e4, 0x10e4, 0x10e4, 0x10e4, 0x10e4, 0x10e4, 0x10e4, 0x10e4, 0x10e4, 0x10e4, 0x10c4, 0x10c4, 0x18a3, 0x4a28, 0x5289, 0x630c,
    0xbdb7, 0x6b4c, 0x736d, 0x6b6d, 0x6b6d, 0x6b4d, 0x6b4d, 0x734d, 0x734d, 0x736d, 0x734d, 0x734d, 0x734d, 0x734d, 0x734d, 0x734d,
    0x734d, 0x734d, 0x734d, 0x6b6d, 0x6b6d, 0x6b6d, 0x6b4c, 0x6b4c, 0x734d, 0x6b6d, 0x6b2c, 0x6b2c, 0x6b4d, 0x6b4d, 0x6b4c, 0x6b6d,
    0x83ef, 0x83ef, 0x7bef, 0x7bcf, 0x7bcf, 0x7bcf, 0x7bce, 0x7bce, 0x7bce, 0x7bae, 0x7bae, 0x7bae, 0x7bae, 0x7bae, 0x7bae, 0x7bae,
    0x7bae, 0x7bae, 0x7bae, 0x738e, 0x7bcf, 0x738e, 0x6b4c, 0x736d, 0x736d, 0x736d, 0x6b6c, 0x738d, 0x52aa, 0x18e4, 0x08a3, 0x19a6,
    0x19a6, 0x19c7, 0x19e7, 0x09c4, 0x43aa, 0x2aa7, 0x11a6, 0x11c6, 0x11a5, 0x11a6, 0x11a6, 0x21e6, 0x08c3, 0x0001, 0x0001, 0x0001,
    0x0022, 0x0083, 0x1965, 0x19c6, 0x19a7, 0x1967, 0x0000, 0x5aca, 0xfffd, 0xdefa, 0x1107, 0x5350, 0x3a0e, 0x424c, 0x8473, 0xbdf9,
    0xb5b7, 0x5aec, 0xa535, 0xb5b6, 0xded9, 0xef19, 0xffba, 0xff57, 0xff57, 0xff57, 0xff36, 0xf671, 0xdd8d, 0x41a4, 0x0000, 0x0001,
    0x10e5, 0x10e4, 0x00c4, 0x1164, 0x4329, 0x21e5, 0x3b28, 0x2a68, 0x00c3, 0x08c4, 0x08a4, 0x0903, 0x4b8a, 0x08c2, 0x0083, 0x08a3,
    0x0883, 0x0083, 0x00a3, 0x0083, 0x0062, 0x3247, 0x3287, 0x2265, 0x54eb, 0x552b, 0x5d2c, 0x4be9, 0x2a45, 0x19a4, 0x1183, 0x2204,
    0x3b47, 0x4c8a, 0x4cca, 0x5d0b, 0x3306, 0x19c3, 0x42e8, 0x08c2, 0x0042, 0x0042, 0x0000, 0x42a8, 0x3a87, 0x29c5, 0x42a8, 0x0000,
    0x0022, 0x0022, 0x0041, 0x4b4a, 0x1164, 0x0022, 0x0043, 0x0063, 0x0021, 0x3246, 0x42c8, 0x0000, 0x0042, 0x0001, 0x2985, 0x4b09,
    0x2184, 0x4b2a, 0x10a2, 0x0001, 0x0022, 0x0022, 0x0022, 0x0022, 0x0022, 0x0022, 0x0043, 0x0000, 0x2a25, 0x3226, 0x0000, 0x0042,
    0x0000, 0x1943, 0x536a, 0x0020, 0x534a, 0x10e3, 0x0022, 0x0021, 0x538b, 0x3287, 0x1142, 0x536a, 0x0000, 0x0041, 0x0040, 0x536a,
    0x1943, 0x21c4, 0x42a8, 0x0000, 0x0063, 0x0042, 0x0042, 0x0063, 0x0021, 0x2184, 0x5b8b, 0x0040, 0x4b09, 0x1103, 0x0042, 0x0063,
    0x0081, 0x53ab, 0x19a3, 0x21e4, 0x3ae8, 0x0042, 0x08a3, 0x0083, 0x00c1, 0x538a, 0x00c2, 0x00a3, 0x08c3, 0x0082, 0x53ab, 0x21e4,
    0x19a3, 0x3ac8, 0x0061, 0x0082, 0x1984, 0x53ab, 0x00e0, 0x434a, 0x0923, 0x08c3, 0x0904, 0x00a3, 0x19e4, 0x3307, 0x00a1, 0x0905,
    0x00c4, 0x1185, 0x540c, 0x0962, 0x3308, 0x2246, 0x08e3, 0x0925, 0x0904, 0x0943, 0x4369, 0x0102, 0x0924, 0x1124, 0x1125, 0x0904,
    0x0942, 0x4369, 0x0122, 0x1144, 0x1144, 0x1164, 0x11a5, 0x542c, 0x0a03, 0x3327, 0x32c8, 0x0944, 0x1185, 0x1185, 0x0164, 0x2286,
    0x3308, 0x0143, 0x11c6, 0x11a5, 0x0964, 0x3b29, 0x3b69, 0x1224, 0x4c0b, 0x11c5, 0x19c6, 0x19c5, 0x11a5, 0x11e4, 0x43a9, 0x11a4,
    0x19a6, 0x19a6, 0x11a5, 0x1a26, 0x2ac8, 0x1205, 0x2ae8, 0x1a46, 0x1a06, 0x19e6, 0x1a06, 0x11e5, 0x3308, 0x1a86, 0x1a26, 0x1a27,
    0x1a46, 0x1a47, 0x1a26, 0x2267, 0x00a2, 0x4a29, 0x9cb2, 0x3144, 0x39c6, 0x1904, 0x4a6b, 0x4aac, 0x4acd, 0x4acd, 0x4acc, 0x4acc,
    0x42cc, 0x42cc, 0x3a8b, 0x532d, 0x8493, 0x8472, 0x8492, 0x8493, 0x8493, 0x8473, 0x8493, 0x8cb4, 0x8493, 0x428b, 0x3a4a, 0x3a4b,
    0x3a4b, 0x3a6b, 0x3a6b, 0x3a6b, 0x3a6b, 0x3a6b, 0x3a6b, 0x3a6b, 0x3a6b, 0x322a, 0x322a, 0x3209, 0x3a4a, 0x3a4a, 0x3a4b, 0x3a6b,
    0x3a6b, 0x3a6b, 0x3a6b, 0x3a6b, 0x3a6b, 0x3a4b, 0x3a4b, 0x3a6b, 0x3a6b, 0x3a6b, 0x3a6b, 0x3a6b, 0x3a6b, 0x3a6b, 0x3a6b, 0x3a6b,
    0x3a6b, 0x3a6b, 0x3a6b, 0x3a6b, 0x3a6b, 0x3a6b, 0x3a6b, 0x3a6b, 0x424b, 0x1905, 0x4a69, 0x2965, 0x9cd3, 0x94b2, 0x94d2, 0x94b2,
    0x94b2, 0x94b2, 0x94b2, 0x9492, 0x9492, 0x9492, 0x9492, 0x9492, 0x9492, 0x9492, 0x9492, 0x9492, 0x9491, 0x9491, 0x9491, 0x9472,
    0x9492, 0x9492, 0x9492, 0x9492, 0x9c92, 0x9492, 0x9492, 0x9472, 0x9452, 0x9471, 0x9472, 0x8c71, 0x8c71, 0x8c51, 0x8c51, 0x8c51,
    0x8c31, 0x8c30, 0x8430, 0x8430, 0x842f, 0x842f, 0x8430, 0x8430, 0x8430, 0x8430, 0x8c30, 0x8c30, 0x8c30, 0x8430, 0x8410, 0x8410,
    0x8c30, 0x8c31, 0x8c51, 0x8c51, 0x9471, 0x9471, 0x9471, 0x9471, 0xa514, 0x6b4d, 0x0000, 0x1985, 0x19c6, 0x19c6, 0x19e6, 0x09a4,
    0x43ca, 0x22a6, 0x11a5, 0x19c5, 0x11e5, 0x19e7, 0x10e4, 0x0000, 0x0862, 0x2186, 0x2a29, 0x3229, 0x31e9, 0x1927, 0x0063, 0x0001,
    0x0022, 0x0022, 0x18c3, 0xf75a, 0xfffd, 0xa4f1, 0x3a2a, 0xadd8, 0x0867, 0xad98, 0x73d0, 0x6b90, 0x6b90, 0x94b4, 0x8432, 0xc63a,
    0x4a4b, 0x5acb, 0xded7, 0xff77, 0xff56, 0xff36, 0xff37, 0xfef3, 0xf5ab, 0xa3e9, 0x2924, 0x2925, 0x0000, 0x1905, 0x1105, 0x1165,
    0x4bab, 0x0982, 0x32e7, 0x2a67, 0x00a3, 0x08c4, 0x08a4, 0x00a1, 0x4b49, 0x0081, 0x0083, 0x00a3, 0x00a3, 0x0083, 0x00a3, 0x0083,
    0x00a4, 0x0062, 0x0042, 0x0040, 0x3b88, 0x552a, 0x4ce9, 0x552a, 0x5d2b, 0x5d0b, 0x5ceb, 0x5d0b, 0x552b, 0x54ea, 0x4ce9, 0x54ca,
    0x0922, 0x0041, 0x0041, 0x0062, 0x0863, 0x0043, 0x0001, 0x42e9, 0x3a87, 0x08c1, 0x4b09, 0x0000, 0x0041, 0x0042, 0x0000, 0x4309,
    0x1122, 0x0021, 0x0863, 0x0863, 0x0000, 0x2205, 0x3aa7, 0x0000, 0x0062, 0x0000, 0x2184, 0x5b8b, 0x0060, 0x534a, 0x08c2, 0x0001,
    0x0022, 0x0022, 0x0022, 0x0022, 0x0022, 0x0022, 0x0022, 0x18c3, 0x4b29, 0x532a, 0x10a2, 0x0021, 0x0001, 0x0882, 0x534b, 0x3a27,
    0x532a, 0x0041, 0x0042, 0x0001, 0x3aa8, 0x536b, 0x4b0a, 0x3a68, 0x0001, 0x0062, 0x0000, 0x4288, 0x4288, 0x530a, 0x29c6, 0x0001,
    0x0062, 0x0042, 0x0063, 0x0063, 0x0042, 0x10e3, 0x5b6b, 0x3a47, 0x4b2a, 0x0082, 0x0883, 0x0884, 0x0061, 0x42e9, 0x42a9, 0x4b4a,
    0x21c5, 0x0042, 0x08a3, 0x0082, 0x2a06, 0x6c4d, 0x2a07, 0x08c3, 0x08c4, 0x0082, 0x42e9, 0x42e9, 0x4b0a, 0x21c5, 0x0062, 0x0082,
    0x0903, 0x4b4a, 0x3226, 0x4b4a, 0x00e3, 0x08e4, 0x0104, 0x1144, 0x4329, 0x540b, 0x19a5, 0x0904, 0x08e4, 0x0903, 0x4b8b, 0x2a46,
    0x4b8a, 0x1164, 0x08e4, 0x0904, 0x0904, 0x2a26, 0x5c0c, 0x2a47, 0x1145, 0x1144, 0x1145, 0x1165, 0x32a7, 0x540b, 0x2a47, 0x1164,
    0x1185, 0x1164, 0x0944, 0x4b8b, 0x2aa7, 0x438a, 0x2226, 0x0945, 0x1165, 0x1185, 0x11c5, 0x438a, 0x542c, 0x1a06, 0x11c5, 0x19c6,
    0x1185, 0x2aa7, 0x4bab, 0x436a, 0x3b6a, 0x1184, 0x19c6, 0x19a5, 0x11c5, 0x3308, 0x5c4c, 0x2a67, 0x19a5, 0x19c6, 0x19c6, 0x1a06,
    0x2aa8, 0x2267, 0x2aa7, 0x11e5, 0x1a06, 0x1a06, 0x1a06, 0x2267, 0x3b69, 0x32e8, 0x1a47, 0x1a47, 0x1a46, 0x1a47, 0x1a46, 0x1a47,
    0x21e7, 0x0000, 0x4a07, 0x5a8a, 0x18c4, 0x4aab, 0x52ec, 0x4acc, 0x4aec, 0x4aed, 0x4aed, 0x4aed, 0x4aed, 0x42cc, 0x532d, 0x9d55,
    0x9d56, 0x9d55, 0x9d55, 0x9d55, 0x9d55, 0x9535, 0x9515, 0x9556, 0x532e, 0x3a4a, 0x3a6b, 0x3a6b, 0x3a6b, 0x3a6b, 0x3a6b, 0x3a6b,
    0x3a8b, 0x428b, 0x428b, 0x428b, 0x3a6b, 0x3a6a, 0x3229, 0x3a4a, 0x3a6b, 0x3a6a, 0x3a6a, 0x3a6b, 0x3a6b, 0x3a6a, 0x3a6b, 0x3a6b,
    0x3a6a, 0x3a6a, 0x3a6a, 0x3a6a, 0x3a6a, 0x3a6b, 0x3a6b, 0x3a6b, 0x3a6b, 0x3a6b, 0x3a6b, 0x3a6b, 0x3a6b, 0x3a6b, 0x3a6b, 0x3a6b,
    0x3a6b, 0x3a6b, 0x3a6b, 0x3a6b, 0x428c, 0x2987, 0x39e8, 0x2903, 0x3144, 0x18a2, 0x1881, 0x28e2, 0x28c2, 0x28c2, 0x28c2, 0x20e2,
    0x20e2, 0x20e2, 0x20e2, 0x20e2, 0x20e2, 0x20e2, 0x20e2, 0x28e2, 0x20e2, 0x20e2, 0x20e2, 0x30e2, 0x30e2, 0x2903, 0x20a2, 0x28c3,
    0x3123, 0x3102, 0x3103, 0x3102, 0x3103, 0x3123, 0x3144, 0x3964, 0x4164, 0x4164, 0x4164, 0x4164, 0x4164, 0x4184, 0x49a5, 0x49a5,
    0x49a5, 0x49a5, 0x49c5, 0x49c5, 0x49c5, 0x49c5, 0x49c5, 0x49c5, 0x49e5, 0x51e5, 0x51e6, 0x51e6, 0x51e6, 0x49c5, 0x49e5, 0x49c5,
    0x4184, 0x4164, 0x4164, 0x4164, 0x3123, 0x0000, 0x29c6, 0x2206, 0x11c5, 0x19e6, 0x19e6, 0x2287, 0x548d, 0x3bca, 0x1a06, 0x19c5,
    0x21c6, 0x08a4, 0x0043, 0x4b4f, 0x6c93, 0x53d0, 0x432d, 0x42ec, 0x4b2d, 0x5bb1, 0x6c72, 0x5c10, 0x2a29, 0x0062, 0x0841, 0x5248,
    0xa4cf, 0xe6b7, 0xfffd, 0xd6d8, 0xce78, 0xd6db, 0x424a, 0x73b0, 0x8473, 0x6b90, 0x94f4, 0x2168, 0x73b2, 0x4209, 0xbdb4, 0xffda,
    0xff36, 0xff56, 0xff56, 0xff56, 0xf5ed, 0xdd0a, 0x4a67, 0xa575, 0x2986, 0x0000, 0x1105, 0x0924, 0x434a, 0x32a7, 0x4b6b, 0x1185,
    0x00c3, 0x08c3, 0x00a3, 0x21a5, 0x5bcb, 0x31e7, 0x00a3, 0x00a3, 0x08a3, 0x00a3, 0x00a3, 0x08a4, 0x00a3, 0x00c3, 0x0083, 0x1164,
    0x650d, 0x5d2b, 0x54ca, 0x544a, 0x54ea, 0x4ce8, 0x4cc9, 0x4cca, 0x4c49, 0x4c4a, 0x4ce9, 0x656c, 0x3aa8, 0x0022, 0x0883, 0x0062,
    0x0063, 0x0043, 0x0001, 0x3247, 0x4b0a, 0x4288, 0x3a87, 0x0000, 0x0042, 0x0021, 0x2124, 0x5bab, 0x3a88, 0x0862, 0x0042, 0x0063,
    0x10a3, 0x4b29, 0x538b, 0x10c3, 0x0041, 0x0021, 0x10c2, 0x638b, 0x3a27, 0x5309, 0x0040, 0x0021, 0x0022, 0x0022, 0x0022, 0x0022,
    0x0022, 0x0043, 0x0002, 0x1904, 0x29e5, 0x29e5, 0x10c4, 0x0002, 0x0022, 0x0001, 0x1923, 0x3a27, 0x08a1, 0x0001, 0x0042, 0x0042,
    0x0061, 0x2a06, 0x2a07, 0x0062, 0x0043, 0x0042, 0x0022, 0x0061, 0x3206, 0x29a5, 0x0021, 0x0042, 0x0042, 0x0042, 0x0022, 0x0022,
    0x0062, 0x0042, 0x1923, 0x3207, 0x08e2, 0x0062, 0x0883, 0x0864, 0x0083, 0x00c1, 0x3248, 0x21e6, 0x0081, 0x0063, 0x0082, 0x00a3,
    0x29e6, 0x2a25, 0x29e6, 0x08c3, 0x08c4, 0x08a4, 0x00e2, 0x3248, 0x29a6, 0x0082, 0x0883, 0x08a3, 0x0082, 0x1164, 0x3a67, 0x0943,
    0x00c3, 0x08c4, 0x08e4, 0x1985, 0x3287, 0x2a87, 0x21e6, 0x08e4, 0x1105, 0x08e3, 0x1163, 0x3aa8, 0x19a5, 0x08e3, 0x10e4, 0x0904,
    0x0903, 0x2a27, 0x2a66, 0x2a68, 0x1165, 0x1145, 0x1165, 0x11a5, 0x2ac7, 0x2ac7, 0x3288, 0x1185, 0x1185, 0x1165, 0x0924, 0x1184,
    0x32a8, 0x1a05, 0x0964, 0x1165, 0x1185, 0x1985, 0x19e6, 0x32e8, 0x32e8, 0x2247, 0x11a5, 0x19c6, 0x19a6, 0x09c4, 0x2aa7, 0x32e9,
    0x11c5, 0x19a6, 0x19a6, 0x19a5, 0x19c5, 0x32c8, 0x32e7, 0x2aa8, 0x19c5, 0x19e6, 0x19e6, 0x19e5, 0x1a26, 0x2267, 0x1a26, 0x1a06,
    0x1a06, 0x1a06, 0x1a26, 0x22a7, 0x2ae7, 0x2ac8, 0x2247, 0x1a47, 0x1a46, 0x1a46, 0x1a26, 0x2247, 0x1185, 0x18e3, 0xacf2, 0x3165,
    0x31a8, 0x532e, 0x42cc, 0x4aec, 0x42ec, 0x4aed, 0x4aed, 0x4aed, 0x4aed, 0x4b0d, 0x9515, 0x9d76, 0x9d35, 0x9d55, 0x9535, 0x9535,
    0x9535, 0x9515, 0x9555, 0x532e, 0x2a09, 0x3a6b, 0x3a6b, 0x3a6b, 0x3a6b, 0x3a6b, 0x3a6b, 0x3a6b, 0x3a6b, 0x3a6b, 0x3a6b, 0x3a6b,
    0x3a2a, 0x3a4b, 0x322a, 0x428b, 0x3a4b, 0x3a6b, 0x3a6b, 0x3a6b, 0x3a6b, 0x3a6b, 0x3a6b, 0x3a6b, 0x3a6b, 0x3a6b, 0x3a6b, 0x3a6b,
    0x3a6b, 0x3a6b, 0x3a6b, 0x3a6b, 0x3a6b, 0x3a6b, 0x3a8b, 0x3a6b, 0x3a6b, 0x3a8b, 0x3a8b, 0x3a6b, 0x3a6b, 0x3a6b, 0x3a6b, 0x3a6a,
    0x428b, 0x2987, 0x3166, 0x62a9, 0xde15, 0x7ae8, 0x8b49, 0xbc6d, 0xb40c, 0xb42b, 0xb42b, 0xb42b, 0xb42b, 0xb42b, 0xb40b, 0xb42b,
    0xb42b, 0xb42b, 0xb42b, 0xb42b, 0xb42b, 0xb42b, 0xb42b, 0xb42b, 0xb44b, 0xbcad, 0x936a, 0x8b2a, 0xc4ee, 0xc4ac, 0xc4ac, 0xc4ac,
    0xc4ac, 0xc50e, 0xbcae, 0xa42d, 0xa44d, 0xa44d, 0xa44d, 0xa44d, 0xa44d, 0xa42d, 0xa42d, 0xa42d, 0xa42d, 0xa42d, 0xa42d, 0xa40d,
    0xa40d, 0xa42d, 0xa42d, 0xa40d, 0x9c0c, 0x9bec, 0x9bed, 0x9bed, 0x9bed, 0x9bcc, 0x9bec, 0xac4d, 0xcd50, 0xcd0e, 0xc4cd, 0xcd0e,
    0xa42d, 0x0861, 0x2a28, 0x19e6, 0x11e6, 0x19e6, 0x19c6, 0x2ac8, 0x3328, 0x32e8, 0x1a07, 0x19e6, 0x10e4, 0x0043, 0x64b5, 0x53b0,
    0x08c5, 0x0003, 0x0802, 0x0802, 0x0002, 0x0001, 0x0883, 0x326a, 0x6c93, 0x7d96, 0x5c91, 0x2a49, 0x10c3, 0x2103, 0x736b, 0xd696,
    0xfffd, 0xffdb, 0xe73a, 0xad54, 0x8411, 0x6b90, 0x73d2, 0x9d16, 0x29a9, 0x632e, 0x9cb2, 0xde97, 0xffd9, 0xf715, 0xff36, 0xff77,
    0xf670, 0xfdcc, 0x5266, 0x4bd0, 0xae17, 0x10e3, 0x0022, 0x1925, 0x19a4, 0x3aa9, 0x19a5, 0x00e4, 0x08c4, 0x00a3, 0x00a3, 0x21c6,
    0x2a25, 0x31e6, 0x08a3, 0x00a3, 0x08a3, 0x08a4, 0x00c3, 0x08a3, 0x08a3, 0x00c3, 0x0884, 0x08a2, 0x2a65, 0x648c, 0x3286, 0x0080,
    0x3367, 0x4d2a, 0x4cc9, 0x43c9, 0x08a1, 0x1102, 0x542b, 0x4369, 0x10e3, 0x0043, 0x0062, 0x0062, 0x0062, 0x0042, 0x0062, 0x0040,
    0x29c6, 0x31e7, 0x0080, 0x0022, 0x0042, 0x0001, 0x2165, 0x29c5, 0x31c6, 0x1083, 0x0043, 0x0023, 0x18e5, 0x2a06, 0x2a05, 0x18e4,
    0x0021, 0x0042, 0x0021, 0x1943, 0x3a48, 0x08a1, 0x0000, 0x0022, 0x0022, 0x0022, 0x0022, 0x0022, 0x0022, 0x0022, 0x0042, 0x0001,
    0x0001, 0x0001, 0x0002, 0x0022, 0x0022, 0x0022, 0x0001, 0x0000, 0x0001, 0x0022, 0x0022, 0x0022, 0x0042, 0x0021, 0x0001, 0x0843,
    0x0043, 0x0042, 0x0043, 0x0062, 0x0001, 0x0001, 0x0022, 0x0042, 0x0042, 0x0021, 0x21a4, 0x53eb, 0x2a26, 0x0001, 0x0061, 0x1984,
    0x08a1, 0x0862, 0x0883, 0x0083, 0x0082, 0x0082, 0x0042, 0x0041, 0x0882, 0x08a3, 0x00a3, 0x0083, 0x0061, 0x0061, 0x0062, 0x08a3,
    0x08a4, 0x08c4, 0x08c3, 0x0082, 0x0083, 0x08c4, 0x08a4, 0x08a3, 0x08c4, 0x00c3, 0x0081, 0x08c3, 0x08e4, 0x08e4, 0x08e4, 0x0904,
    0x00c2, 0x00c3, 0x00e4, 0x0904, 0x0904, 0x1104, 0x0904, 0x00c2, 0x00c3, 0x0904, 0x1104, 0x1104, 0x0904, 0x08e3, 0x00e3, 0x0903,
    0x1145, 0x1165, 0x1165, 0x1165, 0x0964, 0x0964, 0x0944, 0x1165, 0x1165, 0x1165, 0x1165, 0x1164, 0x0123, 0x0944, 0x1185, 0x1165,
    0x1185, 0x1185, 0x1185, 0x0964, 0x1164, 0x1185, 0x19c6, 0x11c6, 0x19c6, 0x19c5, 0x11a4, 0x0985, 0x19a6, 0x19c6, 0x11c5, 0x19a6,
    0x11a6, 0x11a5, 0x11a4, 0x11c5, 0x19e5, 0x19e6, 0x19e6, 0x19e6, 0x19e6, 0x19e5, 0x1a06, 0x1a06, 0x1a06, 0x1a26, 0x1a26, 0x1a26,
    0x1a26, 0x1a26, 0x1a26, 0x1a46, 0x1a46, 0x1a46, 0x2226, 0x2267, 0x0082, 0x5a69, 0x83cd, 0x1082, 0x52ad, 0x532e, 0x3a8b, 0x3aab,
    0x3aab, 0x3aac, 0x42cc, 0x42cc, 0x42ab, 0x84b3, 0xa596, 0x9534, 0x9534, 0x9534, 0x9514, 0x9514, 0x8d14, 0x9535, 0x5b6e, 0x2a09,
    0x3a6b, 0x3a6b, 0x3a6b, 0x3a6b, 0x3a6b, 0x3a8b, 0x3a6b, 0x3a6b, 0x3a6b, 0x3a8b, 0x42ab, 0x3a6b, 0x3a4a, 0x322a, 0x3a6a, 0x3a8b,
    0x3a8b, 0x326a, 0x2a29, 0x2a29, 0x2a29, 0x2a29, 0x322a, 0x324a, 0x2a2a, 0x2a2a, 0x2a2a, 0x2a2a, 0x2a4a, 0x2a4a, 0x2a4a, 0x2a2a,
    0x324a, 0x2a29, 0x2a2a, 0x3a6b, 0x426b, 0x3a8b, 0x3a8b, 0x3a6b, 0x3a6b, 0x3a6b, 0x3a6b, 0x3a6a, 0x3a8b, 0x2166, 0x3166, 0x8bac,
    0xd591, 0x6a46, 0xac2b, 0xd50d, 0xdd4f, 0xdd4f, 0xdd50, 0xdd70, 0xdd6f, 0xdd6f, 0xd56f, 0xd54f, 0xd54f, 0xd54f, 0xd54f, 0xd54f,
    0xd54f, 0xdd70, 0xdd70, 0xdd70, 0xd50d, 0xd52d, 0xa42d, 0x836b, 0xdd6e, 0xccec, 0xd50c, 0xd4eb, 0xd52e, 0x8bab, 0x2904, 0x3145,
    0x2945, 0x2945, 0x2945, 0x3145, 0x3166, 0x3166, 0x3166, 0x3186, 0x3186, 0x3186, 0x3186, 0x3186, 0x3186, 0x3186, 0x3986, 0x3986,
    0x3186, 0x3186, 0x3166, 0x3166, 0x3166, 0x3166, 0x2965, 0x3186, 0x4a06, 0xbcef, 0xd50c, 0xd50d, 0xb4ce, 0x10a2, 0x1166, 0x1a07,
    0x19e6, 0x19c6, 0x19c6, 0x11c6, 0x11a5, 0x1185, 0x11a6, 0x19e6, 0x0001, 0x4b6f, 0x4bb1, 0x0005, 0x10c8, 0x18e8, 0x18e8, 0x18e8,
    0x18c7, 0x18a6, 0x0884, 0x0002, 0x0001, 0x21a7, 0x6554, 0x86fb, 0x765a, 0x6535, 0x3b2d, 0x1904, 0x39a6, 0xad11, 0xff78, 0xfffc,
    0xe6f8, 0xdefa, 0x39a8, 0x6b4f, 0x2988, 0x73b0, 0x4a4a, 0xc5b8, 0x840e, 0xfffc, 0xff99, 0xff77, 0xf691, 0xf5ec, 0x7b28, 0x1a8d,
    0x6535, 0x9574, 0x0861, 0x0862, 0x1124, 0x08c4, 0x08c4, 0x08e4, 0x08c4, 0x00a3, 0x00a3, 0x0082, 0x0081, 0x0062, 0x08a3, 0x08a3,
    0x08a4, 0x08a4, 0x08a3, 0x08a3, 0x08a3, 0x08a4, 0x08a4, 0x0083, 0x0062, 0x08a3, 0x08a3, 0x0062, 0x2225, 0x5ccc, 0x5cab, 0x3aa7,
    0x0000, 0x0062, 0x0882, 0x0041, 0x0042, 0x0063, 0x0062, 0x0062, 0x0043, 0x0043, 0x0042, 0x0042, 0x0001, 0x0001, 0x0041, 0x0042,
    0x0042, 0x0042, 0x0021, 0x0000, 0x0001, 0x0022, 0x0042, 0x0022, 0x0022, 0x0000, 0x0000, 0x0001, 0x0042, 0x0022, 0x0042, 0x0001,
    0x0000, 0x0021, 0x0042, 0x0022, 0x0022, 0x0022, 0x0022, 0x0022, 0x0022, 0x0022, 0x0022, 0x0042, 0x0022, 0x0022, 0x0022, 0x0022,
    0x0042, 0x0022, 0x0042, 0x0042, 0x0022, 0x0022, 0x0042, 0x0022, 0x0042, 0x0022, 0x0022, 0x0042, 0x0042, 0x0042, 0x0042, 0x0062,
    0x0063, 0x0043, 0x0042, 0x0042, 0x0042, 0x0061, 0x646c, 0x5d8d, 0x54ab, 0x2205, 0x32e7, 0x7df0, 0x546b, 0x08c3, 0x08a4, 0x0083,
    0x0083, 0x0083, 0x0063, 0x0062, 0x0083, 0x0063, 0x0083, 0x0883, 0x08a3, 0x0083, 0x08a3, 0x08a3, 0x08a4, 0x08c4, 0x08e4, 0x08c4,
    0x08c4, 0x08c4, 0x08c4, 0x08c4, 0x08c4, 0x08e4, 0x0904, 0x08e4, 0x08c4, 0x08e4, 0x08e4, 0x0905, 0x0904, 0x08e4, 0x0904, 0x0904,
    0x0904, 0x08e4, 0x1105, 0x1125, 0x0904, 0x1104, 0x1104, 0x1124, 0x1124, 0x1145, 0x1125, 0x1165, 0x1145, 0x1145, 0x1165, 0x1165,
    0x1185, 0x1165, 0x1165, 0x1165, 0x1165, 0x1165, 0x1165, 0x1165, 0x1165, 0x1986, 0x1965, 0x1165, 0x1185, 0x1185, 0x11a5, 0x11c5,
    0x19a6, 0x19a6, 0x11c6, 0x11c6, 0x19c6, 0x19c6, 0x19e6, 0x19c6, 0x19c6, 0x19a5, 0x19c6, 0x19a6, 0x19c6, 0x19e6, 0x19e6, 0x19e6,
    0x19e6, 0x19e6, 0x19e6, 0x1a06, 0x1a06, 0x1a06, 0x1a06, 0x1a26, 0x1a26, 0x1a26, 0x1a26, 0x1a47, 0x1a47, 0x1a47, 0x1a47, 0x1a26,
    0x1a46, 0x2246, 0x1a26, 0x2247, 0x0882, 0x940f, 0x41e6, 0x2125, 0x636f, 0x42ec, 0x6431, 0x74d3, 0x74b3, 0x74d3, 0x74d3, 0x7492,
    0x9dd7, 0xc6ba, 0xbe99, 0xbe99, 0xb679, 0xb679, 0xb679, 0xb659, 0xb69a, 0xa618, 0x5c10, 0x328b, 0x42cc, 0x3a4b, 0x3a6b, 0x3a6b,
    0x3a6b, 0x3a8b, 0x3a8b, 0x3a8b, 0x324a, 0x322a, 0x4b0d, 0x3a8b, 0x324a, 0x3a8b, 0x534e, 0x4b2d, 0x534d, 0x5bcf, 0x74b3, 0x6cb2,
    0x64b2, 0x74d3, 0x434e, 0x32ec, 0x6cd3, 0x6492, 0x6492, 0x64b2, 0x64b2, 0x64b2, 0x6cb2, 0x6cb2, 0x6cb2, 0x6cd2, 0x6471, 0x2a6a,
    0x3a6b, 0x3a8b, 0x3a8b, 0x3a8b, 0x3a6b, 0x3aac, 0x324a, 0x324a, 0x32cc, 0x2166, 0x3186, 0xa44e, 0xc50f, 0x6226, 0xbc6c, 0xc4ce,
    0x7ae9, 0x51c5, 0x49a5, 0x49a6, 0x41a5, 0x4185, 0x41a5, 0x3985, 0x3985, 0x3965, 0x3965, 0x3964, 0x3985, 0x3964, 0x3964, 0x5206,
    0xbc6e, 0xd52d, 0xac2b, 0x8329, 0xd52d, 0xcccc, 0xccec, 0xd50c, 0xb46d, 0x2903, 0x31a8, 0x2947, 0x2146, 0x2146, 0x2146, 0x2126,
    0x2146, 0x2146, 0x2146, 0x2146, 0x2166, 0x2166, 0x2167, 0x29a8, 0x2166, 0x1926, 0x2126, 0x2126, 0x1946, 0x2126, 0x2126, 0x2126,
    0x2126, 0x2126, 0x2126, 0x2146, 0x2925, 0x6288, 0xd56f, 0xd4ec, 0xbd0f, 0x18e3, 0x1186, 0x1a27, 0x19e6, 0x19c6, 0x19c6, 0x19e6,
    0x11c6, 0x19e6, 0x19c6, 0x1965, 0x0022, 0x5c52, 0x1189, 0x10a7, 0x18e9, 0x10c8, 0x18c8, 0x10c8, 0x10c7, 0x10c7, 0x10c6, 0x0884,
    0x0001, 0x0000, 0x0000, 0x32cb, 0x6e39, 0x5659, 0x669b, 0x65f8, 0x3b6f, 0x08e5, 0x2923, 0x8c0c, 0xf735, 0xffb6, 0xde95, 0x7bcd,
    0xa4f4, 0x10e5, 0x9d16, 0x4a4b, 0x7370, 0x73ef, 0x9490, 0xffba, 0xf690, 0xfe0c, 0x8328, 0x228e, 0x2bb1, 0x7534, 0x73ee, 0x0000,
    0x08a4, 0x1125, 0x08e4, 0x08c4, 0x08c4, 0x00c3, 0x00c3, 0x08c4, 0x08c4, 0x08c4, 0x08a3, 0x08c3, 0x08a3, 0x08a4, 0x08a3, 0x08a3,
    0x08a3, 0x08a3, 0x08a3, 0x00a3, 0x00c3, 0x00a2, 0x00a3, 0x00a3, 0x08c3, 0x1123, 0x1123, 0x08c2, 0x0083, 0x0063, 0x0042, 0x0062,
    0x0063, 0x0063, 0x0062, 0x0062, 0x0043, 0x0043, 0x0042, 0x0042, 0x0043, 0x0063, 0x0042, 0x0042, 0x0042, 0x0042, 0x0042, 0x0042,
    0x0842, 0x0022, 0x0042, 0x0042, 0x0042, 0x0042, 0x0042, 0x0042, 0x0022, 0x0022, 0x0022, 0x0022, 0x0042, 0x0042, 0x0022, 0x0022,
    0x0022, 0x0022, 0x0022, 0x0022, 0x0022, 0x0022, 0x0022, 0x0001, 0x10a3, 0x08a2, 0x0021, 0x0023, 0x0023, 0x0022, 0x0000, 0x0081,
    0x0041, 0x0022, 0x0022, 0x0021, 0x0020, 0x08a2, 0x08a2, 0x0021, 0x0042, 0x0042, 0x0062, 0x0062, 0x0042, 0x0062, 0x0063, 0x0002,
    0x0022, 0x0020, 0x4c0a, 0x556c, 0x552b, 0x654c, 0x658e, 0x6e0e, 0x5d0d, 0x08e2, 0x08a3, 0x0083, 0x0063, 0x0061, 0x08e3, 0x08c2,
    0x0062, 0x0063, 0x0863, 0x0062, 0x08a3, 0x1104, 0x0082, 0x08a3, 0x08a4, 0x08c4, 0x00c3, 0x1124, 0x0904, 0x00e3, 0x08e4, 0x08e4,
    0x08e4, 0x00c3, 0x0103, 0x08e4, 0x08c4, 0x08c4, 0x08e4, 0x08c3, 0x00c2, 0x08e3, 0x0904, 0x0904, 0x0904, 0x0904, 0x00e3, 0x0123,
    0x0944, 0x0924, 0x0924, 0x1144, 0x0944, 0x0944, 0x1185, 0x0944, 0x1165, 0x1165, 0x1165, 0x1165, 0x0924, 0x0963, 0x1165, 0x1165,
    0x1185, 0x1165, 0x1165, 0x0944, 0x0944, 0x1165, 0x1165, 0x1985, 0x1185, 0x1186, 0x1185, 0x09a4, 0x19c5, 0x19c6, 0x11c6, 0x19c6,
    0x19c6, 0x11a6, 0x11a5, 0x11c5, 0x19e6, 0x19c6, 0x19c6, 0x19c6, 0x19c6, 0x19e6, 0x2246, 0x11e5, 0x19e6, 0x19e7, 0x19e7, 0x1a06,
    0x1205, 0x1a25, 0x1a26, 0x2227, 0x2247, 0x1a26, 0x1a47, 0x1a47, 0x1a47, 0x1a47, 0x1a47, 0x1a46, 0x1a46, 0x1a46, 0x2267, 0x1185,
    0x3185, 0x9c50, 0x20e3, 0x426a, 0x532e, 0x4b8e, 0x8dd6, 0x85b6, 0x85b6, 0x85b6, 0x7d75, 0xa659, 0xcf5c, 0xc71b, 0xc71b, 0xc71b,
    0xc71b, 0xc6fb, 0xbefb, 0xbf1b, 0xb6ba, 0x8575, 0x8dd6, 0x430d, 0x4b0d, 0x3a6b, 0x3a8b, 0x3a8b, 0x3a6b, 0x3a8b, 0x3aac, 0x3a6b,
    0x2a09, 0x428b, 0x3a8b, 0x326a, 0x29e8, 0x3a6a, 0x3a8b, 0x3a8a, 0x3aab, 0x3249, 0x53ae, 0x8dd6, 0x7d95, 0x8e17, 0x4b8e, 0x438e,
    0x85d6, 0x7574, 0x7575, 0x7575, 0x7575, 0x7575, 0x7575, 0x7574, 0x7574, 0x7574, 0x85b6, 0x434d, 0x322a, 0x42ac, 0x3a8b, 0x3a8b,
    0x3a8c, 0x324a, 0x3aec, 0x7d14, 0x7cf4, 0x31c7, 0x39a6, 0xbd10, 0xac4c, 0x7aa7, 0xccee, 0x72a8, 0x0021, 0x2146, 0x2166, 0x2166,
    0x1945, 0x4b2c, 0x5bce, 0x5bce, 0x5bcf, 0x5bef, 0x5bef, 0x5bef, 0x63ef, 0x6c30, 0x3aaa, 0x0021, 0x3944, 0xcd0e, 0xbc6c, 0x8b48,
    0xd52d, 0xccec, 0xcccb, 0xdd4e, 0x8b4a, 0x2945, 0x2146, 0x2987, 0x63af, 0x6410, 0x5c0f, 0x640f, 0x5bef, 0x5bef, 0x63f0, 0x6410,
    0x6450, 0x6451, 0x7472, 0x31e8, 0x63f0, 0x7492, 0x2a09, 0x31e9, 0x3209, 0x3209, 0x31e9, 0x31e9, 0x31e9, 0x31e9, 0x21c8, 0x1105,
    0x18e6, 0x41a6, 0xc50f, 0xd50c, 0xcd4f, 0x2903, 0x1164, 0x1a27, 0x19e6, 0x19e6, 0x11c5, 0x11a4, 0x1205, 0x09a4, 0x1985, 0x1945,
    0x0022, 0x4b90, 0x1169, 0x10a7, 0x10c8, 0x18c8, 0x18e8, 0x18e8, 0x18e7, 0x0864, 0x0802, 0x2063, 0x38c4, 0x5966, 0x5125, 0x1020,
    0x29c7, 0x75d8, 0x4e59, 0x35f8, 0x469b, 0x4dd9, 0x2b2e, 0x0083, 0x20e2, 0x8bea, 0xff34, 0xfff8, 0xffba, 0x52ca, 0x2126, 0x6b90,
    0xa536, 0x2968, 0x8c91, 0xf717, 0xf64e, 0xfdec, 0x72e8, 0x228e, 0x2bd5, 0x2b6f, 0x9d94, 0x39a7, 0x0000, 0x1104, 0x08e4, 0x08c4,
    0x08c4, 0x08c4, 0x08c4, 0x08c4, 0x08c4, 0x08c4, 0x08c3, 0x08c3, 0x08c3, 0x08c3, 0x08c4, 0x08a3, 0x08a3, 0x08a3, 0x08a3, 0x08a3,
    0x00a3, 0x08c3, 0x0083, 0x0883, 0x0883, 0x0063, 0x0063, 0x0063, 0x0063, 0x0083, 0x0083, 0x0062, 0x0063, 0x0863, 0x0062, 0x0062,
    0x0042, 0x0043, 0x0042, 0x0042, 0x0043, 0x0043, 0x0043, 0x0043, 0x0042, 0x0042, 0x0042, 0x0043, 0x0042, 0x0042, 0x0042, 0x0042,
    0x0042, 0x0042, 0x0042, 0x0022, 0x0022, 0x0022, 0x0022, 0x0022, 0x0022, 0x0022, 0x0022, 0x0022, 0x0022, 0x0022, 0x0022, 0x0022,
    0x0022, 0x0023, 0x0001, 0x29c5, 0x52ea, 0x5329, 0x1923, 0x0022, 0x0063, 0x0042, 0x3a27, 0x63cb, 0x08a2, 0x0022, 0x0042, 0x0000,
    0x2184, 0x530a, 0x52ea, 0x1964, 0x0001, 0x0042, 0x0042, 0x0042, 0x0042, 0x0063, 0x0082, 0x32a8, 0x21e5, 0x32a6, 0x652d, 0x3ca9,
    0x4428, 0x3be7, 0x4449, 0x540b, 0x21e5, 0x0061, 0x0082, 0x0083, 0x0042, 0x21c5, 0x534a, 0x532a, 0x1123, 0x0062, 0x0062, 0x08e2,
    0x4b0a, 0x4b2b, 0x3267, 0x0082, 0x08c4, 0x00c2, 0x2206, 0x430a, 0x430a, 0x1184, 0x00e3, 0x08e4, 0x08e4, 0x2226, 0x4309, 0x0103,
    0x08e4, 0x08e3, 0x08e3, 0x0923, 0x42e9, 0x2a47, 0x00c3, 0x08e4, 0x1104, 0x0903, 0x19e5, 0x436a, 0x19c5, 0x0924, 0x1145, 0x0944,
    0x11a5, 0x3b2a, 0x3b29, 0x2266, 0x0944, 0x1165, 0x1145, 0x0944, 0x2a67, 0x432a, 0x0964, 0x1165, 0x1165, 0x1185, 0x1185, 0x1a06,
    0x438a, 0x1a26, 0x1185, 0x11a5, 0x11a6, 0x11a6, 0x19e5, 0x438b, 0x32e9, 0x0984, 0x11c5, 0x19c6, 0x11a5, 0x19e5, 0x438a, 0x3308,
    0x11c5, 0x19e6, 0x19e6, 0x19e5, 0x1a26, 0x43aa, 0x43ca, 0x3308, 0x19e5, 0x1a06, 0x1a06, 0x1a26, 0x3328, 0x4beb, 0x1a46, 0x1a46,
    0x2247, 0x1a46, 0x1a46, 0x1a46, 0x1a46, 0x1a47, 0x1a46, 0x1a46, 0x2247, 0x2246, 0x2aa8, 0x00a2, 0x62ea, 0x734c, 0x18e4, 0x532d,
    0x42ec, 0x6c91, 0x85b6, 0x7d95, 0x7d95, 0x7553, 0x9617, 0xbefb, 0xbefa, 0xbefa, 0xbeda, 0xbeda, 0xbeda, 0xbeda, 0xbeda, 0xb6b9,
    0x8595, 0x7d74, 0x85b6, 0x430c, 0x4b0d, 0x3a8b, 0x3a8b, 0x3a8b, 0x3a8b, 0x3a6b, 0x3a8b, 0x324a, 0x428b, 0x530d, 0x4aec, 0x4aec,
    0x3a4a, 0x4acb, 0x4aec, 0x4acc, 0x530d, 0x4acc, 0x3249, 0x8575, 0x7d74, 0x85d6, 0x432c, 0x53cf, 0x7d95, 0x7554, 0x7554, 0x7554,
    0x7554, 0x7554, 0x7554, 0x7554, 0x7554, 0x7554, 0x7d95, 0x434d, 0x324a, 0x3a8b, 0x3a8b, 0x3a8b, 0x3a8b, 0x2a4a, 0x7514, 0x85d6,
    0x6cb2, 0x31a7, 0x41e7, 0xd5b2, 0x93ab, 0x7ae8, 0xccce, 0x41c6, 0x4aec, 0x326b, 0x3a6b, 0x322a, 0x32cb, 0x8595, 0x7d75, 0x7d75,
    0x7d75, 0x7d95, 0x7d95, 0x7575, 0x7d75, 0x85b6, 0x7d54, 0x2167, 0x1042, 0xa40c, 0xc4ae, 0x7ac8, 0xcd0d, 0xd4ec, 0xcceb, 0xdd6e,
    0x6ac8, 0x2105, 0x29a7, 0x42ec, 0x6451, 0x85b5, 0x7574, 0x7574, 0x7574, 0x7574, 0x7574, 0x7574, 0x7574, 0x7574, 0x8575, 0x3a6a,
    0x6c72, 0x8dd6, 0x4b4d, 0x322a, 0x3a8b, 0x3a4b, 0x3a4b, 0x3a6b, 0x3a4b, 0x2a2a, 0x6c52, 0x42ac, 0x10a5, 0x39c7, 0xac8d, 0xd52c,
    0xd54f, 0x3144, 0x21e6, 0x2246, 0x19e6, 0x19e6, 0x11c5, 0x3309, 0x3b6a, 0x3329, 0x11a4, 0x1986, 0x0001, 0x324b, 0x2a0b, 0x0886,
    0x10c8, 0x10c8, 0x18e8, 0x20e8, 0x1044, 0x2883, 0x69c9, 0x81ea, 0x9a4b, 0x7967, 0x7967, 0x79c8, 0x2841, 0x10c3, 0x64f3, 0x5e59,
    0x2577, 0x25b8, 0x35b9, 0x44d7, 0x1a2b, 0x0001, 0x41c4, 0xcdb0, 0xff75, 0xf737, 0xce37, 0x9492, 0x8c93, 0x422b, 0xce37, 0xff76,
    0xedaa, 0xfdec, 0x5247, 0x22d0, 0x2bb5, 0x1b31, 0x6431, 0x8c30, 0x0000, 0x0883, 0x1104, 0x08e4, 0x08e4, 0x08e4, 0x08c4, 0x08c3,
    0x00a3, 0x00c4, 0x08c4, 0x08a3, 0x08c4, 0x08c4, 0x00a3, 0x00a3, 0x08c4, 0x08a3, 0x08a3, 0x08c4, 0x00a3, 0x0063, 0x0083, 0x0883,
    0x00a3, 0x00a3, 0x00a3, 0x0863, 0x0063, 0x0083, 0x0083, 0x0063, 0x0063, 0x0063, 0x0042, 0x0042, 0x0043, 0x0043, 0x0042, 0x0042,
    0x0042, 0x0042, 0x0043, 0x0043, 0x0043, 0x0042, 0x0043, 0x0022, 0x0042, 0x0042, 0x0043, 0x0043, 0x0042, 0x0022, 0x0022, 0x0042,
    0x0022, 0x0022, 0x0022, 0x0042, 0x0021, 0x0022, 0x0022, 0x0021, 0x0022, 0x0022, 0x0022, 0x0022, 0x0022, 0x0022, 0x0021, 0x536b,
    0x08c1, 0x3ac7, 0x42c9, 0x0000, 0x0062, 0x0062, 0x29e6, 0x5bcb, 0x10e2, 0x0022, 0x0042, 0x0000, 0x534b, 0x1903, 0x29c5, 0x4b2a,
    0x0000, 0x0042, 0x0042, 0x0043, 0x0063, 0x0042, 0x21a5, 0x7dd0, 0x6d8d, 0x65ac, 0x54ea, 0x5ceb, 0x540a, 0x5c4c, 0x4b89, 0x0000,
    0x0000, 0x3287, 0x3aa8, 0x0041, 0x0062, 0x538a, 0x0921, 0x3aa7, 0x3aa8, 0x0021, 0x0041, 0x2a26, 0x3ac7, 0x0901, 0x5c0c, 0x00e3,
    0x08a3, 0x00e2, 0x4b6b, 0x0962, 0x3b08, 0x32e8, 0x00c2, 0x08e4, 0x0904, 0x2a67, 0x4b8a, 0x0923, 0x08e4, 0x08e3, 0x00e3, 0x1164,
    0x3ae8, 0x2aa7, 0x00c3, 0x08e4, 0x0904, 0x0923, 0x2a46, 0x4bca, 0x1a05, 0x0924, 0x1165, 0x0944, 0x2a87, 0x3309, 0x09e3, 0x4bca,
    0x0963, 0x1144, 0x1144, 0x1164, 0x3287, 0x436a, 0x0964, 0x1165, 0x1185, 0x1185, 0x11a5, 0x2aa7, 0x542b, 0x22a6, 0x09a5, 0x19c6,
    0x11a6, 0x11a6, 0x1a06, 0x438a, 0x3b29, 0x0963, 0x19a5, 0x19a6, 0x11a5, 0x2226, 0x4bea, 0x3b89, 0x11c4, 0x19e7, 0x1a26, 0x11e5,
    0x3329, 0x3348, 0x1284, 0x4c2b, 0x11e5, 0x1a06, 0x1a06, 0x1a46, 0x3b89, 0x544b, 0x1a46, 0x1a46, 0x1a46, 0x1a46, 0x2246, 0x2246,
    0x1a46, 0x2247, 0x2267, 0x2267, 0x2267, 0x2287, 0x2a47, 0x10a2, 0x9450, 0x39a6, 0x2987, 0x5b6e, 0x432d, 0x8555, 0x7d95, 0x7db5,
    0x7d74, 0x8dd5, 0xbf1b, 0xbeda, 0xbeda, 0xbefa, 0xbeda, 0xbeda, 0xbeda, 0xbefa, 0xb6da, 0x8db5, 0x7d74, 0x8595, 0x8595, 0x3aec,
    0x4b2d, 0x3a6b, 0x3a8b, 0x3a8b, 0x3a8b, 0x428b, 0x428b, 0x3a4a, 0x3a6a, 0x4aec, 0x4aec, 0x4aec, 0x4b0c, 0x4aec, 0x4aec, 0x4aec,
    0x4b0c, 0x42ab, 0x2a49, 0x7d54, 0x7574, 0x7db5, 0x330c, 0x5c51, 0x7595, 0x6d74, 0x7574, 0x6d74, 0x6d74, 0x6d74, 0x7574, 0x7574,
    0x6d74, 0x6d74, 0x7db5, 0x3b0c, 0x326a, 0x3a8b, 0x3a8b, 0x3a8b, 0x326a, 0x3b0c, 0x7d55, 0x7db5, 0x5bcf, 0x2966, 0x62a9, 0xe613,
    0x8329, 0x8b6a, 0xac2d, 0x31c6, 0x7cb3, 0x2a09, 0x322a, 0x21c8, 0x3b0c, 0x7d75, 0x6d33, 0x6d34, 0x7534, 0x7533, 0x6d33, 0x7534,
    0x7534, 0x7534, 0x7d54, 0x2166, 0x1062, 0x8b8b, 0xc4ef, 0x6aa8, 0xc4ed, 0xd4ec, 0xcccb, 0xdd6d, 0x62a7, 0x1905, 0x3a49, 0x2a49,
    0x5c10, 0x7d54, 0x6d13, 0x6d33, 0x6d33, 0x6d33, 0x6d33, 0x7534, 0x6d33, 0x6d33, 0x8534, 0x3a8b, 0x5c10, 0x7db5, 0x53ef, 0x2a29,
    0x3a8b, 0x326b, 0x3a6b, 0x3a6b, 0x322a, 0x4b6e, 0x85b7, 0x536e, 0x08a4, 0x2966, 0x93eb, 0xd52d, 0xd54e, 0x3124, 0x2a06, 0x32e8,
    0x19e5, 0x19e6, 0x1a26, 0x4bcb, 0x01c2, 0x4bca, 0x2266, 0x11a5, 0x10c3, 0x0843, 0x3a6c, 0x10c6, 0x10a7, 0x10c7, 0x18e7, 0x1044,
    0x3064, 0x926b, 0x5925, 0x4882, 0xc34f, 0xd390, 0x91e9, 0x8148, 0x79a9, 0x3083, 0x0000, 0x53cf, 0x5dd8, 0x1cb5, 0x2517, 0x2538,
    0x3518, 0x3c14, 0x0926, 0x1881, 0xacad, 0xff56, 0xffb7, 0xe717, 0x736d, 0x630b, 0xf6f6, 0xee4f, 0xed89, 0xdd6c, 0x3165, 0x3311,
    0x2b73, 0x2353, 0x2b10, 0x94b3, 0x3946, 0x0001, 0x1105, 0x1105, 0x08e4, 0x08e4, 0x00e3, 0x0903, 0x19a5, 0x00e3, 0x08e4, 0x08c4,
    0x08c4, 0x00c3, 0x0903, 0x1123, 0x00a3, 0x08c4, 0x08a4, 0x00a3, 0x00a2, 0x1163, 0x00c2, 0x00a2, 0x00a3, 0x08a3, 0x0082, 0x00a2,
    0x08e3, 0x00a2, 0x0083, 0x0063, 0x0062, 0x0021, 0x0882, 0x0062, 0x0042, 0x0043, 0x0043, 0x0041, 0x0081, 0x08c2, 0x0042, 0x0043,
    0x0042, 0x0062, 0x0021, 0x08a2, 0x0062, 0x0043, 0x0043, 0x0042, 0x0021, 0x10c3, 0x08c2, 0x0021, 0x0022, 0x0023, 0x0042, 0x0020,
    0x08c2, 0x0042, 0x0022, 0x0022, 0x0022, 0x0022, 0x0022, 0x0022, 0x0022, 0x0022, 0x0042, 0x4b09, 0x1964, 0x4b49, 0x42a9, 0x0000,
    0x0062, 0x0022, 0x0040, 0x538a, 0x10e3, 0x0022, 0x0842, 0x0020, 0x4b2a, 0x2165, 0x4287, 0x4329, 0x0000, 0x0042, 0x0042, 0x0023,
    0x0063, 0x0042, 0x21a5, 0x6d2d, 0x6dcd, 0x5d6b, 0x654d, 0x32a6, 0x0040, 0x1123, 0x3206, 0x08c2, 0x4389, 0x6dae, 0x64cd, 0x0081,
    0x0882, 0x4b69, 0x1162, 0x4329, 0x3ac8, 0x0041, 0x0022, 0x2a26, 0x3aa7, 0x21e5, 0x4baa, 0x1145, 0x08c4, 0x0903, 0x432a, 0x11c3,
    0x3b69, 0x3308, 0x00c3, 0x08e5, 0x08e4, 0x0122, 0x4369, 0x0924, 0x08e4, 0x08e4, 0x10e4, 0x00a2, 0x21e5, 0x32a8, 0x00c2, 0x0904,
    0x1104, 0x1124, 0x0102, 0x3b49, 0x1a26, 0x0924, 0x1165, 0x0943, 0x32a8, 0x2ac7, 0x22c6, 0x4389, 0x1184, 0x1124, 0x1145, 0x0944,
    0x0983, 0x4369, 0x0983, 0x1165, 0x1185, 0x1185, 0x11a6, 0x0984, 0x43a9, 0x22a7, 0x11a5, 0x19c5, 0x19c5, 0x19c7, 0x0964, 0x2aa7,
    0x3b29, 0x0964, 0x19a6, 0x19a6, 0x19c6, 0x0984, 0x2b08, 0x43a9, 0x09c4, 0x1a07, 0x1a06, 0x11e5, 0x3329, 0x2ae7, 0x22e6, 0x43eb,
    0x1a25, 0x1a06, 0x2227, 0x1a26, 0x1a85, 0x4c2b, 0x1a66, 0x1a46, 0x2247, 0x1a46, 0x2246, 0x2246, 0x2267, 0x2267, 0x2267, 0x2267,
    0x2267, 0x2ac8, 0x0924, 0x4a07, 0x942f, 0x2124, 0x4aab, 0x532e, 0x5bf0, 0x85b6, 0x7db5, 0x7594, 0x85b5, 0xbefa, 0xbefa, 0xbeda,
    0xbeda, 0xbeda, 0xbeda, 0xbeda, 0xbeda, 0xbefb, 0x95f6, 0x7d74, 0x7db5, 0x7db5, 0x7d95, 0x3acb, 0x532e, 0x3a6b, 0x3aab, 0x3a8b,
    0x3a8c, 0x3a8b, 0x3aab, 0x3a8b, 0x3229, 0x326a, 0x2228, 0x2208, 0x21e8, 0x21e8, 0x2a49, 0x326a, 0x3a8a, 0x326a, 0x5c10, 0x85d6,
    0x7d95, 0x85d6, 0x330c, 0x64b2, 0x7595, 0x7554, 0x7574, 0x7574, 0x7574, 0x7574, 0x7574, 0x7574, 0x7574, 0x6d74, 0x7d95, 0x32cb,
    0x3a6b, 0x3a8b, 0x3a8b, 0x3a8b, 0x326a, 0x434e, 0x7d75, 0x85b6, 0x534d, 0x2925, 0x838c, 0xe5f2, 0x7287, 0xac2d, 0x8b6a, 0x3a69,
    0x7cf3, 0x2a29, 0x3a2a, 0x21c8, 0x432c, 0x7d75, 0x6d53, 0x7574, 0x7554, 0x7554, 0x7554, 0x7554, 0x7553, 0x7533, 0x7d74, 0x3208,
    0x0842, 0x7b08, 0xd52f, 0x72c8, 0xc4cd, 0xccec, 0xcccb, 0xdd4d, 0x6ac8, 0x18e5, 0x532c, 0x6cd2, 0x7513, 0x7534, 0x7534, 0x7534,
    0x7534, 0x6d53, 0x6d33, 0x7533, 0x7533, 0x6d33, 0x7d54, 0x3acb, 0x53ce, 0x7db5, 0x5c30, 0x3229, 0x3a8b, 0x3a8b, 0x3a8b, 0x3a6b,
    0x3229, 0x5410, 0x7d95, 0x5c10, 0x10c5, 0x2126, 0x8bab, 0xd52e, 0xd54e, 0x4184, 0x21c5, 0x3308, 0x19e5, 0x1a06, 0x2266, 0x43aa,
    0x1a84, 0x43a9, 0x2a87, 0x1185, 0x19a6, 0x0041, 0x10a5, 0x2148, 0x1086, 0x10c7, 0x10a5, 0x1002, 0x824b, 0x6167, 0x2882, 0x3925,
    0x4083, 0xb2cd, 0xd390, 0xa22b, 0x7948, 0x7988, 0x40e4, 0x0000, 0x42ec, 0x5d36, 0x1bf3, 0x1c14, 0x2cb7, 0x34f9, 0x44f9, 0x3310,
    0x0062, 0x7309, 0xf692, 0xfef4, 0xff56, 0xff35, 0xf62f, 0xe549, 0xf5aa, 0xa3e9, 0x10e6, 0x3352, 0x2332, 0x2312, 0x22d0, 0x6bf2,
    0x6aac, 0x0000, 0x10e5, 0x1125, 0x08e4, 0x0904, 0x0123, 0x432a, 0x53ab, 0x3ae8, 0x00c2, 0x08e4, 0x00c3, 0x19c5, 0x538b, 0x536a,
    0x21a5, 0x0083, 0x00a3, 0x0081, 0x42c8, 0x4b6a, 0x42e9, 0x0082, 0x0083, 0x0883, 0x10e3, 0x4b6a, 0x4309, 0x0081, 0x0884, 0x0884,
    0x0062, 0x1964, 0x63ad, 0x1944, 0x0021, 0x0062, 0x0042, 0x08c2, 0x534b, 0x3a88, 0x0000, 0x0843, 0x0042, 0x0041, 0x29e6, 0x63cc,
    0x08e2, 0x0022, 0x0043, 0x0000, 0x29a5, 0x534a, 0x534a, 0x1943, 0x0001, 0x0023, 0x0021, 0x3206, 0x63ab, 0x0081, 0x0022, 0x0022,
    0x0022, 0x0022, 0x0022, 0x0022, 0x0022, 0x0022, 0x0041, 0x4b2a, 0x3226, 0x2a25, 0x42a9, 0x0000, 0x0042, 0x0042, 0x0081, 0x5b8c,
    0x1104, 0x0022, 0x0842, 0x0021, 0x4b2a, 0x42e8, 0x29c5, 0x4309, 0x0000, 0x0042, 0x0042, 0x0022, 0x0042, 0x0001, 0x0020, 0x1123,
    0x43c9, 0x5d0c, 0x4b48, 0x0000, 0x0083, 0x0062, 0x0020, 0x53eb, 0x6dce, 0x5d2d, 0x4bea, 0x00c1, 0x0062, 0x4b8a, 0x2a45, 0x3246,
    0x42c8, 0x0021, 0x0042, 0x2a06, 0x4baa, 0x1162, 0x4b69, 0x1165, 0x00c4, 0x08e3, 0x4329, 0x2286, 0x2245, 0x3b09, 0x00a2, 0x08e5,
    0x08e4, 0x0943, 0x434a, 0x0924, 0x08e4, 0x08e4, 0x10e4, 0x00a3, 0x2206, 0x32a8, 0x00c2, 0x0904, 0x1105, 0x1125, 0x0943, 0x3b49,
    0x1a26, 0x0924, 0x1165, 0x0944, 0x2a87, 0x3b89, 0x1a64, 0x3b28, 0x11a4, 0x1145, 0x1145, 0x1145, 0x11c4, 0x3b69, 0x0983, 0x1185,
    0x1185, 0x1185, 0x19a6, 0x09a5, 0x43aa, 0x22c7, 0x11a5, 0x19c6, 0x19c6, 0x19a6, 0x11a5, 0x2ac8, 0x3b2a, 0x1184, 0x19c6, 0x19a6,
    0x19c6, 0x0985, 0x3309, 0x3b89, 0x11e5, 0x1a07, 0x11e6, 0x09c4, 0x2ae8, 0x43aa, 0x1a85, 0x43cb, 0x1a46, 0x1a06, 0x1a27, 0x1a26,
    0x22c7, 0x4c2b, 0x1a66, 0x1a66, 0x1a46, 0x2247, 0x2247, 0x2247, 0x2267, 0x2267, 0x2267, 0x2287, 0x2287, 0x32c8, 0x0061, 0x7b8d,
    0x6aea, 0x2145, 0x534e, 0x4b0d, 0x74f3, 0x85d6, 0x7d95, 0x8594, 0xb6fa, 0xbefa, 0xbeda, 0xbeda, 0xbeda, 0xbeda, 0xbeda, 0xb6da,
    0xb6fa, 0x9617, 0x7d74, 0x7db5, 0x7db5, 0x7dd6, 0x7d54, 0x3aab, 0x532e, 0x3a6b, 0x3a8b, 0x3a8b, 0x3a8b, 0x3aab, 0x42ac, 0x324a,
    0x5c10, 0x7d75, 0x6cf3, 0x6d13, 0x540f, 0x7492, 0x6410, 0x4b2d, 0x42ec, 0x42ec, 0x4b0d, 0x42ec, 0x430c, 0x4b6e, 0x32cb, 0x7d14,
    0x7d75, 0x7574, 0x7574, 0x7574, 0x7574, 0x7574, 0x7574, 0x7574, 0x7574, 0x7574, 0x7d54, 0x32ab, 0x42ab, 0x3a8b, 0x3a8b, 0x428c,
    0x324a, 0x53cf, 0x7d95, 0x7575, 0x42cb, 0x3165, 0xa46e, 0xcd50, 0x6a67, 0xc4cf, 0x6287, 0x4b4c, 0x7cf2, 0x3229, 0x3a6b, 0x29e9,
    0x538f, 0x8d96, 0x74f3, 0x7513, 0x74f3, 0x74f3, 0x74f3, 0x74f3, 0x7d54, 0x7574, 0x7574, 0x3a8a, 0x0042, 0x6a87, 0xd54f, 0x8308,
    0xbcad, 0xd4ec, 0xcccc, 0xdd4d, 0x7b29, 0x18e4, 0x530c, 0x8595, 0x6d33, 0x7554, 0x7534, 0x7534, 0x6d34, 0x6d34, 0x6d33, 0x7534,
    0x7534, 0x6d33, 0x7d75, 0x42cb, 0x534d, 0x7db5, 0x6471, 0x3229, 0x428b, 0x3a6b, 0x3a8b, 0x3a8b, 0x322a, 0x53f0, 0x7d96, 0x6472,
    0x10e5, 0x20e5, 0x7b2a, 0xd52e, 0xdd6e, 0x5a46, 0x21a5, 0x32e8, 0x1205, 0x1a06, 0x1a66, 0x4c4b, 0x22e5, 0x3348, 0x2ac7, 0x1184,
    0x19a6, 0x1986, 0x0042, 0x0002, 0x0885, 0x18e6, 0x0023, 0x38c5, 0x824b, 0x1001, 0x9bd0, 0xb3b0, 0x3082, 0x2820, 0x6126, 0x8a2a,
    0x8a0a, 0x81a8, 0x7209, 0x3924, 0x0000, 0x21c7, 0x6536, 0x2bd3, 0x0ad1, 0x23f6, 0x3499, 0x4d1b, 0x4c76, 0x1126, 0x41a5, 0xddb0,
    0xf64e, 0xed8b, 0xed4a, 0xe528, 0xf5ab, 0x6266, 0x19ab, 0x2b53, 0x2311, 0x22f2, 0x22d1, 0x4b12, 0x8b92, 0x0801, 0x08a3, 0x1125,
    0x0904, 0x00c3, 0x2206, 0x4329, 0x0140, 0x5c0c, 0x0923, 0x00e3, 0x0081, 0x4b09, 0x19e4, 0x2a46, 0x4b4a, 0x0061, 0x0062, 0x1984,
    0x4329, 0x0060, 0x53ab, 0x1944, 0x0062, 0x0083, 0x08e3, 0x3aa7, 0x4b49, 0x0061, 0x0883, 0x0083, 0x0083, 0x1964, 0x536b, 0x1964,
    0x0021, 0x0062, 0x0042, 0x08a2, 0x3aa8, 0x3a87, 0x0000, 0x0043, 0x0042, 0x0062, 0x2185, 0x53ab, 0x1123, 0x0022, 0x0042, 0x0020,
    0x4b4a, 0x0902, 0x21c5, 0x42c8, 0x0000, 0x0022, 0x0042, 0x1944, 0x534a, 0x0881, 0x0022, 0x0042, 0x0022, 0x0022, 0x0022, 0x0022,
    0x0022, 0x0022, 0x0020, 0x5bac, 0x2184, 0x21e5, 0x42a9, 0x0000, 0x0042, 0x0021, 0x0040, 0x5b6b, 0x08e2, 0x0022, 0x0042, 0x0021,
    0x5bab, 0x3265, 0x1984, 0x532a, 0x0000, 0x0042, 0x0042, 0x0041, 0x0020, 0x3227, 0x1103, 0x0000, 0x0020, 0x2a05, 0x21c5, 0x1103,
    0x0040, 0x3b08, 0x4349, 0x32a6, 0x6dae, 0x2204, 0x0020, 0x0082, 0x0041, 0x53aa, 0x19e4, 0x29e5, 0x4309, 0x0042, 0x0062, 0x2226,
    0x53eb, 0x00c0, 0x53cb, 0x1124, 0x08c4, 0x00c2, 0x4b6a, 0x1a04, 0x2225, 0x3ae9, 0x00a2, 0x08e4, 0x00e3, 0x0122, 0x4329, 0x0122,
    0x08e3, 0x08e4, 0x0904, 0x00a2, 0x21e5, 0x2aa7, 0x00a1, 0x1124, 0x1125, 0x1145, 0x0102, 0x3b48, 0x1a05, 0x0924, 0x1185, 0x0944,
    0x2267, 0x438a, 0x0161, 0x436a, 0x1184, 0x1145, 0x1165, 0x1164, 0x0983, 0x3b69, 0x0162, 0x1185, 0x1185, 0x11a5, 0x19c5, 0x0984,
    0x3b89, 0x1aa5, 0x11a4, 0x19c7, 0x11c6, 0x19c6, 0x0984, 0x2ac7, 0x3b49, 0x0983, 0x19c6, 0x19c6, 0x19e6, 0x09a5, 0x2ae7, 0x3b48,
    0x09a4, 0x19e7, 0x1a06, 0x11e4, 0x3308, 0x4c0b, 0x0a44, 0x4c2c, 0x1a46, 0x1a26, 0x1a27, 0x1a46, 0x1a85, 0x4c2b, 0x1a66, 0x2266,
    0x2267, 0x2267, 0x2267, 0x2267, 0x2287, 0x2267, 0x2287, 0x1aa6, 0x2ac7, 0x2206, 0x18e3, 0x9c50, 0x3145, 0x29c7, 0x5b6e, 0x4b4d,
    0x85b5, 0x85b5, 0x8574, 0xaeb9, 0xbf1b, 0xbefa, 0xbeda, 0xbeda, 0xbeda, 0xbeda, 0xb6da, 0xbf1b, 0x9e37, 0x7d94, 0x7db5, 0x7db5,
    0x7db5, 0x7db5, 0x7534, 0x3aab, 0x534e, 0x3a6b, 0x428c, 0x3a8b, 0x3a8b, 0x3a8b, 0x42ac, 0x324a, 0x5c51, 0x7dd6, 0x7594, 0x7595,
    0x8df6, 0x4b4d, 0x3249, 0x324a, 0x324a, 0x324a, 0x3249, 0x3229, 0x3229, 0x21c8, 0x1987, 0x53af, 0x7d95, 0x7574, 0x7594, 0x7574,
    0x7574, 0x7574, 0x7574, 0x7574, 0x7574, 0x7594, 0x7534, 0x328a, 0x42cc, 0x326b, 0x3a8b, 0x428c, 0x324a, 0x5410, 0x7d95, 0x6d34,
    0x31e8, 0x3986, 0xc530, 0xb48d, 0x6a47, 0xcd0f, 0x5247, 0x6430, 0x74f2, 0x322a, 0x3a8b, 0x324a, 0x3229, 0x3249, 0x29a7, 0x29c7,
    0x21c7, 0x21e7, 0x21c7, 0x29a7, 0x21e8, 0x5bef, 0x8dd6, 0x42ab, 0x0842, 0x6268, 0xd54f, 0x8349, 0xb46c, 0xd4ec, 0xcccc, 0xd52d,
    0x8b8a, 0x18e4, 0x42ab, 0x7d75, 0x7533, 0x7534, 0x7534, 0x7534, 0x6d34, 0x7534, 0x6d34, 0x6d34, 0x7534, 0x6d34, 0x7d75, 0x4b0c,
    0x4b0c, 0x7db5, 0x64b2, 0x3249, 0x428b, 0x3a6b, 0x3a6b, 0x3a8b, 0x2a2a, 0x53cf, 0x7d76, 0x6cb3, 0x1126, 0x20c5, 0x6288, 0xd54e,
    0xdd4e, 0x6aa8, 0x1984, 0x32e8, 0x1226, 0x1a06, 0x1225, 0x548d, 0x0a23, 0x3328, 0x2aa7, 0x11a5, 0x19c6, 0x19a6, 0x19a6, 0x08a3,
    0x0001, 0x0023, 0x0003, 0x4168, 0x40c4, 0x5249, 0xedf9, 0xe454, 0xbb4f, 0x61a7, 0x2862, 0x2000, 0x2800, 0x2020, 0x1820, 0x2061,
    0x5166, 0x2883, 0x0882, 0x5c52, 0x54d6, 0x12f1, 0x0ab2, 0x1b55, 0x3418, 0x4c78, 0x19cb, 0x18a2, 0xb48c, 0xf5ee, 0xe529, 0xe528,
    0xd52c, 0x2944, 0x2a8f, 0x2311, 0x22f1, 0x2af2, 0x22f1, 0x3ad1, 0x93d5, 0x28a4, 0x0842, 0x1125, 0x0905, 0x00c3, 0x2a67, 0x3b08,
    0x1a04, 0x53cb, 0x1164, 0x00c3, 0x0081, 0x4309, 0x2225, 0x3ae8, 0x3b08, 0x0081, 0x0063, 0x19c5, 0x3ac8, 0x1943, 0x53cb, 0x21a5,
    0x0042, 0x08a4, 0x0042, 0x1984, 0x4b49, 0x0042, 0x0083, 0x0082, 0x08a3, 0x0001, 0x4b0a, 0x21a5, 0x0022, 0x0062, 0x0063, 0x0000,
    0x21a4, 0x3aa8, 0x0000, 0x0042, 0x0042, 0x0043, 0x0020, 0x4b29, 0x1123, 0x0022, 0x0042, 0x0020, 0x4b29, 0x21a4, 0x42c9, 0x42c8,
    0x0000, 0x0022, 0x0001, 0x0020, 0x532a, 0x0881, 0x0022, 0x0022, 0x0022, 0x0022, 0x0022, 0x0022, 0x0022, 0x0022, 0x0000, 0x3227,
    0x530a, 0x534a, 0x1944, 0x0000, 0x0042, 0x0041, 0x3a47, 0x63ec, 0x42c9, 0x0062, 0x0043, 0x0001, 0x3206, 0x5bab, 0x5b6b, 0x29c6,
    0x0021, 0x0042, 0x0822, 0x0020, 0x3286, 0x756e, 0x542a, 0x2a05, 0x32a7, 0x4389, 0x6d6f, 0x2a66, 0x1143, 0x75ef, 0x5c2b, 0x19e3,
    0x6d6e, 0x1142, 0x0021, 0x0883, 0x0021, 0x2a05, 0x5bab, 0x5b8c, 0x21c5, 0x0082, 0x08a3, 0x0923, 0x538b, 0x534b, 0x42e9, 0x00a2,
    0x08c4, 0x00a2, 0x2a26, 0x4b2a, 0x4309, 0x1184, 0x00c3, 0x08c4, 0x0903, 0x3287, 0x53cb, 0x32a7, 0x0904, 0x0904, 0x08e3, 0x1184,
    0x4b4a, 0x4baa, 0x2226, 0x0904, 0x1145, 0x0924, 0x2a67, 0x4beb, 0x3b2a, 0x1185, 0x0944, 0x0924, 0x11a5, 0x436a, 0x3b08, 0x32a8,
    0x0964, 0x1165, 0x1165, 0x1185, 0x32e9, 0x53eb, 0x32e8, 0x11c5, 0x11a6, 0x19a5, 0x11a5, 0x2aa7, 0x53eb, 0x43aa, 0x1a05, 0x11a5,
    0x19e6, 0x11c6, 0x2267, 0x4beb, 0x542b, 0x2aa7, 0x11c5, 0x19e6, 0x19c5, 0x2247, 0x4beb, 0x540b, 0x2287, 0x11c5, 0x1a06, 0x1a05,
    0x2265, 0x4bca, 0x43ca, 0x3b69, 0x1225, 0x1a46, 0x1a46, 0x1a46, 0x3b89, 0x5c6c, 0x3b6a, 0x2266, 0x2267, 0x2287, 0x2287, 0x2267,
    0x2287, 0x2287, 0x2287, 0x1aa7, 0x2ae8, 0x08e2, 0x5aca, 0x7bad, 0x18e3, 0x4aac, 0x530e, 0x6451, 0x8dd6, 0x8574, 0xa699, 0xbf1b,
    0xbeda, 0xbeda, 0xbeda, 0xbeda, 0xbeda, 0xbeda, 0xbefa, 0x9e78, 0x7d94, 0x7db5, 0x7db5, 0x7db5, 0x7db5, 0x85d6, 0x6cd2, 0x3acb,
    0x532e, 0x3a6b, 0x428c, 0x3a8b, 0x3a8b, 0x3a8b, 0x42ab, 0x326a, 0x6491, 0x7db5, 0x7574, 0x7db5, 0x5c50, 0x326a, 0x534d, 0x42ab,
    0x42cb, 0x42ab, 0x42cb, 0x4acb, 0x4aab, 0x3a4a, 0x428b, 0x21e8, 0x74f3, 0x7d95, 0x7574, 0x7574, 0x7574, 0x7574, 0x7595, 0x7574,
    0x7574, 0x75b5, 0x6cf3, 0x328a, 0x42cc, 0x326b, 0x3a8b, 0x428c, 0x2a2a, 0x5c30, 0x85d6, 0x6cb1, 0x2986, 0x39c7, 0xd571, 0xa3eb,
    0x8309, 0xc4ef, 0x4a26, 0x74d2, 0x6cb2, 0x324a, 0x3a8b, 0x21c8, 0x42ab, 0x42ab, 0x426a, 0x426a, 0x426a, 0x426a, 0x426a, 0x426a,
    0x29c8, 0x0904, 0x7472, 0x530d, 0x0882, 0x6267, 0xd56f, 0x8b69, 0xac4c, 0xd50c, 0xcccb, 0xcd0d, 0x93ab, 0x20e4, 0x3229, 0x7d54,
    0x7534, 0x7534, 0x7534, 0x7534, 0x7534, 0x7534, 0x7554, 0x6d54, 0x7554, 0x6d53, 0x7d75, 0x536d, 0x42cb, 0x7db5, 0x6cd2, 0x324a,
    0x3a8b, 0x3a8b, 0x3a6b, 0x42ab, 0x2a29, 0x53af, 0x7d75, 0x74f4, 0x1967, 0x18c5, 0x5a47, 0xd52e, 0xdd4e, 0x7b09, 0x1103, 0x2aa8,
    0x1206, 0x2227, 0x1205, 0x3b8a, 0x4389, 0x438a, 0x1a26, 0x19e6, 0x19e6, 0x19c6, 0x19e6, 0x21e7, 0x1966, 0x0884, 0x0002, 0x1884,
    0x1021, 0xbd14, 0xf598, 0xfd17, 0xf4b5, 0xdc12, 0xc370, 0xa2ac, 0x8a4a, 0x7a29, 0x8a4b, 0xb2ad, 0xcaef, 0xbace, 0x5946, 0x0020,
    0x32aa, 0x6d37, 0x4496, 0x1b13, 0x1292, 0x1ad4, 0x3b55, 0x218d, 0x0822, 0x8b89, 0xe58c, 0xed6a, 0x8b68, 0x1106, 0x3311, 0x22f1,
    0x22d1, 0x22d1, 0x22f1, 0x3ab1, 0x9bf5, 0x3927, 0x0001, 0x1925, 0x1125, 0x00c3, 0x2226, 0x4baa, 0x19e3, 0x4b6a, 0x1964, 0x00a3,
    0x00a2, 0x3b08, 0x3b08, 0x2a25, 0x4309, 0x0082, 0x0083, 0x1184, 0x4b8a, 0x21a4, 0x4309, 0x29c6, 0x0022, 0x0884, 0x0062, 0x21c5,
    0x4b4a, 0x0062, 0x0883, 0x0863, 0x0883, 0x0042, 0x4b2b, 0x21a5, 0x0022, 0x0062, 0x0862, 0x0001, 0x21a5, 0x3a88, 0x0000, 0x0042,
    0x0022, 0x0022, 0x0061, 0x4b2a, 0x1123, 0x0002, 0x0043, 0x0021, 0x4329, 0x3aa7, 0x2a05, 0x42e8, 0x0000, 0x0022, 0x0002, 0x0061,
    0x534a, 0x08c1, 0x0002, 0x0022, 0x0022, 0x0022, 0x0022, 0x0022, 0x0022, 0x0022, 0x0042, 0x0021, 0x1924, 0x10e3, 0x0021, 0x0022,
    0x0022, 0x0021, 0x10e3, 0x10e3, 0x1104, 0x0042, 0x0022, 0x0043, 0x0041, 0x1944, 0x1944, 0x0041, 0x0062, 0x0062, 0x0001, 0x3226,
    0x758e, 0x5d2a, 0x5d4b, 0x658e, 0x6d6e, 0x652d, 0x658d, 0x542a, 0x1122, 0x4308, 0x1983, 0x4389, 0x64ed, 0x08c2, 0x0062, 0x0883,
    0x0883, 0x0081, 0x1985, 0x1965, 0x00a2, 0x08a4, 0x08a4, 0x00c2, 0x0923, 0x19c6, 0x00c2, 0x00c3, 0x08c4, 0x08c3, 0x00c2, 0x1985,
    0x1144, 0x00c2, 0x08e4, 0x08c4, 0x08e3, 0x1184, 0x1184, 0x1185, 0x0904, 0x0904, 0x0904, 0x1165, 0x19a5, 0x11a4, 0x1985, 0x1124,
    0x1125, 0x0924, 0x19a5, 0x19c5, 0x19c5, 0x1164, 0x0944, 0x1145, 0x0944, 0x11a5, 0x2226, 0x1164, 0x1165, 0x1185, 0x1185, 0x1185,
    0x2206, 0x1a26, 0x2226, 0x11a5, 0x11a6, 0x11a6, 0x11a5, 0x2206, 0x1a46, 0x2246, 0x19e5, 0x19a5, 0x19c6, 0x19c6, 0x1a26, 0x2266,
    0x2266, 0x1a26, 0x19e5, 0x19e6, 0x19c5, 0x1a26, 0x2266, 0x2266, 0x2246, 0x1a06, 0x1a06, 0x1a26, 0x1a25, 0x2286, 0x2ae8, 0x1a25,
    0x1a46, 0x1a46, 0x1a47, 0x2267, 0x2ac8, 0x22c7, 0x2ac7, 0x2267, 0x2287, 0x2287, 0x2287, 0x2287, 0x22a7, 0x22a7, 0x22a7, 0x22c8,
    0x2aa8, 0x0060, 0x8bef, 0x4a28, 0x1925, 0x530e, 0x42ed, 0x7d54, 0x85b5, 0xa658, 0xbf1b, 0xb6da, 0xbeda, 0xbeda, 0xbeda, 0xb6da,
    0xb6ba, 0xbeda, 0xa678, 0x7d94, 0x7db5, 0x7db5, 0x7db5, 0x7db5, 0x7db5, 0x85f6, 0x6491, 0x42ec, 0x4b0d, 0x3a6b, 0x3a8b, 0x3a8b,
    0x3a8b, 0x3a8b, 0x42ac, 0x326a, 0x6cd2, 0x75b5, 0x7574, 0x85b5, 0x432c, 0x534d, 0x428b, 0x42ab, 0x42ab, 0x42ab, 0x42aa, 0x42ab,
    0x428b, 0x3a29, 0x4aab, 0x29e8, 0x4b8e, 0x85d6, 0x7574, 0x7594, 0x7574, 0x7595, 0x7595, 0x7574, 0x7574, 0x7db5, 0x64b2, 0x328a,
    0x42cc, 0x328b, 0x3aac, 0x428c, 0x2a2a, 0x5c71, 0x85d6, 0x5bce, 0x2125, 0x5248, 0xddb1, 0x8b49, 0x936b, 0xb48e, 0x4227, 0x8554,
    0x6451, 0x324a, 0x29e9, 0x42ab, 0x636e, 0x428a, 0x4a8a, 0x4a8a, 0x428a, 0x42aa, 0x428a, 0x428a, 0x3a4a, 0x29e8, 0x324a, 0x636e,
    0x10a3, 0x5a27, 0xd54f, 0x9369, 0xa3eb, 0xd50c, 0xc4ab, 0xcd0c, 0x9beb, 0x20e4, 0x3a29, 0x7d54, 0x7534, 0x7554, 0x7534, 0x6d34,
    0x6d34, 0x6d54, 0x6d53, 0x7554, 0x7554, 0x6d53, 0x7d95, 0x5b8e, 0x3a49, 0x7d95, 0x6cf2, 0x326a, 0x3a8b, 0x428b, 0x428b, 0x3a8b,
    0x2a09, 0x4b8e, 0x7575, 0x7534, 0x21c8, 0x18c5, 0x5227, 0xcd2e, 0xdd4e, 0x8b8a, 0x0061, 0x2206, 0x1a06, 0x1a06, 0x1a06, 0x1a25,
    0x2aa7, 0x1a26, 0x1205, 0x1a06, 0x1a06, 0x1a06, 0x1a06, 0x19e6, 0x19e6, 0x21e8, 0x1906, 0x0000, 0x39a7, 0xf67a, 0xf516, 0xfd58,
    0xfd57, 0xfd57, 0xf495, 0xec33, 0xe3d2, 0xdb50, 0xd2ef, 0xca8e, 0xc24d, 0xc24d, 0xcacf, 0x9a4b, 0x3083, 0x10c3, 0x3b2d, 0x5c94,
    0x5476, 0x3bb4, 0x22f2, 0x2a92, 0x198b, 0x0000, 0x7ac8, 0xddb0, 0x2943, 0x19ec, 0x2ad2, 0x22b1, 0x22d1, 0x2ad1, 0x22d1, 0x3290,
    0x9bd5, 0x4127, 0x0001, 0x1925, 0x1124, 0x08c3, 0x19c5, 0x5bec, 0x00e0, 0x4b8b, 0x1124, 0x08a3, 0x0081, 0x4329, 0x32c6, 0x1183,
    0x4b4b, 0x0082, 0x08a3, 0x1163, 0x644c, 0x00e0, 0x4b4a, 0x21a5, 0x0042, 0x08a4, 0x0062, 0x19a4, 0x4b49, 0x0040, 0x00a3, 0x0883,
    0x0083, 0x0040, 0x4b49, 0x1984, 0x0021, 0x0083, 0x0083, 0x0000, 0x19a4, 0x3287, 0x0000, 0x0042, 0x0022, 0x0042, 0x0020, 0x4b2a,
    0x1102, 0x0021, 0x0063, 0x0020, 0x53ab, 0x2a05, 0x21a3, 0x4b09, 0x0000, 0x0022, 0x0021, 0x0040, 0x4b49, 0x00a0, 0x0001, 0x0022,
    0x0022, 0x0022, 0x0022, 0x0022, 0x0022, 0x0022, 0x0022, 0x0042, 0x0001, 0x0001, 0x0042, 0x0022, 0x0022, 0x0022, 0x0002, 0x0002,
    0x0002, 0x0022, 0x0042, 0x0042, 0x0043, 0x0022, 0x0022, 0x0062, 0x0062, 0x0082, 0x0042, 0x21a5, 0x542a, 0x6d6d, 0x6d6d, 0x4368,
    0x1983, 0x10e2, 0x3286, 0x6d6e, 0x548b, 0x3307, 0x4c0a, 0x6dce, 0x3bc8, 0x0061, 0x0883, 0x0884, 0x0884, 0x00a3, 0x0062, 0x0082,
    0x00a3, 0x08a4, 0x00a4, 0x08c4, 0x00c3, 0x00a2, 0x08c4, 0x08c4, 0x08c4, 0x08c4, 0x08c4, 0x00a3, 0x00a3, 0x08c4, 0x08e4, 0x10c4,
    0x08c4, 0x00c3, 0x00c4, 0x08c4, 0x08e4, 0x0904, 0x0905, 0x08e4, 0x08e4, 0x08e4, 0x0904, 0x1125, 0x1125, 0x1125, 0x0904, 0x0924,
    0x0924, 0x0944, 0x1145, 0x1145, 0x1165, 0x1164, 0x0944, 0x1165, 0x1165, 0x1185, 0x1185, 0x1185, 0x1185, 0x1185, 0x1185, 0x11a6,
    0x11a6, 0x11a6, 0x11a6, 0x11a5, 0x11a5, 0x11a5, 0x19a6, 0x19c6, 0x19c6, 0x19c6, 0x19c5, 0x11c6, 0x11c6, 0x19c6, 0x19e6, 0x19e6,
    0x19e6, 0x19e6, 0x11e5, 0x11e5, 0x1a06, 0x1a06, 0x1a27, 0x1a27, 0x1a27, 0x1a26, 0x1a26, 0x1a46, 0x1a47, 0x1a47, 0x1a47, 0x1a47,
    0x1a46, 0x1a46, 0x1a66, 0x2267, 0x2287, 0x2287, 0x2287, 0x2287, 0x22a7, 0x22a7, 0x22a7, 0x2ac8, 0x19c5, 0x2924, 0x9c70, 0x18e3,
    0x31e9, 0x530e, 0x4b8e, 0x85b5, 0x9617, 0xb6fa, 0xb6da, 0xbeda, 0xbeda, 0xbeda, 0xb6da, 0xb6da, 0xb6fa, 0xae99, 0x8595, 0x7db5,
    0x7db5, 0x7db5, 0x7db5, 0x7db5, 0x7db5, 0x85f6, 0x5c70, 0x4b0c, 0x4aed, 0x3a8b, 0x3a8b, 0x3a8b, 0x3a8b, 0x3a8b, 0x42ac, 0x326a,
    0x6cf3, 0x75b5, 0x7594, 0x7d54, 0x3acb, 0x4b0d, 0x428b, 0x42ab, 0x42ab, 0x42ab, 0x42aa, 0x42ab, 0x42ab, 0x3249, 0x42ab, 0x3a6a,
    0x328a, 0x8595, 0x7594, 0x7594, 0x7574, 0x7575, 0x7595, 0x7574, 0x7574, 0x7db5, 0x5c50, 0x326a, 0x42cc, 0x3a8b, 0x3aac, 0x3a8c,
    0x2a4a, 0x64b2, 0x85d6, 0x4b0c, 0x1904, 0x732a, 0xdd91, 0x72a7, 0xa3ec, 0x9beb, 0x4269, 0x85b6, 0x5c30, 0x322a, 0x29e9, 0x634d,
    0x426a, 0x428a, 0x428a, 0x42aa, 0x42aa, 0x428a, 0x4a8a, 0x4a8a, 0x3a09, 0x3a4a, 0x29e8, 0x52cc, 0x18e5, 0x49e6, 0xd54f, 0x936a,
    0x93ab, 0xd50d, 0xc4ac, 0xccec, 0xac4c, 0x2925, 0x31e8, 0x7534, 0x7554, 0x7534, 0x7534, 0x6d54, 0x6d54, 0x7554, 0x6d54, 0x7554,
    0x7554, 0x6d54, 0x7d95, 0x5bcf, 0x29c7, 0x7d95, 0x6d13, 0x328a, 0x3a8b, 0x428b, 0x428b, 0x3a6b, 0x3209, 0x4b4e, 0x7575, 0x7555,
    0x21e8, 0x18e6, 0x41a5, 0xcd0e, 0xdd2d, 0xa40c, 0x08a2, 0x2207, 0x1a06, 0x1a06, 0x1a26, 0x1a26, 0x1a05, 0x1a06, 0x1a06, 0x1a06,
    0x1a06, 0x1a06, 0x1a06, 0x1a06, 0x11e6, 0x1a07, 0x1986, 0x0000, 0x83f0, 0xfedc, 0xd494, 0x7a8b, 0x61a7, 0x8aac, 0xecd5, 0xfcd5,
    0xf495, 0xf454, 0xf453, 0xec33, 0xe433, 0xd391, 0xc28e, 0xd310, 0xcbb1, 0x8a4b, 0x2882, 0x0861, 0x2987, 0x3aab, 0x434f, 0x4351,
    0x4b51, 0x4aac, 0x0861, 0x39a6, 0x2188, 0x2ad2, 0x22b2, 0x22b1, 0x22b0, 0x2ab1, 0x22b1, 0x3a70, 0x9bb5, 0x3927, 0x0001, 0x1925,
    0x1104, 0x08e3, 0x0903, 0x4b4a, 0x4b2a, 0x42e9, 0x00a2, 0x08c4, 0x0082, 0x2206, 0x4b8b, 0x536b, 0x2a07, 0x00a3, 0x08c4, 0x00c2,
    0x4b4a, 0x4b6a, 0x432a, 0x00c2, 0x00a2, 0x00a3, 0x1124, 0x536a, 0x5c2c, 0x3227, 0x0082, 0x00a4, 0x0083, 0x3a47, 0x5c0c, 0x4b4a,
    0x10c3, 0x0083, 0x0042, 0x1924, 0x4b4a, 0x5bab, 0x31a7, 0x0001, 0x0042, 0x0021, 0x3a27, 0x63ed, 0x4aea, 0x0882, 0x0042, 0x0021,
    0x3206, 0x638b, 0x5b4b, 0x2164, 0x0021, 0x0042, 0x0042, 0x3a68, 0x5bec, 0x42c9, 0x0042, 0x0041, 0x0022, 0x0022, 0x0022, 0x0022,
    0x0022, 0x0022, 0x0043, 0x0022, 0x0042, 0x0042, 0x0042, 0x0042, 0x0042, 0x0042, 0x0042, 0x0042, 0x0042, 0x0042, 0x0042, 0x0042,
    0x0042, 0x0042, 0x0062, 0x0042, 0x0063, 0x0043, 0x0063, 0x0041, 0x0020, 0x3ac8, 0x4308, 0x0040, 0x0021, 0x0022, 0x0000, 0x32a7,
    0x658c, 0x65cd, 0x6d4d, 0x656d, 0x5ced, 0x08c2, 0x0883, 0x0883, 0x08a3, 0x0883, 0x08a4, 0x08a3, 0x08c3, 0x08a4, 0x00c3, 0x08c4,
    0x08c3, 0x08c3, 0x08a4, 0x08c4, 0x08c4, 0x08c4, 0x08c4, 0x08c4, 0x08c4, 0x08c4, 0x08e4, 0x08e4, 0x08e4, 0x08e4, 0x08e5, 0x08e4,
    0x08e4, 0x08e4, 0x0905, 0x1105, 0x1105, 0x1105, 0x1125, 0x1124, 0x1144, 0x1144, 0x1144, 0x1125, 0x1145, 0x1145, 0x1145, 0x1145,
    0x1165, 0x1165, 0x1165, 0x1185, 0x1185, 0x1185, 0x1185, 0x1185, 0x1986, 0x1986, 0x19a6, 0x11a5, 0x11a5, 0x11a6, 0x19a6, 0x19c6,
    0x19a6, 0x19a6, 0x19c6, 0x19c6, 0x19c6, 0x19c6, 0x19e6, 0x19e6, 0x19e6, 0x19e6, 0x19e6, 0x19e6, 0x19e6, 0x19e6, 0x1a06, 0x1a06,
    0x1a06, 0x1a26, 0x1a26, 0x1a26, 0x1a46, 0x1a47, 0x1a47, 0x1a46, 0x1a46, 0x2246, 0x2266, 0x2267, 0x2267, 0x2267, 0x2267, 0x2287,
    0x2287, 0x2287, 0x22a7, 0x22a7, 0x22a7, 0x22a7, 0x22a7, 0x3309, 0x00e2, 0x732c, 0x732c, 0x10c4, 0x4a8c, 0x42cc, 0x6491, 0x9637,
    0xb6da, 0xaeb9, 0xb6da, 0xb6ba, 0xb6da, 0xb6da, 0xb6ba, 0xbeda, 0xaeda, 0x85b5, 0x7db5, 0x7db5, 0x7db5, 0x7db5, 0x7db5, 0x7db5,
    0x7db5, 0x85f6, 0x540f, 0x4b2d, 0x42ec, 0x3a8b, 0x3aab, 0x3a8b, 0x42ab, 0x3a8b, 0x42ac, 0x328b, 0x7534, 0x75b5, 0x7db5, 0x6cd2,
    0x32ab, 0x530d, 0x428b, 0x42ab, 0x42ab, 0x42ab, 0x42ab, 0x42ab, 0x42ab, 0x3a4a, 0x3a6b, 0x3a8b, 0x3249, 0x7d34, 0x7d95, 0x7594,
    0x7594, 0x7595, 0x7595, 0x7595, 0x7594, 0x7dd6, 0x4bcf, 0x3a6a, 0x42ac, 0x3a8b, 0x3a8b, 0x3a8b, 0x326a, 0x6cf3, 0x85b6, 0x42ab,
    0x2125, 0x9c4e, 0xd530, 0x6247, 0xbcae, 0x7b29, 0x4b0c, 0x85b6, 0x53ef, 0x21c8, 0x424a, 0x530c, 0x4269, 0x4a8a, 0x428a, 0x428a,
    0x428a, 0x428a, 0x428a, 0x4a8a, 0x3a09, 0x3a6a, 0x3209, 0x3a49, 0x1905, 0x3985, 0xd52e, 0x9b8a, 0x8b6a, 0xd50d, 0xcccc, 0xcceb,
    0xb48d, 0x3165, 0x29c7, 0x7513, 0x7574, 0x7574, 0x7575, 0x7595, 0x7595, 0x7595, 0x7594, 0x7554, 0x7554, 0x6d53, 0x7594, 0x6c30,
    0x31e8, 0x7d74, 0x7533, 0x328a, 0x3a6b, 0x428c, 0x3a8b, 0x3a4a, 0x3209, 0x432d, 0x7575, 0x7555, 0x324a, 0x18e5, 0x3165, 0xc4ad,
    0xdd2d, 0xb48d, 0x10a2, 0x19e7, 0x1a27, 0x1a06, 0x1a26, 0x1a26, 0x1a27, 0x1a27, 0x1a06, 0x1a06, 0x1a06, 0x1a06, 0x1a06, 0x1a07,
    0x1206, 0x1a07, 0x1925, 0x0000, 0xbd96, 0xe639, 0x30c3, 0x0000, 0x0800, 0x0000, 0x92ec, 0xfcf6, 0xfcb5, 0xfcd5, 0xfcd6, 0xfd16,
    0xfd37, 0xfd78, 0xecf6, 0xa28c, 0x81c9, 0x928b, 0xb34f, 0x9acd, 0x5925, 0x2841, 0x1021, 0x1062, 0x18e4, 0x2946, 0x1083, 0x0000,
    0x2149, 0x3ad1, 0x22b1, 0x2290, 0x2290, 0x2a91, 0x2a91, 0x4270, 0x9b94, 0x30c5, 0x0041, 0x1145, 0x0904, 0x08e4, 0x00c3, 0x0903,
    0x21a5, 0x00e2, 0x00a2, 0x00a3, 0x08c4, 0x00a2, 0x1985, 0x1985, 0x00a2, 0x08c4, 0x08c4, 0x00c3, 0x0103, 0x21c6, 0x08e3, 0x0063,
    0x08a3, 0x0083, 0x08a3, 0x1144, 0x1143, 0x10e3, 0x0082, 0x0884, 0x0082, 0x1104, 0x1143, 0x1944, 0x08a3, 0x0083, 0x0062, 0x08a4,
    0x1944, 0x1143, 0x10c3, 0x0021, 0x0042, 0x0022, 0x10e3, 0x1103, 0x1103, 0x0842, 0x0042, 0x0042, 0x0021, 0x2144, 0x1924, 0x0001,
    0x0042, 0x0042, 0x0042, 0x10e4, 0x1102, 0x10e3, 0x0022, 0x0042, 0x0022, 0x0022, 0x0022, 0x0022, 0x0022, 0x0022, 0x0042, 0x0022,
    0x0042, 0x0022, 0x0022, 0x0042, 0x0042, 0x0042, 0x0042, 0x0042, 0x0042, 0x0042, 0x0042, 0x0042, 0x0042, 0x0042, 0x0042, 0x0043,
    0x0063, 0x0043, 0x0043, 0x0863, 0x0863, 0x0001, 0x0021, 0x0062, 0x0062, 0x0062, 0x0021, 0x1964, 0x8590, 0x4bc9, 0x08e1, 0x3288,
    0x2a27, 0x0062, 0x00a3, 0x08a3, 0x08a3, 0x0884, 0x08a3, 0x00a3, 0x00a3, 0x08a3, 0x08c3, 0x08c4, 0x08a4, 0x08c3, 0x08c4, 0x08e3,
    0x08c3, 0x08c4, 0x08c4, 0x08e4, 0x08e4, 0x08c4, 0x08e4, 0x08e4, 0x08e4, 0x08e4, 0x08e4, 0x08e4, 0x08e4, 0x0904, 0x0904, 0x0904,
    0x1104, 0x1104, 0x0924, 0x0944, 0x1144, 0x0944, 0x1145, 0x1124, 0x1144, 0x1145, 0x1145, 0x1165, 0x1165, 0x1165, 0x1185, 0x1185,
    0x1185, 0x1185, 0x1185, 0x1986, 0x1185, 0x1185, 0x19a5, 0x11a5, 0x19a5, 0x19a5, 0x19a6, 0x19c6, 0x19a6, 0x19a6, 0x19c6, 0x19c6,
    0x19e6, 0x19e6, 0x19e6, 0x19e5, 0x19e5, 0x19e6, 0x19e6, 0x19e6, 0x19e6, 0x1a06, 0x1a06, 0x1a06, 0x1a06, 0x1a26, 0x1a26, 0x1a46,
    0x1a46, 0x1a46, 0x1a46, 0x1a46, 0x1a46, 0x2266, 0x2266, 0x2287, 0x2287, 0x2287, 0x2287, 0x2287, 0x22a7, 0x22a7, 0x22a7, 0x22a7,
    0x22a7, 0x22a7, 0x22c7, 0x2a88, 0x0881, 0x9c90, 0x41c7, 0x2987, 0x530e, 0x42ec, 0x8574, 0xaeda, 0xb6da, 0xaeb9, 0xb6b9, 0xb6b9,
    0xb6ba, 0xb6ba, 0xb6ba, 0xb6da, 0x8dd5, 0x7db4, 0x7dd5, 0x7db5, 0x7dd5, 0x7db5, 0x7dd5, 0x7dd5, 0x7db5, 0x85f6, 0x53ef, 0x534d,
    0x42cc, 0x3a8b, 0x3aab, 0x3aab, 0x3aab, 0x428c, 0x3a8b, 0x32ab, 0x7554, 0x75b5, 0x7dd5, 0x6471, 0x3a8b, 0x4aec, 0x428b, 0x42ab,
    0x42ab, 0x42ab, 0x42ab, 0x42ab, 0x4aab, 0x3a4a, 0x3a6a, 0x42ab, 0x2a09, 0x6cb2, 0x7db5, 0x7595, 0x7595, 0x7595, 0x7595, 0x7594,
    0x7574, 0x7dd6, 0x438d, 0x3a8b, 0x3aab, 0x3a8b, 0x3a8b, 0x3a8b, 0x2a6a, 0x7554, 0x7d54, 0x3229, 0x31a7, 0xc531, 0xbc8d, 0x6227,
    0xc4ef, 0x5226, 0x5bef, 0x7d95, 0x53cf, 0x21a8, 0x428b, 0x4acb, 0x426a, 0x4a8a, 0x4a6a, 0x4a8a, 0x4a8a, 0x428a, 0x428a, 0x4a8a,
    0x3a29, 0x3a4a, 0x3a4a, 0x29a8, 0x1925, 0x3124, 0xcd0e, 0xa3eb, 0x936a, 0xd50d, 0xc4cc, 0xcceb, 0xbcad, 0x3985, 0x29c7, 0x74f3,
    0x7554, 0x64b2, 0x5c71, 0x5c51, 0x5c50, 0x5c71, 0x64d2, 0x7533, 0x7d75, 0x7574, 0x7574, 0x6cb2, 0x3208, 0x7534, 0x7554, 0x32ab,
    0x3a6b, 0x42ac, 0x3a6b, 0x3a4a, 0x320a, 0x3aec, 0x7575, 0x7575, 0x3aab, 0x10c5, 0x3165, 0xbc8d, 0xd52d, 0xb4ad, 0x1082, 0x21e6,
    0x1a47, 0x1a46, 0x1a47, 0x1a47, 0x1a27, 0x1a26, 0x1a06, 0x1a26, 0x1a06, 0x1a06, 0x1a06, 0x1a07, 0x19e6, 0x2207, 0x10e4, 0x0021,
    0xdedb, 0x5269, 0x1000, 0x7a4a, 0x9b2e, 0x9b2e, 0xd433, 0xfcd5, 0xfcd5, 0xfcd5, 0xfcf6, 0xfd16, 0xf536, 0xfd98, 0xccb4, 0x1800,
    0x1800, 0x1800, 0x3042, 0x926c, 0xd330, 0xcacf, 0xb28d, 0x9a2b, 0x81e9, 0x61a8, 0x1822, 0x3906, 0x1002, 0x1108, 0x32b1, 0x2a71,
    0x2291, 0x2a71, 0x2270, 0x5291, 0x9b73, 0x1822, 0x0862, 0x1145, 0x0904, 0x08c4, 0x08e4, 0x00c3, 0x0082, 0x00a3, 0x00c3, 0x00a3,
    0x08c4, 0x08c4, 0x00a3, 0x00a3, 0x08c3, 0x08c3, 0x08c4, 0x08c4, 0x08c3, 0x0082, 0x08a4, 0x0884, 0x08a3, 0x0083, 0x0863, 0x0063,
    0x0082, 0x0062, 0x0063, 0x0883, 0x0082, 0x0042, 0x0062, 0x0062, 0x0063, 0x0063, 0x0062, 0x0043, 0x0022, 0x0021, 0x0002, 0x0022,
    0x0042, 0x0022, 0x0001, 0x0001, 0x0000, 0x0022, 0x0042, 0x0022, 0x0042, 0x0001, 0x0001, 0x0023, 0x0042, 0x0042, 0x0022, 0x0002,
    0x0001, 0x0001, 0x0022, 0x0022, 0x0022, 0x0022, 0x0022, 0x0022, 0x0022, 0x0022, 0x0042, 0x0022, 0x0022, 0x0022, 0x0042, 0x0042,
    0x0022, 0x0042, 0x0042, 0x0042, 0x0022, 0x0042, 0x0042, 0x0042, 0x0042, 0x0042, 0x0063, 0x0063, 0x0042, 0x0042, 0x0043, 0x0043,
    0x0042, 0x0062, 0x0063, 0x0063, 0x0042, 0x0062, 0x0042, 0x10c2, 0x42e9, 0x1124, 0x0021, 0x0062, 0x0042, 0x0883, 0x0083, 0x00a2,
    0x08a4, 0x0884, 0x08c3, 0x00c3, 0x00c3, 0x08a3, 0x08a3, 0x08c4, 0x08c4, 0x08c3, 0x08e4, 0x08c4, 0x08c4, 0x08c4, 0x08e4, 0x08e4,
    0x08c4, 0x08c4, 0x08c4, 0x08e4, 0x08e4, 0x08e4, 0x0904, 0x0905, 0x08e4, 0x0904, 0x0905, 0x0904, 0x1124, 0x1125, 0x0925, 0x1124,
    0x1124, 0x1144, 0x0944, 0x1144, 0x1164, 0x1165, 0x1165, 0x1164, 0x1165, 0x1165, 0x1185, 0x1185, 0x1185, 0x1185, 0x1185, 0x11a5,
    0x11a5, 0x11a6, 0x11a5, 0x19a6, 0x19a6, 0x19a6, 0x19c6, 0x19c6, 0x19c6, 0x19c6, 0x19c6, 0x19e6, 0x19e6, 0x19e6, 0x19e6, 0x19e6,
    0x1a06, 0x19e6, 0x19e6, 0x1a06, 0x1a06, 0x1a06, 0x1a06, 0x1a06, 0x1a26, 0x2226, 0x1a26, 0x1a46, 0x1a46, 0x1a46, 0x2247, 0x2267,
    0x2267, 0x2267, 0x2267, 0x2287, 0x2287, 0x2287, 0x22a7, 0x22a7, 0x22a8, 0x2267, 0x2a88, 0x2ac8, 0x22c8, 0x22a7, 0x2b08, 0x1185,
    0x41a6, 0x9470, 0x2105, 0x3a4a, 0x534d, 0x5bcf, 0xb6ba, 0xb6d9, 0xaeb9, 0xb6b9, 0xb6b9, 0xb6b9, 0xb6b9, 0xb6b9, 0xb6da, 0x9617,
    0x7d94, 0x85d5, 0x7db5, 0x7db5, 0x7db5, 0x7db5, 0x7dd5, 0x7dd5, 0x7db5, 0x85f7, 0x53ae, 0x534e, 0x42ac, 0x3a8b, 0x3aab, 0x3aab,
    0x3aab, 0x428c, 0x3a8b, 0x3aec, 0x7d75, 0x7db5, 0x85f6, 0x6471, 0x3a8b, 0x4aec, 0x428b, 0x42ab, 0x42aa, 0x42aa, 0x42ab, 0x42ab,
    0x4aab, 0x3a6a, 0x3a6a, 0x42ab, 0x2a09, 0x6471, 0x85d6, 0x7594, 0x7595, 0x7595, 0x7595, 0x7594, 0x7db5, 0x8df7, 0x432d, 0x42ac,
    0x3aab, 0x3a8b, 0x3a6b, 0x326b, 0x2249, 0x7d75, 0x74b2, 0x2986, 0x4a28, 0xddf3, 0x9c0b, 0x6a88, 0xc4ef, 0x41e6, 0x6491, 0x7d74,
    0x53af, 0x21a8, 0x4aeb, 0x4acb, 0x428a, 0x4a8a, 0x4a6a, 0x4a8a, 0x4a8a, 0x428a, 0x428a, 0x4a8a, 0x3a29, 0x3a4a, 0x3a6a, 0x2188,
    0x1905, 0x2924, 0xc4ae, 0xb44d, 0x8b49, 0xd50d, 0xc4cc, 0xcccc, 0xc4ce, 0x49e6, 0x2987, 0x4b2d, 0x3b0c, 0x328b, 0x328b, 0x3aab,
    0x3acb, 0x32ab, 0x3aeb, 0x3b0c, 0x436d, 0x5c71, 0x7d95, 0x7d13, 0x29e7, 0x74f3, 0x7d75, 0x32ab, 0x3a6b, 0x42ab, 0x3a4a, 0x3a6a,
    0x322a, 0x3acc, 0x7555, 0x7d75, 0x430d, 0x10c4, 0x3165, 0xac6d, 0xd54d, 0xbcce, 0x20c2, 0x19c6, 0x1a87, 0x1a46, 0x1a47, 0x1a47,
    0x1a46, 0x1a26, 0x1a27, 0x2227, 0x1a26, 0x1a06, 0x1a06, 0x1a06, 0x19e6, 0x2208, 0x08a3, 0x18e4, 0xf75d, 0x8b2d, 0xc3f1, 0xfd16,
    0xfcf6, 0xfcf6, 0xfcf6, 0xfcd5, 0xfcf5, 0xfcf6, 0xfd16, 0xfd16, 0xfd36, 0xfd57, 0xed16, 0xbbd1, 0x9b0e, 0x59a7, 0x1000, 0x1800,
    0xa24b, 0xd28f, 0xca8e, 0xd2af, 0xdb10, 0xb30f, 0x2061, 0x79c9, 0x6968, 0x1824, 0x194a, 0x32d1, 0x2290, 0x2271, 0x2250, 0x6ad2,
    0x8af0, 0x0001, 0x08a4, 0x1125, 0x0904, 0x08e4, 0x08e4, 0x08e4, 0x08c4, 0x08c4, 0x08e4, 0x08c3, 0x08c4, 0x08e4, 0x08c4, 0x08c4,
    0x08a3, 0x08c3, 0x08c4, 0x08c4, 0x08c4, 0x00a3, 0x08c4, 0x08a3, 0x00a3, 0x0083, 0x0883, 0x08a3, 0x0082, 0x0063, 0x0062, 0x0082,
    0x0083, 0x0083, 0x0062, 0x0883, 0x0063, 0x0063, 0x0063, 0x0063, 0x0062, 0x0042, 0x0043, 0x0042, 0x0042, 0x0042, 0x0042, 0x0022,
    0x0022, 0x0042, 0x0042, 0x0042, 0x0042, 0x0042, 0x0042, 0x0022, 0x0042, 0x0042, 0x0022, 0x0022, 0x0022, 0x0022, 0x0022, 0x0022,
    0x0022, 0x0022, 0x0022, 0x0022, 0x0022, 0x0022, 0x0042, 0x0021, 0x0882, 0x0041, 0x0021, 0x0042, 0x0043, 0x0042, 0x0042, 0x0000,
    0x0061, 0x0042, 0x0043, 0x0042, 0x0042, 0x0042, 0x0041, 0x0082, 0x0041, 0x0042, 0x0043, 0x0043, 0x0041, 0x0061, 0x0082, 0x0021,
    0x0863, 0x0843, 0x0863, 0x0062, 0x0041, 0x0062, 0x0061, 0x08c3, 0x0082, 0x0083, 0x0884, 0x0883, 0x08a4, 0x0062, 0x0081, 0x00c3,
    0x08c4, 0x08a4, 0x08c3, 0x00c3, 0x00a2, 0x08e2, 0x00c3, 0x08c4, 0x08c4, 0x08e4, 0x00c2, 0x0903, 0x00e2, 0x08e3, 0x08e5, 0x08e4,
    0x08e4, 0x00c3, 0x0103, 0x0904, 0x08e5, 0x0904, 0x0905, 0x08e4, 0x00e2, 0x0924, 0x0925, 0x1125, 0x1124, 0x0944, 0x0943, 0x0964,
    0x0943, 0x1165, 0x1165, 0x1165, 0x1165, 0x0944, 0x1184, 0x1185, 0x1185, 0x1985, 0x1185, 0x11a5, 0x11a5, 0x11a5, 0x11a5, 0x19c6,
    0x19c6, 0x19c6, 0x19c6, 0x11c6, 0x19c5, 0x19c5, 0x19e6, 0x19e6, 0x19e6, 0x19e6, 0x19e6, 0x1a06, 0x1a06, 0x1a06, 0x1a06, 0x1a06,
    0x1a06, 0x1a06, 0x1a26, 0x1a46, 0x1a26, 0x1a46, 0x1a46, 0x2246, 0x1a47, 0x2247, 0x2267, 0x2267, 0x2267, 0x2287, 0x2287, 0x2287,
    0x2287, 0x2287, 0x2288, 0x2227, 0x1103, 0x2165, 0x1944, 0x1124, 0x2a47, 0x22a7, 0x2ae8, 0x0082, 0x8bce, 0x6aeb, 0x1905, 0x530d,
    0x4b4d, 0x9596, 0xbefb, 0xae99, 0xaeb9, 0xaeb9, 0xaeb9, 0xaeb9, 0xaeb9, 0xaeda, 0x9e57, 0x7d94, 0x7db5, 0x7db5, 0x7db5, 0x7db5,
    0x85b5, 0x7db5, 0x7dd5, 0x7dd5, 0x7dd5, 0x85f6, 0x4b6e, 0x5b6e, 0x42ab, 0x3aab, 0x3aab, 0x3aab, 0x3a8b, 0x428c, 0x3a6b, 0x432c,
    0x85b5, 0x7db5, 0x7dd6, 0x74f3, 0x2a29, 0x4aab, 0x428b, 0x428b, 0x428b, 0x428b, 0x42ab, 0x42ab, 0x4aab, 0x426a, 0x3a4a, 0x42ab,
    0x3229, 0x6450, 0x85d6, 0x7594, 0x7594, 0x7575, 0x85b6, 0x7534, 0x5c30, 0x538e, 0x326a, 0x322a, 0x2a09, 0x29e9, 0x320a, 0x2a2a,
    0x3acc, 0x85b6, 0x5bcf, 0x2146, 0x5a69, 0xe633, 0x93aa, 0x8b4b, 0xb48d, 0x4227, 0x6d13, 0x7554, 0x4b8f, 0x21a8, 0x4aec, 0x4aab,
    0x428a, 0x4a8a, 0x4a8a, 0x428a, 0x428a, 0x428a, 0x4a8a, 0x4a8a, 0x4249, 0x3a29, 0x428b, 0x2188, 0x18c5, 0x2944, 0xb48d, 0xbc8e,
    0x7ae9, 0xd50d, 0xcccc, 0xcccb, 0xcd0e, 0x5207, 0x2126, 0x322a, 0x3a8b, 0x3a8b, 0x3a8b, 0x3a6b, 0x3a8b, 0x3a8b, 0x42cc, 0x4b2d,
    0x538e, 0x3aec, 0x3b0c, 0x7cb3, 0x29c7, 0x6cb2, 0x7d95, 0x3acb, 0x3a6a, 0x428b, 0x324a, 0x324a, 0x322a, 0x3aab, 0x7534, 0x7d75,
    0x434e, 0x10c4, 0x2945, 0xa44c, 0xd54d, 0xcd0e, 0x3123, 0x19a5, 0x2287, 0x1a46, 0x1a66, 0x1a46, 0x1a45, 0x1a46, 0x1a26, 0x1a07,
    0x1a06, 0x1a06, 0x11e6, 0x1a05, 0x19e6, 0x2228, 0x0062, 0x2125, 0xff7e, 0xf597, 0xfcf6, 0xfcf5, 0xf536, 0xf515, 0xf515, 0xfd16,
    0xfd16, 0xfd16, 0xfd16, 0xfd16, 0xfd16, 0xfcf6, 0xfcf6, 0xfd37, 0xfd37, 0xf4f6, 0xab4f, 0x2041, 0x3062, 0xd3b2, 0xdb71, 0xe3b2,
    0xfc96, 0xab6f, 0x2021, 0x89e9, 0x9a0a, 0x7189, 0x2024, 0x1949, 0x32b0, 0x2270, 0x2a0f, 0x8b33, 0x61eb, 0x0000, 0x10e4, 0x1124,
    0x0904, 0x08e4, 0x08e4, 0x00c2, 0x08e2, 0x08e4, 0x08c4, 0x08c4, 0x08c4, 0x00c3, 0x08e2, 0x08e3, 0x00a2, 0x08c4, 0x08c4, 0x08c4,
    0x00a2, 0x1123, 0x00c2, 0x00a3, 0x0083, 0x0083, 0x0062, 0x0061, 0x00a1, 0x0082, 0x0062, 0x0062, 0x0083, 0x0061, 0x08c2, 0x0081,
    0x0062, 0x0063, 0x0083, 0x0061, 0x08a2, 0x0882, 0x0020, 0x0042, 0x0042, 0x0042, 0x0000, 0x0061, 0x0041, 0x0022, 0x0042, 0x0042,
    0x0021, 0x0020, 0x0082, 0x0022, 0x0022, 0x0042, 0x0021, 0x0020, 0x10a2, 0x0020, 0x0021, 0x0022, 0x0022, 0x0022, 0x0022, 0x0022,
    0x0022, 0x0042, 0x0001, 0x29c6, 0x5b4b, 0x532a, 0x08c2, 0x0021, 0x0043, 0x0022, 0x0882, 0x4ac9, 0x3a88, 0x0001, 0x0043, 0x0062,
    0x0042, 0x0862, 0x42a9, 0x42c9, 0x0000, 0x0042, 0x0043, 0x0041, 0x10c2, 0x4aea, 0x4b0a, 0x1964, 0x0041, 0x0863, 0x0863, 0x0883,
    0x0883, 0x0062, 0x3227, 0x538b, 0x4329, 0x08e2, 0x08a3, 0x08a3, 0x0063, 0x1965, 0x536b, 0x1985, 0x0082, 0x08a4, 0x08a3, 0x00c3,
    0x32a8, 0x4b4a, 0x00c3, 0x08c4, 0x08e4, 0x00c3, 0x19c5, 0x432a, 0x4309, 0x1164, 0x08e4, 0x0904, 0x08e4, 0x2a27, 0x434a, 0x0103,
    0x08e4, 0x0904, 0x08e4, 0x0944, 0x3ae9, 0x3288, 0x0904, 0x1125, 0x1145, 0x0943, 0x2aa7, 0x434a, 0x32c8, 0x1164, 0x1165, 0x1165,
    0x1185, 0x32c8, 0x32c8, 0x1185, 0x1185, 0x1985, 0x19a5, 0x11a5, 0x2207, 0x21e6, 0x19a5, 0x19c6, 0x19c6, 0x19c6, 0x19c6, 0x2227,
    0x2267, 0x2247, 0x19e6, 0x19e6, 0x19e6, 0x19e6, 0x1a26, 0x2ac8, 0x32e9, 0x2267, 0x19e5, 0x1a06, 0x1a26, 0x1a66, 0x3329, 0x3b49,
    0x2ac7, 0x1a46, 0x1a46, 0x1a46, 0x2247, 0x2267, 0x2267, 0x2267, 0x2287, 0x2287, 0x2287, 0x2287, 0x22a7, 0x22a7, 0x2ac9, 0x08e3,
    0x31a7, 0x630d, 0x52cc, 0x39e8, 0x1104, 0x2ac8, 0x2206, 0x1082, 0xacb1, 0x39a6, 0x2987, 0x5b2e, 0x63f0, 0xcf5d, 0xcf3c, 0xc71b,
    0xc71b, 0xbefb, 0xbefb, 0xb6b9, 0xb6da, 0xa658, 0x8595, 0x8df6, 0x9637, 0x8e16, 0x8e16, 0x8616, 0x85f6, 0x85d5, 0x7dd5, 0x7dd5,
    0x7dd5, 0x85f6, 0x434d, 0x5b6e, 0x42ab, 0x3aab, 0x3a8b, 0x3a8b, 0x3a8b, 0x3a8b, 0x326a, 0x4b4d, 0x8dd6, 0x7dd5, 0x7dd5, 0x85d6,
    0x3acb, 0x3249, 0x4acc, 0x4aab, 0x42ab, 0x42ab, 0x4acb, 0x4aab, 0x4aab, 0x428b, 0x3a4a, 0x42ab, 0x29e8, 0x6451, 0x85f6, 0x7d94,
    0x7db5, 0x85b6, 0x4b8e, 0x32ab, 0x32ab, 0x3a8b, 0x4aed, 0x532e, 0x5b6f, 0x534e, 0x4acd, 0x29e9, 0x326a, 0x8575, 0x4b0c, 0x2105,
    0x7b4b, 0xe612, 0x8309, 0xa3ec, 0xa42c, 0x4aa9, 0x7d74, 0x7554, 0x434e, 0x21c8, 0x4aab, 0x4acb, 0x4a8a, 0x4a8a, 0x4a8a, 0x428a,
    0x428a, 0x4a8a, 0x4a8a, 0x4a8a, 0x426a, 0x3a29, 0x428b, 0x29a8, 0x10c4, 0x2104, 0xac2c, 0xc4ae, 0x7ac9, 0xd4ed, 0xcccc, 0xcccb,
    0xcd0e, 0x5a47, 0x2105, 0x29c9, 0x3a4a, 0x322a, 0x322a, 0x322a, 0x322a, 0x322a, 0x322a, 0x322a, 0x3a8b, 0x5b8f, 0x4b2d, 0x4b2d,
    0x29c8, 0x6c92, 0x85b6, 0x32eb, 0x3a6a, 0x428b, 0x324a, 0x324a, 0x322a, 0x328b, 0x7514, 0x7d95, 0x4b6e, 0x10c4, 0x2124, 0x9bec,
    0xd54d, 0xcd2e, 0x3964, 0x1185, 0x2287, 0x1a66, 0x1a46, 0x2ae7, 0x4bcb, 0x2287, 0x1a06, 0x1a07, 0x1a06, 0x19e6, 0x2267, 0x3b29,
    0x1a26, 0x2207, 0x0022, 0x31a7, 0xff7e, 0xed56, 0xfd56, 0xfd98, 0xed57, 0xfd97, 0xfd36, 0xfd57, 0xfd36, 0xfd36, 0xfd16, 0xfcf6,
    0xfcd5, 0xfcd6, 0xf4b5, 0xfc94, 0xfc74, 0xfc74, 0xfcf6, 0xbbf1, 0x722a, 0xf4b5, 0xfcb6, 0xfcb6, 0xfd37, 0xb3d0, 0x2821, 0x89e9,
    0xb2ac, 0x99e9, 0x6127, 0x1002, 0x1949, 0x2a70, 0x3a0f, 0xa373, 0x3906, 0x0001, 0x1925, 0x0924, 0x0905, 0x08e4, 0x08e3, 0x3288,
    0x53ab, 0x0903, 0x08c4, 0x08c4, 0x00a3, 0x21c5, 0x536b, 0x536b, 0x19a5, 0x00a3, 0x08c4, 0x00a2, 0x3a88, 0x538b, 0x42e9, 0x00a2,
    0x00a3, 0x0083, 0x08c3, 0x4b0a, 0x42c9, 0x0041, 0x0082, 0x0062, 0x0042, 0x3247, 0x532b, 0x4ae9, 0x08a2, 0x0063, 0x0042, 0x1964,
    0x5b4b, 0x534b, 0x2184, 0x0021, 0x0042, 0x0042, 0x29a6, 0x5b8c, 0x08e3, 0x0021, 0x0043, 0x0022, 0x10c3, 0x534b, 0x3a48, 0x0001,
    0x0042, 0x0022, 0x0882, 0x4ac9, 0x5b4b, 0x3a67, 0x0001, 0x0022, 0x0022, 0x0022, 0x0022, 0x0022, 0x0022, 0x0022, 0x0041, 0x5b6b,
    0x08a1, 0x4b09, 0x3a27, 0x0001, 0x0062, 0x0021, 0x10c3, 0x42e9, 0x4308, 0x0021, 0x0843, 0x0062, 0x0042, 0x10c4, 0x42a8, 0x4b09,
    0x0000, 0x0042, 0x0042, 0x0000, 0x29c6, 0x3a47, 0x2a06, 0x42c8, 0x0020, 0x0883, 0x0082, 0x0083, 0x0063, 0x08c3, 0x5bcc, 0x0921,
    0x540b, 0x21e5, 0x0062, 0x00a3, 0x0062, 0x2184, 0x53aa, 0x21e5, 0x0061, 0x08a3, 0x00a3, 0x08e3, 0x3287, 0x4b8a, 0x00c3, 0x08c5,
    0x08c4, 0x00c2, 0x4b4b, 0x0982, 0x4349, 0x32c8, 0x00c3, 0x0904, 0x1104, 0x2a87, 0x4baa, 0x0922, 0x08e4, 0x0903, 0x08c3, 0x1985,
    0x4309, 0x32e8, 0x0103, 0x1125, 0x1124, 0x11c5, 0x438a, 0x09a2, 0x53eb, 0x1a25, 0x1164, 0x1164, 0x11c5, 0x3308, 0x3b49, 0x1164,
    0x1185, 0x1185, 0x1185, 0x19c6, 0x2207, 0x19c6, 0x19c6, 0x11a5, 0x19c6, 0x19c6, 0x19e6, 0x2267, 0x1a05, 0x2287, 0x1a26, 0x19e5,
    0x19e6, 0x19e5, 0x2aa8, 0x2287, 0x2287, 0x3309, 0x1a05, 0x1a26, 0x1205, 0x3308, 0x2b08, 0x22c6, 0x3b8a, 0x1a46, 0x1a46, 0x2246,
    0x2267, 0x2267, 0x2267, 0x2287, 0x2287, 0x2287, 0x2287, 0x22a7, 0x22a7, 0x22c8, 0x2268, 0x1103, 0x7bd0, 0x4a6b, 0x4a8b, 0x2966,
    0x08c3, 0x3288, 0x0903, 0x628a, 0x942f, 0x18a3, 0x3a29, 0x534d, 0x8514, 0x7c92, 0x638e, 0x636d, 0x632d, 0x5b0c, 0x3a28, 0x530c,
    0x4acb, 0x3a29, 0x42cb, 0x42aa, 0x42aa, 0x5bae, 0x6c30, 0x6c50, 0x74d2, 0x8575, 0x85d5, 0x85d5, 0x7dd5, 0x85d6, 0x430c, 0x5b6f,
    0x3a8b, 0x3a8b, 0x3a8b, 0x3a8b, 0x428c, 0x42cc, 0x3a8b, 0x538e, 0x95d6, 0x8595, 0x8574, 0x8575, 0x7cf4, 0x3a4a, 0x31e9, 0x3229,
    0x3a4a, 0x3229, 0x3a49, 0x3a4a, 0x3a4a, 0x3a6a, 0x3229, 0x2a09, 0x2a09, 0x8575, 0x7dd6, 0x7db5, 0x85d6, 0x436d, 0x3a8b, 0x324a,
    0x21e8, 0x2a29, 0x21e8, 0x21e9, 0x322a, 0x428b, 0x532e, 0x5b90, 0x3a8b, 0x2a29, 0x29c8, 0x2925, 0xa42d, 0xdd90, 0x6a88, 0xb48e,
    0x8b8b, 0x42aa, 0x74d3, 0x6c71, 0x3a8a, 0x2187, 0x2987, 0x3a29, 0x3a29, 0x3a08, 0x4a6a, 0x4aab, 0x4a8a, 0x4a8a, 0x4a8a, 0x4a8a,
    0x426a, 0x3a29, 0x428b, 0x2188, 0x18c5, 0x18a3, 0x9bcb, 0xccee, 0x82e8, 0xcced, 0xcccc, 0xcccb, 0xd52e, 0x6288, 0x2125, 0x29c8,
    0x3a6b, 0x324a, 0x324a, 0x324a, 0x324a, 0x324a, 0x324a, 0x324a, 0x322a, 0x322a, 0x534e, 0x63d0, 0x31a7, 0x42eb, 0x8db6, 0x432d,
    0x326a, 0x426b, 0x324a, 0x324a, 0x322a, 0x2a4a, 0x6d14, 0x7d95, 0x4baf, 0x10a4, 0x2945, 0x93ab, 0xd54e, 0xd54e, 0x4185, 0x1144,
    0x22a7, 0x2267, 0x1a66, 0x22c7, 0x43aa, 0x22a7, 0x1a26, 0x1a27, 0x1a06, 0x19e6, 0x2267, 0x3309, 0x1a26, 0x21e6, 0x0001, 0x4229,
    0xff7e, 0xed76, 0xfdd9, 0x82cd, 0x30c4, 0xdd16, 0xfdb8, 0xfd57, 0xfd57, 0xfd16, 0xfcf6, 0xfcd5, 0xfcd5, 0xfcb5, 0xfc95, 0xf4b5,
    0xecb5, 0xfcd6, 0xf4b5, 0xfcf6, 0xfd17, 0xfcb6, 0xfcd6, 0xfcf6, 0xfd57, 0xdcb4, 0x2821, 0x7187, 0xaa4a, 0xba8c, 0x7927, 0x5126,
    0x0802, 0x218a, 0x6ab1, 0x9b31, 0x1021, 0x0083, 0x1125, 0x0904, 0x0904, 0x0904, 0x1124, 0x2a67, 0x53cb, 0x0943, 0x08c4, 0x08e5,
    0x0062, 0x4b2a, 0x2224, 0x3286, 0x4b4a, 0x0081, 0x0083, 0x1163, 0x4b49, 0x00a0, 0x53cc, 0x1985, 0x0083, 0x0083, 0x1124, 0x4309,
    0x5329, 0x0041, 0x0083, 0x0062, 0x10e3, 0x538b, 0x0080, 0x5bab, 0x21a5, 0x0022, 0x0021, 0x42c8, 0x21a4, 0x2a05, 0x538b, 0x0001,
    0x0023, 0x0062, 0x21a5, 0x5bac, 0x1103, 0x0022, 0x0043, 0x0022, 0x1904, 0x4b0a, 0x4288, 0x0000, 0x0042, 0x0001, 0x29a5, 0x4b0a,
    0x00a0, 0x640c, 0x0882, 0x0022, 0x0022, 0x0022, 0x0022, 0x0022, 0x0022, 0x0022, 0x0862, 0x5329, 0x1102, 0x4b49, 0x3227, 0x0000,
    0x0042, 0x0042, 0x0001, 0x19a4, 0x4349, 0x0021, 0x0843, 0x0062, 0x0063, 0x0001, 0x1122, 0x4b29, 0x0000, 0x0042, 0x0042, 0x0000,
    0x2985, 0x29a5, 0x3247, 0x3a88, 0x0021, 0x0863, 0x0083, 0x0082, 0x0063, 0x1103, 0x4b49, 0x1122, 0x53aa, 0x29e6, 0x0042, 0x00a3,
    0x08a4, 0x0040, 0x3ac8, 0x2206, 0x0061, 0x08c3, 0x08e4, 0x0083, 0x0923, 0x4369, 0x00c2, 0x08c4, 0x08c4, 0x08e3, 0x4b2a, 0x11c3,
    0x4369, 0x32e8, 0x00c3, 0x1105, 0x08e4, 0x0962, 0x4389, 0x0923, 0x08e4, 0x0904, 0x0905, 0x00a2, 0x19c4, 0x3b08, 0x0102, 0x1145,
    0x0924, 0x1a05, 0x3b68, 0x1a44, 0x4bca, 0x1a46, 0x0964, 0x1185, 0x0964, 0x1204, 0x3b49, 0x1164, 0x1185, 0x1186, 0x1185, 0x11a5,
    0x11c5, 0x19c5, 0x19c6, 0x19c6, 0x19c6, 0x19c6, 0x19e6, 0x2247, 0x11e5, 0x22a7, 0x1a46, 0x11e5, 0x1a06, 0x19e5, 0x2287, 0x1a66,
    0x1a86, 0x3309, 0x1a26, 0x2247, 0x1a06, 0x3309, 0x22e7, 0x22e7, 0x3369, 0x1a66, 0x2266, 0x2267, 0x2267, 0x2267, 0x2287, 0x2287,
    0x2287, 0x2287, 0x22a7, 0x22a7, 0x22a7, 0x2ac8, 0x2247, 0x1924, 0x8411, 0x5aec, 0x52ec, 0x2946, 0x10a3, 0x3248, 0x0000, 0x730b,
    0x734c, 0x18e4, 0x3209, 0x6c10, 0xb679, 0x532c, 0x4249, 0x4a69, 0x4249, 0x3a28, 0x29a6, 0x31c7, 0x10e4, 0x0882, 0x18e4, 0x2126,
    0x18e5, 0x0862, 0x0883, 0x18e4, 0x1925, 0x1945, 0x6c91, 0x9617, 0x85f6, 0x85d6, 0x42ec, 0x534e, 0x3a6a, 0x428b, 0x3a8b, 0x428c,
    0x29c8, 0x2167, 0x2988, 0x29a7, 0x3a49, 0x3208, 0x31c7, 0x1104, 0x2987, 0x31e9, 0x2987, 0x2187, 0x2146, 0x29a8, 0x31c8, 0x2987,
    0x2166, 0x2166, 0x21a8, 0x2187, 0x324a, 0x4b8e, 0x6d13, 0x8df7, 0x538e, 0x3acc, 0x3a6b, 0x3aac, 0x74b3, 0x7492, 0x21e8, 0x3a6b,
    0x3a8b, 0x3a6b, 0x322a, 0x324a, 0x532e, 0x4acc, 0x29a8, 0x39c6, 0xbd0f, 0xc4ee, 0x6267, 0xc4ee, 0x6aa8, 0x2166, 0x3a8b, 0x2187,
    0x2166, 0x31c8, 0x3187, 0x31a7, 0x3187, 0x31a8, 0x2125, 0x31c8, 0x4aab, 0x428a, 0x428a, 0x428a, 0x426b, 0x426b, 0x3209, 0x29c9,
    0x2946, 0x10a3, 0x8b8a, 0xd52f, 0x8308, 0xcccd, 0xccec, 0xcccb, 0xd54e, 0x6aa9, 0x2125, 0x31c8, 0x3a4a, 0x322a, 0x324a, 0x324a,
    0x324a, 0x324a, 0x324a, 0x322a, 0x3a4a, 0x322a, 0x324a, 0x534e, 0x3a09, 0x3249, 0x5bf0, 0x4b4e, 0x324a, 0x3a4a, 0x324a, 0x324a,
    0x3a2a, 0x2a09, 0x6cf3, 0x7d95, 0x53cf, 0x10c5, 0x2125, 0x8329, 0xd54e, 0xd54e, 0x49c5, 0x0924, 0x2aa8, 0x2267, 0x1a67, 0x1225,
    0x3b89, 0x22c7, 0x1a26, 0x1a27, 0x1a26, 0x1a06, 0x09a4, 0x2ac8, 0x1a26, 0x19c6, 0x0000, 0x526a, 0xff7e, 0xf597, 0xe537, 0x2063,
    0x0000, 0x936f, 0xfdf9, 0xfd57, 0xfd36, 0xfcf6, 0xfcd6, 0xfcd5, 0xfcb5, 0xf474, 0xfcd6, 0x828b, 0x20c3, 0xbbf1, 0xfcf6, 0xfcd5,
    0xfcd5, 0xfcf5, 0xfd16, 0xfd16, 0xfd36, 0xfd98, 0x5166, 0x3062, 0x89a8, 0xaa4b, 0x8168, 0x7167, 0x40c4, 0x0001, 0x8b11, 0x6a2c,
    0x0000, 0x10e4, 0x1105, 0x1104, 0x0904, 0x0905, 0x0904, 0x0102, 0x4baa, 0x1163, 0x08c4, 0x08e4, 0x0082, 0x4329, 0x1a04, 0x3ac8,
    0x4329, 0x0081, 0x0062, 0x19a4, 0x3ac7, 0x1143, 0x53cb, 0x21c5, 0x0062, 0x08a4, 0x0062, 0x19a4, 0x5349, 0x0062, 0x08a3, 0x0062,
    0x1944, 0x4309, 0x10e2, 0x538a, 0x29c5, 0x0001, 0x0021, 0x3aa7, 0x2a05, 0x3ac7, 0x4b69, 0x0021, 0x0043, 0x0042, 0x0040, 0x4b4a,
    0x1123, 0x0022, 0x0042, 0x0062, 0x0000, 0x29a4, 0x4288, 0x0000, 0x0042, 0x0000, 0x29c5, 0x3aa7, 0x1963, 0x5beb, 0x0882, 0x0001,
    0x0022, 0x0022, 0x0022, 0x0022, 0x0022, 0x0022, 0x0861, 0x536a, 0x3226, 0x3a87, 0x3a48, 0x0000, 0x0042, 0x0043, 0x0002, 0x21c5,
    0x4b6a, 0x0041, 0x0843, 0x0062, 0x0062, 0x0002, 0x1984, 0x4b29, 0x0021, 0x0042, 0x0042, 0x0001, 0x2165, 0x4288, 0x3226, 0x3a88,
    0x0021, 0x0864, 0x0883, 0x0883, 0x0063, 0x1102, 0x53aa, 0x2a26, 0x4308, 0x29e6, 0x0042, 0x00a3, 0x08c4, 0x00a2, 0x4329, 0x2a46,
    0x00a2, 0x08c4, 0x08c3, 0x0883, 0x1144, 0x4b6a, 0x00c3, 0x08a4, 0x08c4, 0x00e2, 0x4b4a, 0x32c7, 0x2aa6, 0x3b29, 0x00c3, 0x1105,
    0x08e4, 0x0983, 0x4b8a, 0x0944, 0x08e4, 0x0904, 0x1105, 0x00c3, 0x2206, 0x3b09, 0x0123, 0x1145, 0x0925, 0x11e4, 0x43a9, 0x2ac7,
    0x3b48, 0x2266, 0x0965, 0x1986, 0x1165, 0x1a25, 0x3b49, 0x1184, 0x1185, 0x1186, 0x11a6, 0x11a5, 0x19e5, 0x11c5, 0x19c6, 0x19c6,
    0x19c5, 0x19c6, 0x19e6, 0x2267, 0x1205, 0x2ac7, 0x1a66, 0x1205, 0x1a06, 0x19e5, 0x2aa7, 0x22a6, 0x1a86, 0x3329, 0x1a46, 0x2247,
    0x1a26, 0x2b08, 0x3349, 0x22c6, 0x3369, 0x1a66, 0x2267, 0x2267, 0x2287, 0x2287, 0x2287, 0x2287, 0x2287, 0x22a7, 0x22a7, 0x22a7,
    0x22c7, 0x2ae8, 0x2247, 0x1904, 0x7bd0, 0x52cc, 0x4aab, 0x3187, 0x18c4, 0x1124, 0x2924, 0x72e9, 0x4a06, 0x2146, 0x31c8, 0x52ec,
    0x7431, 0x84f3, 0x84d3, 0x84f3, 0x84f3, 0x8d13, 0x8d14, 0x84d3, 0x7c92, 0x7472, 0x7451, 0x530d, 0x2987, 0x39e8, 0x4229, 0x5b2d,
    0x73d0, 0x6bf0, 0x6c92, 0x7513, 0x7534, 0x74f3, 0x328b, 0x42ab, 0x3229, 0x3a6a, 0x3a6b, 0x428c, 0x31e9, 0x2167, 0x18e5, 0x18e5,
    0x2125, 0x2145, 0x18e4, 0x18c4, 0x18e5, 0x18e5, 0x1905, 0x29a8, 0x39c9, 0x2946, 0x1905, 0x2126, 0x2126, 0x10c4, 0x1905, 0x428b,
    0x3a4a, 0x19e8, 0x2a8a, 0x74b2, 0x326a, 0x3a8b, 0x3aac, 0x7472, 0x4b8e, 0x3aec, 0x3229, 0x426b, 0x3a6a, 0x3a8b, 0x42ab, 0x3a8b,
    0x3a2a, 0x3a2a, 0x3a09, 0x4a27, 0xddf2, 0xa40b, 0x6268, 0xc4ee, 0x41a5, 0x29c8, 0x31e9, 0x2126, 0x5aec, 0x4a6a, 0x4a6a, 0x4a4a,
    0x4a6a, 0x528b, 0x52ac, 0x10a4, 0x2987, 0x31e8, 0x29c8, 0x31c8, 0x29c8, 0x29c8, 0x320a, 0x5b6f, 0x2946, 0x1083, 0x834a, 0xd54f,
    0x72c8, 0xbc8d, 0xccec, 0xcccb, 0xd54e, 0x6ac9, 0x2105, 0x29a8, 0x3a4a, 0x322a, 0x322a, 0x322a, 0x322a, 0x322a, 0x322a, 0x3a2a,
    0x3a2a, 0x3a2a, 0x3229, 0x428b, 0x3a09, 0x3a6a, 0x3a8b, 0x326a, 0x3a4b, 0x322a, 0x324a, 0x324a, 0x3a4a, 0x2a09, 0x64b2, 0x7595,
    0x5c31, 0x10e5, 0x2125, 0x7309, 0xd54e, 0xdd4e, 0x5206, 0x0903, 0x2ac8, 0x2267, 0x1a67, 0x1246, 0x43aa, 0x22c7, 0x1a26, 0x1a27,
    0x1a26, 0x1a06, 0x1205, 0x2ac8, 0x1a26, 0x19a6, 0x0000, 0x62ec, 0xff3d, 0xf597, 0xccb4, 0x1822, 0x0001, 0x8b2e, 0xfdd9, 0xecd5,
    0xcbf1, 0xfcf6, 0xfcb5, 0xfcb5, 0xfc95, 0xfcb5, 0xd453, 0x1862, 0x0000, 0x51c8, 0xfd37, 0xfcd5, 0xfd15, 0xfd16, 0xfd16, 0xfd16,
    0xfd16, 0xfd77, 0xc432, 0x1820, 0x6146, 0x8988, 0x7967, 0x8127, 0x79a8, 0x3083, 0x4107, 0x20c5, 0x0022, 0x1925, 0x1104, 0x0904,
    0x0904, 0x08e4, 0x0904, 0x0944, 0x53cb, 0x1184, 0x08c4, 0x08c4, 0x00a2, 0x3b08, 0x3ae8, 0x2a06, 0x4309, 0x0061, 0x0063, 0x1184,
    0x4baa, 0x21c5, 0x4b49, 0x2a06, 0x0062, 0x08a4, 0x0082, 0x21e5, 0x536a, 0x0082, 0x08c4, 0x0042, 0x1944, 0x5bcc, 0x29a5, 0x3ac8,
    0x2a06, 0x0001, 0x0021, 0x3ac7, 0x4309, 0x2a05, 0x4b8a, 0x0021, 0x0043, 0x0043, 0x0081, 0x4b4a, 0x1144, 0x0022, 0x0043, 0x0042,
    0x0001, 0x3206, 0x42a8, 0x0000, 0x0042, 0x0000, 0x29a5, 0x538a, 0x21a4, 0x538a, 0x10a3, 0x0021, 0x0022, 0x0022, 0x0022, 0x0022,
    0x0022, 0x0022, 0x0041, 0x63ec, 0x1102, 0x2a26, 0x3a48, 0x0001, 0x0042, 0x0843, 0x0001, 0x1984, 0x4329, 0x0000, 0x0043, 0x0063,
    0x0062, 0x0001, 0x1144, 0x4b0a, 0x0000, 0x0042, 0x0863, 0x0001, 0x29a6, 0x42c9, 0x1983, 0x42a9, 0x0020, 0x0883, 0x0883, 0x0883,
    0x0063, 0x00c2, 0x642d, 0x0922, 0x42e9, 0x3207, 0x0062, 0x08a3, 0x08c4, 0x00a1, 0x4329, 0x2225, 0x0082, 0x08c4, 0x08a3, 0x0083,
    0x0922, 0x436a, 0x00a1, 0x08a4, 0x08c4, 0x00e2, 0x53ac, 0x11e3, 0x2265, 0x3b09, 0x00c2, 0x0905, 0x0904, 0x0142, 0x4b6a, 0x0943,
    0x0904, 0x1104, 0x1124, 0x00e2, 0x19e5, 0x32e8, 0x0102, 0x1145, 0x0925, 0x11a4, 0x4bcb, 0x09c3, 0x3b69, 0x1a46, 0x0944, 0x1966,
    0x0965, 0x1204, 0x3b49, 0x0964, 0x11a5, 0x11a6, 0x11a6, 0x11c6, 0x19e6, 0x19e6, 0x11c5, 0x11c5, 0x19e6, 0x19e6, 0x19e6, 0x2267,
    0x1205, 0x2aa8, 0x1a46, 0x1a06, 0x1a26, 0x1a06, 0x2ac8, 0x2286, 0x1a66, 0x3329, 0x1a26, 0x2247, 0x1a26, 0x3308, 0x2b28, 0x1aa6,
    0x3b8a, 0x1a66, 0x2267, 0x2267, 0x2287, 0x2287, 0x2287, 0x22a7, 0x22a7, 0x22a7, 0x22c7, 0x22c7, 0x22c7, 0x22e8, 0x2247, 0x1904,
    0x6b8f, 0x5acc, 0x4a6b, 0x31a8, 0x1884, 0x0041, 0xcdb3, 0xd591, 0x7b0a, 0x18a2, 0x1904, 0x10e4, 0x10e4, 0x10e4, 0x10e4, 0x10e5,
    0x1105, 0x1925, 0x2146, 0x2166, 0x21a7, 0x29c7, 0x29c8, 0x3229, 0x31c8, 0x2125, 0x31c8, 0x3a09, 0x2126, 0x2166, 0x3209, 0x3209,
    0x2a09, 0x29e9, 0x29e9, 0x29e9, 0x29e9, 0x3229, 0x3a2a, 0x3a4a, 0x3a4a, 0x3a6a, 0x3a4a, 0x3a4b, 0x3a4a, 0x3a49, 0x3a4a, 0x3a6b,
    0x426a, 0x3a6a, 0x424a, 0x31c8, 0x18e5, 0x2146, 0x2166, 0x2167, 0x2987, 0x3209, 0x3a4a, 0x3a4a, 0x3a6b, 0x3a6b, 0x2a29, 0x2a09,
    0x2a0a, 0x324a, 0x3a8b, 0x3a4a, 0x3a6a, 0x3a6b, 0x428b, 0x3a8b, 0x3a8b, 0x3a6b, 0x3a6b, 0x3a8b, 0x3a4a, 0x31c8, 0x2105, 0x836b,
    0xf653, 0x8b4b, 0x7b08, 0xbcce, 0x2924, 0x3209, 0x2146, 0x2146, 0x52ec, 0x5aec, 0x5aec, 0x5aec, 0x5aec, 0x52cc, 0x422a, 0x2146,
    0x2146, 0x3a2a, 0x3209, 0x3209, 0x3209, 0x3209, 0x322a, 0x3229, 0x10e4, 0x18c4, 0x72e9, 0xdd70, 0x72a8, 0xb46c, 0xd4ec, 0xcccb,
    0xd52d, 0x8309, 0x2105, 0x29a8, 0x324a, 0x322a, 0x324a, 0x322a, 0x322a, 0x322a, 0x324a, 0x324a, 0x324a, 0x324a, 0x322a, 0x3a8b,
    0x3a2a, 0x2167, 0x324a, 0x2a09, 0x3a6b, 0x322a, 0x322a, 0x322a, 0x3a4a, 0x2209, 0x6cb2, 0x85d6, 0x6492, 0x1105, 0x2125, 0x6ae9,
    0xd52d, 0xdd4e, 0x5a27, 0x00a2, 0x2ac8, 0x2267, 0x2288, 0x1246, 0x3ba9, 0x22a6, 0x1a25, 0x1a26, 0x1a27, 0x1a26, 0x11e5, 0x2ac8,
    0x1a66, 0x19a6, 0x0000, 0x8c31, 0xfe9a, 0xf516, 0xcc94, 0x1002, 0x0000, 0x936f, 0xfd98, 0xc412, 0x8b0d, 0xfd37, 0xfc95, 0xf4d5,
    0xf4b5, 0xfcf6, 0xbbf1, 0x0822, 0x0802, 0x49a8, 0xfd77, 0xfcf5, 0xfcf6, 0xfd16, 0xfd16, 0xfd16, 0xfcf6, 0xfd16, 0xd412, 0x2041,
    0x5925, 0x8967, 0x8187, 0x7167, 0x48a4, 0x30a4, 0x1002, 0x0002, 0x10e5, 0x1966, 0x1124, 0x0904, 0x0905, 0x0904, 0x0903, 0x0102,
    0x4b8b, 0x0942, 0x08c4, 0x08c5, 0x0082, 0x4b49, 0x2a86, 0x1163, 0x4b6b, 0x0082, 0x08a3, 0x1163, 0x5c4d, 0x0100, 0x4b4a, 0x21c6,
    0x0082, 0x08c4, 0x0061, 0x21a4, 0x534a, 0x0060, 0x08c4, 0x0063, 0x1103, 0x644d, 0x00c0, 0x42e9, 0x2a06, 0x0021, 0x0001, 0x42e8,
    0x3266, 0x1942, 0x5b6b, 0x0021, 0x0043, 0x0063, 0x0040, 0x432a, 0x1103, 0x0022, 0x0043, 0x0063, 0x0000, 0x29c5, 0x3a87, 0x0000,
    0x0842, 0x0001, 0x29c5, 0x5bab, 0x0060, 0x5bac, 0x08a3, 0x0021, 0x0022, 0x0022, 0x0022, 0x0022, 0x0022, 0x0042, 0x0021, 0x3a68,
    0x530a, 0x536a, 0x1943, 0x0022, 0x0042, 0x0022, 0x10c3, 0x4b0a, 0x5bcc, 0x29c6, 0x0002, 0x0043, 0x0022, 0x10c3, 0x4b0a, 0x5bec,
    0x29e6, 0x0022, 0x0863, 0x0021, 0x1103, 0x534b, 0x534a, 0x29c6, 0x0041, 0x0083, 0x0883, 0x0883, 0x0883, 0x0062, 0x42c8, 0x536a,
    0x53ab, 0x1144, 0x0883, 0x08c4, 0x00a3, 0x21e6, 0x5bec, 0x536a, 0x1104, 0x00a3, 0x00a3, 0x08a2, 0x3aa8, 0x5bec, 0x2a07, 0x00a3,
    0x08e3, 0x00a3, 0x3268, 0x4329, 0x4b6a, 0x19a5, 0x08c3, 0x08e4, 0x0904, 0x32c8, 0x540c, 0x32e8, 0x0945, 0x0925, 0x0924, 0x19a5,
    0x434a, 0x4bca, 0x2226, 0x0924, 0x1145, 0x0963, 0x3b08, 0x3b09, 0x434a, 0x11a4, 0x1165, 0x1165, 0x19c5, 0x3b28, 0x4bab, 0x2a47,
    0x11a5, 0x19a6, 0x19a6, 0x19c6, 0x2247, 0x2a68, 0x1a06, 0x19e6, 0x19e6, 0x19e6, 0x19e6, 0x2267, 0x2287, 0x2a88, 0x1a26, 0x1a06,
    0x1a06, 0x1a06, 0x2a87, 0x3309, 0x3308, 0x2ac8, 0x1a26, 0x2227, 0x1a26, 0x22a7, 0x3b8a, 0x3b6a, 0x3309, 0x1a66, 0x2287, 0x2287,
    0x2287, 0x2287, 0x22a7, 0x22a7, 0x22a7, 0x22c7, 0x22c7, 0x22c7, 0x22c7, 0x2b08, 0x2247, 0x1904, 0x634d, 0x52ab, 0x4229, 0x39c9,
    0x0021, 0x39a6, 0xf6d7, 0x8b49, 0x93cd, 0xbd31, 0x8bcc, 0x83ad, 0x8bed, 0x8bee, 0x8bee, 0x83cd, 0x83ad, 0x7b6c, 0x732b, 0x62ca,
    0x5289, 0x5289, 0x5289, 0x5268, 0x5289, 0x5248, 0x3165, 0x2925, 0x39c7, 0x2987, 0x10a3, 0x18e4, 0x2125, 0x2125, 0x2925, 0x2926,
    0x2125, 0x2125, 0x2145, 0x2146, 0x2166, 0x1926, 0x1925, 0x2126, 0x2146, 0x2987, 0x29a7, 0x29a7, 0x29a7, 0x29a7, 0x29a7, 0x31c8,
    0x31c8, 0x2146, 0x10c4, 0x2966, 0x31a8, 0x10c5, 0x2146, 0x3a0a, 0x3a0a, 0x3a09, 0x3a09, 0x3a09, 0x31e9, 0x31e9, 0x3209, 0x322a,
    0x3a2a, 0x3a4a, 0x3a2a, 0x3a2a, 0x322a, 0x3209, 0x29e9, 0x29c9, 0x1946, 0x2145, 0x2904, 0xd5d3, 0xe5d1, 0x82ea, 0x93cb, 0xac4c,
    0x2104, 0x3229, 0x1925, 0x1905, 0x52cc, 0x630c, 0x5b0c, 0x5b0c, 0x5b0c, 0x5b0d, 0x31a8, 0x1905, 0x2987, 0x52cc, 0x4aab, 0x4aab,
    0x4aab, 0x4aab, 0x3229, 0x428b, 0x1925, 0x18c4, 0x6288, 0xdd90, 0x8309, 0xac4c, 0xd4ec, 0xcccb, 0xd52d, 0x93ab, 0x2125, 0x2987,
    0x324a, 0x322a, 0x324a, 0x322a, 0x322a, 0x322a, 0x322a, 0x322a, 0x322a, 0x322a, 0x322a, 0x3a4a, 0x424a, 0x2167, 0x3a4a, 0x2a09,
    0x324a, 0x322a, 0x322a, 0x322a, 0x324a, 0x2a09, 0x430c, 0x7514, 0x53af, 0x1946, 0x2105, 0x6ac9, 0xd52d, 0xdd4d, 0x6ac8, 0x00a1,
    0x2ac8, 0x2286, 0x2287, 0x3329, 0x4c2b, 0x3b69, 0x1a46, 0x1a26, 0x1a26, 0x1a06, 0x2287, 0x3309, 0x32e9, 0x10e4, 0x0001, 0xd67a,
    0xf5d8, 0xf4f5, 0xed57, 0x4167, 0x28a3, 0xdcb5, 0xfd78, 0x6229, 0x936e, 0xfd58, 0xfcb5, 0xfcf5, 0xfcf5, 0xfd57, 0xc432, 0x1042,
    0x0802, 0x51e9, 0xfdb8, 0xfd16, 0xfd16, 0xfcf6, 0xfcf6, 0xfcf6, 0xfcf5, 0xfcf6, 0xd3d1, 0x2061, 0x6126, 0x89a8, 0x6146, 0x1000,
    0x3945, 0x49e8, 0x1863, 0x0802, 0x18e5, 0x2166, 0x1125, 0x1125, 0x0905, 0x08e4, 0x00e3, 0x3a89, 0x640d, 0x3a88, 0x00c3, 0x08a3,
    0x00a2, 0x2205, 0x53ab, 0x538a, 0x2a46, 0x00a3, 0x10e4, 0x00c2, 0x434a, 0x4b4a, 0x534a, 0x08e2, 0x00a3, 0x00a3, 0x1124, 0x4b4a,
    0x640d, 0x29e6, 0x0062, 0x00a3, 0x0061, 0x4b29, 0x4b2a, 0x536b, 0x08e2, 0x0063, 0x0042, 0x1984, 0x534b, 0x534b, 0x3206, 0x0021,
    0x0062, 0x0041, 0x3227, 0x5bec, 0x4aea, 0x0862, 0x0022, 0x0021, 0x1924, 0x5b6c, 0x63cd, 0x2165, 0x0021, 0x0022, 0x08c2, 0x5b6b,
    0x534a, 0x4ae9, 0x0021, 0x0022, 0x0022, 0x0022, 0x0022, 0x0022, 0x0022, 0x0022, 0x0022, 0x0041, 0x2144, 0x10e2, 0x0021, 0x0022,
    0x0042, 0x0042, 0x0062, 0x1103, 0x08e2, 0x08a2, 0x0022, 0x0042, 0x0022, 0x0862, 0x1123, 0x1143, 0x10e3, 0x0042, 0x0063, 0x0063,
    0x0062, 0x1103, 0x1943, 0x0062, 0x0083, 0x0063, 0x0083, 0x0083, 0x0883, 0x0883, 0x0082, 0x21a5, 0x1123, 0x0082, 0x08a4, 0x08c4,
    0x08c3, 0x0924, 0x1163, 0x1164, 0x08e3, 0x00a3, 0x08a3, 0x08c3, 0x1164, 0x1163, 0x1144, 0x08c4, 0x08e4, 0x08e4, 0x00e3, 0x19a5,
    0x1144, 0x00c3, 0x08e4, 0x08c4, 0x0904, 0x11a5, 0x11c4, 0x11c5, 0x0945, 0x0945, 0x1145, 0x1185, 0x19e6, 0x19e5, 0x11a5, 0x1144,
    0x1145, 0x0944, 0x0963, 0x2206, 0x1185, 0x1164, 0x1185, 0x1165, 0x19a5, 0x2206, 0x1a06, 0x1a06, 0x11a5, 0x19a6, 0x19c6, 0x19c6,
    0x19e6, 0x19e6, 0x19e6, 0x19e6, 0x19e6, 0x19e6, 0x19e6, 0x1a06, 0x1a26, 0x1a06, 0x1a06, 0x1a06, 0x1a06, 0x1a26, 0x1a26, 0x2267,
    0x2287, 0x1a46, 0x1a46, 0x2247, 0x2247, 0x1a46, 0x22a7, 0x22a7, 0x2266, 0x2287, 0x2287, 0x2287, 0x2287, 0x22a7, 0x22a7, 0x22c7,
    0x22c7, 0x22c7, 0x22c7, 0x22c7, 0x22e7, 0x2b08, 0x2246, 0x1904, 0x632e, 0x528b, 0x39e9, 0x39c9, 0x0001, 0x83ac, 0xfeb6, 0x6246,
    0x2903, 0x5227, 0x5227, 0x5206, 0x5a47, 0x5a48, 0x5a68, 0x6289, 0x62a9, 0x62a9, 0x62a9, 0x6ac9, 0x730a, 0x7b4b, 0x838c, 0x83ac,
    0x8bcd, 0x8bed, 0x8c0e, 0x736c, 0x2103, 0x18c4, 0x2966, 0x4207, 0xa4f1, 0xacf1, 0xacd1, 0xacb0, 0x9c4f, 0x9c4f, 0x7bad, 0x18a3,
    0x18c4, 0x838d, 0x940d, 0x8bcc, 0x838c, 0x7b8d, 0x736b, 0x6b2b, 0x6b0a, 0x62ca, 0x5a89, 0x4a07, 0x41a5, 0x41a6, 0x3165, 0x2924,
    0x3166, 0x4a49, 0x31a7, 0x10a3, 0x2125, 0x2124, 0x10c3, 0x18e3, 0x18e4, 0x18e4, 0x1905, 0x1905, 0x2125, 0x2125, 0x2146, 0x2966,
    0x2967, 0x2146, 0x2125, 0x10e4, 0x10a3, 0xc5d4, 0x942e, 0x8b6a, 0xdd90, 0x6a47, 0xb48e, 0x938b, 0x2105, 0x426b, 0x2146, 0x18e5,
    0x528b, 0x5aec, 0x5aec, 0x5b0c, 0x5b0c, 0x52ac, 0x2146, 0x2146, 0x2146, 0x52cb, 0x4aaa, 0x4aaa, 0x4aaa, 0x4aaa, 0x3208, 0x4acb,
    0x2145, 0x18c4, 0x5206, 0xdd90, 0x8b69, 0xac2c, 0xd4ec, 0xcccb, 0xd50c, 0x9beb, 0x2925, 0x29a8, 0x322a, 0x322a, 0x324a, 0x3a2a,
    0x322a, 0x324a, 0x322a, 0x322a, 0x322a, 0x322a, 0x322a, 0x322a, 0x426a, 0x2166, 0x324a, 0x2a09, 0x322a, 0x322a, 0x322a, 0x324a,
    0x324a, 0x3a4a, 0x324a, 0x326b, 0x3a6b, 0x1926, 0x2146, 0x6ac9, 0xd54e, 0xdd4d, 0x8349, 0x0081, 0x2aa8, 0x2287, 0x2287, 0x22c7,
    0x22c6, 0x22a7, 0x1a66, 0x2247, 0x2247, 0x1a46, 0x2267, 0x1a66, 0x2227, 0x0000, 0x4a6a, 0xff7e, 0xed16, 0xfcf6, 0xfd16, 0xecf5,
    0xdcb5, 0xfd78, 0x932e, 0x20e3, 0xe597, 0xf4d5, 0xfcf6, 0xfd16, 0xfd16, 0xfd57, 0xe516, 0x28a3, 0x0000, 0xa3b0, 0xfd98, 0xfd16,
    0xfd16, 0xfcf6, 0xfcf6, 0xfcf6, 0xf4d5, 0xfcf6, 0xdc33, 0x2082, 0x5166, 0x5946, 0x1020, 0xa431, 0xfe9b, 0xfe7c, 0xe61a, 0x41a8,
    0x0001, 0x1987, 0x1166, 0x1125, 0x0905, 0x08e4, 0x08e3, 0x1144, 0x1144, 0x1144, 0x08c3, 0x08a3, 0x08c3, 0x00c2, 0x1985, 0x19a5,
    0x00e2, 0x08e4, 0x10c5, 0x08c3, 0x00e2, 0x21a5, 0x08e2, 0x00a2, 0x08a3, 0x00a3, 0x08e3, 0x1164, 0x1143, 0x0903, 0x0083, 0x0083,
    0x0082, 0x08c2, 0x21a5, 0x08e3, 0x0082, 0x0063, 0x0063, 0x0041, 0x1104, 0x1924, 0x0041, 0x0042, 0x0062, 0x0041, 0x10e3, 0x0902,
    0x10e2, 0x0062, 0x0042, 0x0021, 0x08a2, 0x1123, 0x1104, 0x08a3, 0x0021, 0x0042, 0x0001, 0x0881, 0x1944, 0x0061, 0x0022, 0x0022,
    0x0022, 0x0022, 0x0022, 0x0022, 0x0022, 0x0022, 0x0022, 0x0022, 0x0022, 0x0022, 0x0043, 0x0042, 0x0022, 0x0022, 0x0022, 0x0021,
    0x0021, 0x0001, 0x0022, 0x0041, 0x0042, 0x0022, 0x0021, 0x0042, 0x0022, 0x0062, 0x0063, 0x0043, 0x0063, 0x0063, 0x0062, 0x0062,
    0x0083, 0x0063, 0x0083, 0x0083, 0x0883, 0x0063, 0x08a3, 0x0062, 0x0083, 0x00a4, 0x08a3, 0x08a3, 0x08c4, 0x00a4, 0x00a3, 0x00a3,
    0x00a3, 0x08a3, 0x08a4, 0x08c4, 0x00c3, 0x08c3, 0x08c4, 0x08c4, 0x08e5, 0x08e4, 0x08e4, 0x08c3, 0x08c4, 0x08e4, 0x08e3, 0x08e4,
    0x08e4, 0x08e4, 0x0904, 0x1104, 0x1124, 0x1144, 0x1145, 0x1145, 0x1145, 0x1165, 0x0965, 0x1165, 0x1145, 0x1145, 0x1165, 0x0944,
    0x1164, 0x1165, 0x1185, 0x1185, 0x1185, 0x1186, 0x1185, 0x11a5, 0x19a6, 0x19a6, 0x19c6, 0x19c6, 0x19c6, 0x19e6, 0x19e6, 0x19e6,
    0x19e6, 0x19e6, 0x19e6, 0x1a06, 0x1a06, 0x1a06, 0x1a06, 0x1a26, 0x2227, 0x1a46, 0x1a46, 0x1a46, 0x1a46, 0x1a46, 0x2247, 0x2247,
    0x2247, 0x2267, 0x1a67, 0x1a66, 0x2287, 0x2287, 0x2287, 0x2287, 0x22a7, 0x22a7, 0x22c7, 0x22c7, 0x22c7, 0x22c7, 0x22e7, 0x22e7,
    0x22e7, 0x2b28, 0x2246, 0x18e3, 0x632e, 0x4a4a, 0x31c8, 0x3188, 0x0000, 0xb4d1, 0xe5f2, 0x5206, 0x83ad, 0x8bad, 0x836b, 0x93ed,
    0x836c, 0x730a, 0x730a, 0x730a, 0x730b, 0x730a, 0x6aea, 0x6ac9, 0x6ac9, 0x62a9, 0x62a8, 0x6288, 0x5a68, 0x5a47, 0x5207, 0x4a27,
    0x5268, 0x4207, 0x3986, 0x18a2, 0x3145, 0x5a68, 0x4a06, 0x49e6, 0x41c6, 0x41c6, 0x2924, 0x3186, 0x31a8, 0x3965, 0x62a8, 0x6aa8,
    0x6ac9, 0x730a, 0x734a, 0x732a, 0x7b2b, 0x732b, 0x7b4b, 0x838c, 0x8bcd, 0x93ed, 0x9c4e, 0xa4d1, 0x7b8c, 0x18c3, 0x31a7, 0x4229,
    0x2904, 0x83ce, 0xa4b1, 0x9c70, 0x9c6f, 0x9c6f, 0x942f, 0x8c0d, 0x83cc, 0x838c, 0x7b6b, 0x7b4b, 0x734c, 0x734b, 0x7bad, 0x7b6c,
    0x6288, 0xff77, 0x8b8a, 0x72c9, 0xbcef, 0x59e6, 0xc4cf, 0x6aa8, 0x2167, 0x426b, 0x2167, 0x18e4, 0x4a4a, 0x5aec, 0x52ec, 0x5aec,
    0x5b0d, 0x4a6b, 0x2146, 0x2946, 0x2125, 0x52cb, 0x4aaa, 0x4aaa, 0x4aaa, 0x4a8a, 0x3a08, 0x52cb, 0x2146, 0x10c4, 0x49e6, 0xdd90,
    0x9baa, 0xa3eb, 0xd50d, 0xcccb, 0xd4ec, 0xa42c, 0x2104, 0x2967, 0x3209, 0x324a, 0x322a, 0x3a2a, 0x322a, 0x324a, 0x324a, 0x324a,
    0x324a, 0x322a, 0x324a, 0x322a, 0x4aab, 0x2187, 0x3a6a, 0x3229, 0x322a, 0x322a, 0x3229, 0x3209, 0x3209, 0x29c8, 0x29a8, 0x29a8,
    0x2147, 0x2147, 0x3166, 0x7b2a, 0xdd4f, 0xdd2d, 0x9bcb, 0x0061, 0x2a68, 0x2267, 0x2267, 0x1a67, 0x1a86, 0x1a86, 0x2287, 0x2287,
    0x2267, 0x2267, 0x1a46, 0x2267, 0x1965, 0x0000, 0xb596, 0xfedb, 0xf4b5, 0xfcd6, 0xfcb5, 0xfcb5, 0xf516, 0x7aab, 0x1082, 0xbd96,
    0xfdf9, 0xf4d5, 0xfd36, 0xfd16, 0xfd36, 0xfd16, 0xfd98, 0xb411, 0x9b4e, 0xf598, 0xfd17, 0xfd36, 0xfd16, 0xfd16, 0xfd16, 0xfcf6,
    0xfcf5, 0xfcf6, 0xec33, 0x4925, 0x0000, 0x0800, 0x9b6f, 0xfdb9, 0xa30e, 0x928c, 0xe537, 0xd5b8, 0x0842, 0x10e5, 0x1966, 0x1125,
    0x0905, 0x08e4, 0x08e3, 0x00c2, 0x00c3, 0x00a3, 0x08c3, 0x08c4, 0x08c4, 0x00c4, 0x00c3, 0x00c3, 0x08e4, 0x08c5, 0x08c4, 0x08c4,
    0x00c3, 0x00a2, 0x00a3, 0x08a3, 0x0884, 0x08a4, 0x00a3, 0x0083, 0x0083, 0x0062, 0x0083, 0x0883, 0x0882, 0x0083, 0x0062, 0x0083,
    0x0883, 0x0063, 0x0062, 0x0063, 0x0042, 0x0021, 0x0042, 0x0042, 0x0042, 0x0043, 0x0022, 0x0021, 0x0021, 0x0021, 0x0022, 0x0022,
    0x0021, 0x0021, 0x0041, 0x0022, 0x0022, 0x0022, 0x0042, 0x0022, 0x0001, 0x0022, 0x0022, 0x0022, 0x0022, 0x0022, 0x0022, 0x0022,
    0x0022, 0x0022, 0x0022, 0x0023, 0x0001, 0x0022, 0x0042, 0x0042, 0x0822, 0x0022, 0x0022, 0x0001, 0x0001, 0x0042, 0x0042, 0x0042,
    0x0042, 0x0043, 0x0041, 0x0022, 0x0843, 0x0062, 0x0063, 0x0063, 0x0863, 0x0042, 0x0021, 0x0062, 0x0883, 0x0083, 0x0082, 0x0082,
    0x0083, 0x0083, 0x0082, 0x0061, 0x0063, 0x08a4, 0x08c3, 0x08a3, 0x08a3, 0x08a3, 0x0063, 0x00a3, 0x00a3, 0x08a4, 0x08c4, 0x08e4,
    0x00c3, 0x00a3, 0x08e5, 0x08e4, 0x08e4, 0x08e4, 0x08e4, 0x00c3, 0x08e4, 0x08e4, 0x08e4, 0x08e4, 0x08e3, 0x00e3, 0x00e3, 0x1124,
    0x1125, 0x1145, 0x1145, 0x1165, 0x0924, 0x0944, 0x1165, 0x1165, 0x1145, 0x1165, 0x0944, 0x0923, 0x0944, 0x1165, 0x1185, 0x1185,
    0x1185, 0x1185, 0x11a5, 0x11c6, 0x19c6, 0x19c6, 0x19c6, 0x19e6, 0x19e6, 0x19c6, 0x19e6, 0x1a06, 0x1a06, 0x1a06, 0x1a06, 0x1a06,
    0x1a06, 0x1a06, 0x1a26, 0x1a26, 0x1a26, 0x1a46, 0x1a46, 0x1a47, 0x2247, 0x1a47, 0x2247, 0x2267, 0x2267, 0x2267, 0x2267, 0x2287,
    0x2287, 0x2287, 0x2287, 0x22a7, 0x22a7, 0x22c7, 0x22c7, 0x22c7, 0x22c7, 0x22e7, 0x22e7, 0x22e7, 0x2308, 0x2b28, 0x2267, 0x10c3,
    0x630d, 0x4209, 0x31a8, 0x2146, 0x0000, 0xcd93, 0xc52f, 0x20e2, 0x5227, 0x93cc, 0x832a, 0xb4cf, 0x8b8b, 0x7b29, 0x8b6a, 0x8b6a,
    0x834a, 0x834a, 0x7b0a, 0x7b0a, 0x7b0a, 0x7b0a, 0x7b0a, 0x7b2a, 0x834a, 0x8b8b, 0x8bac, 0x8bad, 0x838c, 0x8c0e, 0x734d, 0x1862,
    0x3125, 0xacb0, 0xac8e, 0x83ac, 0x83ad, 0x8c0e, 0xa4b1, 0x3986, 0x18a3, 0x730b, 0x8bce, 0x72eb, 0x72ca, 0x6a89, 0x6268, 0x6288,
    0x5a68, 0x5247, 0x5227, 0x5227, 0x5227, 0x5207, 0x49c6, 0x4185, 0x41c6, 0x3165, 0x2104, 0x2945, 0x2105, 0x3986, 0x5a68, 0x6288,
    0x5a48, 0x5227, 0x5227, 0x5227, 0x5227, 0x5a67, 0x62a8, 0x6ac9, 0x6b0a, 0x730a, 0x8b8c, 0x72ea, 0x93ec, 0xfef5, 0x72c8, 0x6ac9,
    0xa46e, 0x5a07, 0xccef, 0x49c6, 0x29c8, 0x3a6b, 0x2967, 0x18a4, 0x4209, 0x5aec, 0x52ec, 0x5aec, 0x5b0d, 0x4229, 0x2967, 0x2966,
    0x1905, 0x52cb, 0x4aaa, 0x4aaa, 0x4aaa, 0x426a, 0x3a08, 0x52eb, 0x2166, 0x10c4, 0x49e6, 0xd570, 0x9bcb, 0x9bcb, 0xd50d, 0xcccb,
    0xd4ec, 0xac6c, 0x2924, 0x2947, 0x3209, 0x324a, 0x322a, 0x3a4a, 0x3a4a, 0x3a4a, 0x3a4a, 0x3a4a, 0x3a4a, 0x324a, 0x3229, 0x3209,
    0x424a, 0x18e5, 0x29a7, 0x2167, 0x2147, 0x1926, 0x2126, 0x2146, 0x2167, 0x2967, 0x2967, 0x3187, 0x3187, 0x31a7, 0x3123, 0xb48d,
    0xd4ed, 0xd52d, 0x9bec, 0x0041, 0x2268, 0x2287, 0x2287, 0x2288, 0x1a87, 0x22a7, 0x2287, 0x2287, 0x2267, 0x2267, 0x1a67, 0x2a68,
    0x08a3, 0x18a3, 0xf75d, 0xf5d7, 0xf4b5, 0xfcd5, 0xfcb5, 0xfcf6, 0x930d, 0x18a2, 0xe639, 0xfebc, 0xf516, 0xfd36, 0xfd16, 0xfd36,
    0xfd36, 0xfd16, 0xfd36, 0xfd98, 0xfd98, 0xfd36, 0xfd16, 0xfd16, 0xfd16, 0xfd16, 0xfd16, 0xfd16, 0xfcf6, 0xfcf6, 0xebf2, 0xbaee,
    0x71a8, 0x9a6c, 0xe495, 0x69a9, 0x5105, 0x71c8, 0xaaad, 0xf5f9, 0x3946, 0x0843, 0x1966, 0x1125, 0x0904, 0x08e4, 0x08e4, 0x08e3,
    0x00c2, 0x08c3, 0x08c4, 0x08c4, 0x08c4, 0x08e4, 0x00c3, 0x00c3, 0x08e4, 0x08e4, 0x08e4, 0x08c4, 0x08c4, 0x00a3, 0x00a3, 0x08a3,
    0x08a4, 0x00a4, 0x00a3, 0x0062, 0x0042, 0x0083, 0x0883, 0x0883, 0x0883, 0x0063, 0x0041, 0x0042, 0x0063, 0x0062, 0x0062, 0x0063,
    0x0041, 0x0021, 0x0043, 0x0042, 0x0042, 0x0042, 0x0001, 0x0001, 0x0021, 0x0042, 0x0042, 0x0023, 0x0022, 0x0000, 0x0000, 0x0022,
    0x0022, 0x0042, 0x0022, 0x0021, 0x0001, 0x0023, 0x0042, 0x0022, 0x0022, 0x0022, 0x0022, 0x0022, 0x0022, 0x0022, 0x0042, 0x0001,
    0x2185, 0x1924, 0x0021, 0x0042, 0x0022, 0x0042, 0x0021, 0x10e4, 0x2145, 0x0041, 0x0042, 0x0042, 0x0042, 0x0022, 0x1124, 0x21a5,
    0x0042, 0x0063, 0x0063, 0x0063, 0x0042, 0x1924, 0x29e6, 0x0062, 0x0883, 0x0083, 0x0082, 0x0082, 0x0883, 0x0082, 0x1124, 0x3a68,
    0x21a6, 0x0082, 0x00a3, 0x08a4, 0x00a3, 0x0081, 0x21a5, 0x1103, 0x00a3, 0x08c4, 0x08e4, 0x00e3, 0x19a5, 0x2a08, 0x0904, 0x0904,
    0x0904, 0x08e4, 0x08e3, 0x2206, 0x1184, 0x00e4, 0x0904, 0x08e4, 0x0903, 0x19e6, 0x2aa8, 0x11a4, 0x0924, 0x1145, 0x0964, 0x0984,
    0x2a87, 0x2a87, 0x11a5, 0x1164, 0x1164, 0x0944, 0x11c5, 0x32a8, 0x19e5, 0x0964, 0x1185, 0x1185, 0x11a5, 0x1a25, 0x2246, 0x11a6,
    0x19c6, 0x19c6, 0x19c6, 0x19e6, 0x1a06, 0x2247, 0x1a06, 0x1a06, 0x1a06, 0x1a06, 0x1a06, 0x1a26, 0x2a88, 0x1a46, 0x1a26, 0x1a26,
    0x1a46, 0x1a46, 0x1a47, 0x1a47, 0x2247, 0x2247, 0x2247, 0x2267, 0x2267, 0x2267, 0x2267, 0x2287, 0x2287, 0x2287, 0x22a7, 0x22a7,
    0x22c7, 0x22c7, 0x22c7, 0x22e7, 0x22e7, 0x22e7, 0x22e7, 0x2307, 0x2308, 0x2b28, 0x2a67, 0x10a3, 0x630e, 0x39c8, 0x31a8, 0x18c5,
    0x20e3, 0xbd11, 0x9c0d, 0x1861, 0xc530, 0xf631, 0xdd6e, 0xd50d, 0xc4ab, 0xe5b0, 0xe5b0, 0xdd90, 0xdd6f, 0xd54f, 0xcd4e, 0xcd2e,
    0xc50e, 0xc50e, 0xbcee, 0xbcce, 0xb4ad, 0xb48d, 0xb46c, 0xac4c, 0xa40c, 0x9beb, 0x9c0c, 0xa46d, 0x72e7, 0xa40c, 0x9bcb, 0x72c9,
    0x834a, 0x6ac9, 0x93ed, 0xcd71, 0xbd10, 0xa44f, 0x5a27, 0x7b0a, 0x72a8, 0x9c0c, 0xc531, 0x6ac9, 0x7b2a, 0x730a, 0x730b, 0x730a,
    0x732b, 0x7b0b, 0x834b, 0x8b6b, 0x8bac, 0x8b8c, 0x93cd, 0x72eb, 0x0862, 0x1061, 0x7b6c, 0x838c, 0x836b, 0x834b, 0x7b4c, 0x7b6c,
    0x838c, 0x836c, 0x730a, 0x72e9, 0x62c8, 0x6268, 0x6a89, 0x4984, 0xc551, 0xee94, 0x6267, 0x4185, 0x4185, 0x6ac9, 0xc4cf, 0x2904,
    0x3208, 0x3a4a, 0x2987, 0x1083, 0x39e8, 0x52cb, 0x530c, 0x5aec, 0x5aec, 0x39e8, 0x2967, 0x2946, 0x1905, 0x4acb, 0x428a, 0x428a,
    0x4aab, 0x3a49, 0x3a49, 0x52ec, 0x2966, 0x18e4, 0x49e6, 0xcd4f, 0x9bcb, 0x934a, 0xd50d, 0xcccb, 0xcccc, 0xc4ee, 0x41a6, 0x2967,
    0x1947, 0x322a, 0x29e9, 0x29a8, 0x21a8, 0x21a8, 0x2187, 0x2167, 0x2167, 0x2987, 0x2187, 0x2167, 0x2967, 0x2987, 0x2967, 0x2987,
    0x2167, 0x2146, 0x2106, 0x1905, 0x18e4, 0x18e4, 0x2925, 0x2925, 0x3145, 0x41c5, 0xa44d, 0xd54f, 0xd52d, 0xdd6e, 0xb48d, 0x0881,
    0x2247, 0x2287, 0x2286, 0x1a87, 0x3349, 0x22e8, 0x22a7, 0x2287, 0x2287, 0x2287, 0x2267, 0x2a68, 0x0021, 0x4a49, 0xffdf, 0xed35,
    0xfcb5, 0xfcd5, 0xfc94, 0xfd16, 0x82ab, 0x20a2, 0xdcd5, 0xec74, 0xfd17, 0xfd57, 0xfd16, 0xfd36, 0xfd36, 0xfd16, 0xf516, 0xfd15,
    0xfcf6, 0xfd16, 0xf516, 0xfd16, 0xfd16, 0xfd16, 0xfd16, 0xfd16, 0xfcf6, 0xfd16, 0xe3b1, 0xe2cf, 0xe2f0, 0xe351, 0x8a6b, 0x0000,
    0x828b, 0xebd2, 0xd30f, 0xed16, 0x4146, 0x0042, 0x1966, 0x1125, 0x0904, 0x08e4, 0x08e3, 0x0924, 0x29e7, 0x08e3, 0x08e4, 0x08e4,
    0x08e4, 0x00e3, 0x19c5, 0x19e5, 0x00c3, 0x08e4, 0x08e4, 0x08c4, 0x08c3, 0x2207, 0x0903, 0x00a3, 0x08a4, 0x0083, 0x00a2, 0x21c5,
    0x29e6, 0x00c2, 0x00a2, 0x00a3, 0x0063, 0x1104, 0x3a47, 0x2165, 0x0042, 0x0082, 0x0063, 0x0042, 0x2164, 0x1944, 0x0022, 0x0042,
    0x0042, 0x0041, 0x1923, 0x3a48, 0x1924, 0x0041, 0x0043, 0x0022, 0x0882, 0x3207, 0x31e7, 0x0041, 0x0021, 0x0042, 0x0001, 0x0882,
    0x29a5, 0x0042, 0x0041, 0x0022, 0x0022, 0x0022, 0x0022, 0x0022, 0x0022, 0x0022, 0x0021, 0x2986, 0x6c2d, 0x3246, 0x0000, 0x0042,
    0x0022, 0x0021, 0x10c3, 0x5bab, 0x4b49, 0x0021, 0x0043, 0x0063, 0x0042, 0x1104, 0x5bac, 0x538a, 0x0040, 0x0062, 0x0063, 0x0022,
    0x1944, 0x5bab, 0x53ab, 0x0882, 0x0883, 0x0083, 0x0083, 0x0083, 0x0083, 0x00a1, 0x5bac, 0x3287, 0x5bec, 0x1144, 0x0083, 0x08c3,
    0x0062, 0x2a07, 0x646d, 0x19e5, 0x0083, 0x08e4, 0x08c3, 0x1144, 0x4b8b, 0x4beb, 0x00e3, 0x08e5, 0x08e4, 0x08e3, 0x2247, 0x542c,
    0x2245, 0x00c3, 0x1104, 0x08c3, 0x19a5, 0x434a, 0x2245, 0x4baa, 0x0924, 0x1144, 0x0924, 0x2aa7, 0x3b48, 0x3b28, 0x3b2a, 0x0944,
    0x1164, 0x11a5, 0x3b4a, 0x2266, 0x43aa, 0x11e5, 0x1164, 0x1184, 0x19e6, 0x438a, 0x3b69, 0x11a5, 0x19c6, 0x19e6, 0x19e6, 0x1a06,
    0x2aa8, 0x2ac8, 0x1a05, 0x1a06, 0x1a06, 0x1a26, 0x1a26, 0x2ac8, 0x438a, 0x2286, 0x1a26, 0x2227, 0x1a46, 0x1a46, 0x2246, 0x1a46,
    0x1a46, 0x2247, 0x2267, 0x2267, 0x2267, 0x2287, 0x2287, 0x2287, 0x2287, 0x22a7, 0x22a7, 0x22c7, 0x22c7, 0x22c7, 0x22c7, 0x22e7,
    0x22e7, 0x22e7, 0x2307, 0x2307, 0x2308, 0x2b28, 0x2ac8, 0x08a3, 0x526b, 0x39e9, 0x2988, 0x0862, 0x83cd, 0x49a5, 0x20c3, 0x41c6,
    0xe5f1, 0xdd4d, 0xdd8e, 0xcd2c, 0xd52d, 0xdd8e, 0xdd6d, 0xdd6e, 0xdd6d, 0xdd6e, 0xdd8e, 0xdd8e, 0xdd6e, 0xdd8e, 0xdd6e, 0xdd6e,
    0xdd8e, 0xdd8e, 0xe58e, 0xe5af, 0xe5af, 0xe5af, 0xe5af, 0xe5cf, 0xc4ab, 0xac09, 0xbc8b, 0xe5f1, 0xedf1, 0xcd91, 0x5a26, 0xddd1,
    0xbcee, 0x51c5, 0xcd70, 0xd590, 0xcd0f, 0xbc8b, 0xa3ea, 0xa40b, 0xc50e, 0xbcad, 0xbc8d, 0xb48d, 0xac6c, 0xac4c, 0xa44c, 0xa42c,
    0xa40c, 0x9bcb, 0x8b8b, 0x93cc, 0x730a, 0x6267, 0x72e9, 0x72c8, 0x6aa8, 0x6aa8, 0x72ea, 0x732b, 0x72ea, 0x7b09, 0xcd51, 0x93ab,
    0x7b08, 0x830a, 0x93ac, 0x72c8, 0xddb2, 0xddb1, 0x5a27, 0xac8f, 0x6227, 0x8b8a, 0xb4ce, 0x20e4, 0x3209, 0x3209, 0x2987, 0x1083,
    0x31c8, 0x4aab, 0x52eb, 0x5aec, 0x52cc, 0x31c8, 0x2987, 0x2146, 0x1904, 0x4acb, 0x42aa, 0x4a8a, 0x4aaa, 0x3208, 0x426a, 0x52cb,
    0x2986, 0x2105, 0x41c7, 0xcd2f, 0xa40c, 0x8329, 0xd50d, 0xcccc, 0xcccc, 0xd54e, 0x6aa8, 0x2105, 0x31a8, 0x1947, 0x2167, 0x2947,
    0x2967, 0x2987, 0x2987, 0x2967, 0x2967, 0x2146, 0x1906, 0x2126, 0x2105, 0x20e4, 0x2104, 0x2924, 0x3165, 0x39a5, 0x5206, 0x72e9,
    0x7b2a, 0x8b8b, 0xa42d, 0xac8f, 0xbccf, 0xbcf0, 0xb48e, 0x9beb, 0x8b69, 0x7b08, 0x6287, 0x0840, 0x2206, 0x22a7, 0x1a86, 0x3348,
    0x4c6c, 0x2b28, 0x22a7, 0x22a7, 0x2287, 0x2287, 0x2267, 0x2a48, 0x0000, 0x6b6e, 0xffdf, 0xecf5, 0xfcd5, 0xfcb5, 0xf4b4, 0xfcb5,
    0xe4f5, 0x3925, 0x3083, 0x920b, 0xc30f, 0xfd17, 0xfd16, 0xfd16, 0xfd36, 0xf516, 0xf516, 0xfcf6, 0xfcf6, 0xf4f6, 0xfd16, 0xfd16,
    0xfd16, 0xfd16, 0xfd16, 0xfcf6, 0xfd16, 0xfd16, 0xe391, 0xe2cf, 0xe2cf, 0xdb10, 0x9a2b, 0x7a4a, 0x38a3, 0xd2ef, 0xe330, 0xe515,
    0x20a3, 0x0063, 0x1146, 0x1125, 0x1104, 0x08e4, 0x0903, 0x4309, 0x5c2c, 0x0943, 0x08e4, 0x0905, 0x08e4, 0x19c6, 0x5c4d, 0x3b29,
    0x00a2, 0x08e4, 0x08e4, 0x08e3, 0x3288, 0x646d, 0x1184, 0x0083, 0x08a4, 0x0042, 0x2a05, 0x3ac8, 0x3ac8, 0x3aa8, 0x0042, 0x00a3,
    0x08c3, 0x536b, 0x2a26, 0x538b, 0x10e3, 0x0062, 0x0042, 0x1945, 0x640c, 0x3ac8, 0x0000, 0x0063, 0x0042, 0x0882, 0x5bab, 0x3a87,
    0x5b8b, 0x0882, 0x0042, 0x0021, 0x42e9, 0x3a87, 0x4b2a, 0x3247, 0x0001, 0x0042, 0x0041, 0x4aca, 0x642d, 0x0081, 0x0022, 0x0042,
    0x0022, 0x0022, 0x0022, 0x0022, 0x0022, 0x0022, 0x0022, 0x0841, 0x3287, 0x3246, 0x0000, 0x0042, 0x0022, 0x0042, 0x0041, 0x21c4,
    0x4349, 0x0021, 0x0043, 0x0043, 0x0062, 0x0082, 0x19a4, 0x4b69, 0x0020, 0x0042, 0x0842, 0x0022, 0x10c3, 0x3246, 0x3ae8, 0x08a2,
    0x0883, 0x0083, 0x0883, 0x0883, 0x0082, 0x0903, 0x538b, 0x00a0, 0x53aa, 0x29c5, 0x0042, 0x08a3, 0x00a3, 0x08c2, 0x3b48, 0x1a05,
    0x0083, 0x08c4, 0x08c3, 0x00c3, 0x11a4, 0x43aa, 0x08e3, 0x1105, 0x0905, 0x0904, 0x0102, 0x3308, 0x2a86, 0x00e3, 0x1125, 0x08c3,
    0x2a67, 0x32e7, 0x09a2, 0x4bcb, 0x0944, 0x0924, 0x0103, 0x3b08, 0x1a24, 0x2ac6, 0x438a, 0x0964, 0x1164, 0x1a06, 0x3348, 0x09a2,
    0x4bea, 0x2246, 0x1165, 0x11a5, 0x1185, 0x1225, 0x3349, 0x11a4, 0x19c6, 0x19e6, 0x19e6, 0x19e6, 0x1a26, 0x2aa8, 0x1a05, 0x1a26,
    0x1a06, 0x1a26, 0x1a26, 0x1a46, 0x3329, 0x2287, 0x1a26, 0x2227, 0x1a46, 0x1a46, 0x2246, 0x2247, 0x2267, 0x2267, 0x2267, 0x2267,
    0x2267, 0x2287, 0x2287, 0x2287, 0x22a7, 0x22a7, 0x22c7, 0x22c7, 0x22c7, 0x22c7, 0x22c7, 0x22e7, 0x22e7, 0x2307, 0x2b07, 0x2307,
    0x2308, 0x2b07, 0x3349, 0x19a5, 0x0021, 0x18c5, 0x0882, 0x39a6, 0xddf3, 0xc4ee, 0x6ae9, 0x7b6b, 0xee31, 0xdd8d, 0xddae, 0xdd8f,
    0xdd8f, 0xdd6e, 0xdd8e, 0xdd8e, 0xdd8e, 0xdd6e, 0xd54e, 0xdd4e, 0xdd4e, 0xdd4d, 0xd54d, 0xd54d, 0xd54d, 0xd54d, 0xd54d, 0xd54d,
    0xd54d, 0xd54d, 0xd54d, 0xd54e, 0xd54e, 0xcd0d, 0xdd6e, 0xd56f, 0xe58e, 0xc4ee, 0x72c9, 0xe633, 0x7b4a, 0x9bec, 0xe5f0, 0xdd6d,
    0xe56f, 0xd50b, 0xc4ab, 0xdd6f, 0xdd8f, 0xe58f, 0xe58f, 0xe5ae, 0xe5ae, 0xe5ae, 0xe58f, 0xe5af, 0xe5b0, 0xe5b0, 0xe5d0, 0xe5d0,
    0xe5b0, 0xd54e, 0xdd8f, 0xe5d0, 0xddaf, 0xdd8f, 0xdd6f, 0xd56f, 0xcd4f, 0xac2b, 0xbcce, 0xa3ec, 0xc4ce, 0xcd30, 0x734b, 0x1020,
    0xee33, 0xb44c, 0x6267, 0xb48f, 0x72a9, 0xac6d, 0xac4d, 0x2125, 0x3a2a, 0x3209, 0x2987, 0x1083, 0x31a8, 0x426a, 0x52cb, 0x52cc,
    0x4a6a, 0x29a7, 0x2987, 0x2146, 0x18e5, 0x52cb, 0x4aaa, 0x4a8a, 0x4a8a, 0x31e7, 0x426a, 0x426b, 0x29a7, 0x2105, 0x3986, 0xc4ee,
    0xac0c, 0x82e8, 0xd52d, 0xcccb, 0xcccb, 0xccec, 0xbcce, 0x3965, 0x18c3, 0x2105, 0x1905, 0x18c4, 0x18e4, 0x2104, 0x2103, 0x2903,
    0x41a5, 0x5a47, 0x6268, 0x834a, 0x93ec, 0xa44e, 0xb4af, 0xbcf0, 0xc511, 0xc4f0, 0xb4af, 0xa42d, 0x93ac, 0x836b, 0x6ac9, 0x5a67,
    0x5a68, 0x49e6, 0x5207, 0x72ea, 0x7b2b, 0x8bac, 0xb4f2, 0x4a28, 0x0903, 0x2aa8, 0x22a7, 0x22a6, 0x43ea, 0x2b28, 0x1aa7, 0x22a7,
    0x2287, 0x2287, 0x2287, 0x2a48, 0x0000, 0x738f, 0xffdf, 0xecf5, 0xfcd5, 0xfcf6, 0xfd16, 0xf474, 0xfcd6, 0xed57, 0x830c, 0x8a8b,
    0xdc53, 0xfcf6, 0xfcd6, 0xfcf6, 0xfd16, 0xfd16, 0xfd16, 0xf4f6, 0xf557, 0xfd57, 0xfcf6, 0xfcf6, 0xfd16, 0xfd16, 0xfd16, 0xfcf6,
    0xfd16, 0xfcf6, 0xe370, 0xeb0f, 0xeb30, 0xeaef, 0xf331, 0xc32f, 0x4904, 0xd2cf, 0xfc54, 0xabf0, 0x0000, 0x10e5, 0x1145, 0x1124,
    0x0904, 0x0905, 0x0924, 0x0942, 0x4389, 0x1163, 0x08e4, 0x0904, 0x0904, 0x00e3, 0x2266, 0x3b29, 0x0082, 0x08e4, 0x08c4, 0x08e4,
    0x08e2, 0x4b8a, 0x1984, 0x0083, 0x08c4, 0x0062, 0x3ae8, 0x11a3, 0x2205, 0x4b4a, 0x0061, 0x0083, 0x1944, 0x4b29, 0x0040, 0x538b,
    0x2185, 0x0022, 0x0083, 0x0061, 0x2a05, 0x3ae8, 0x0000, 0x0063, 0x0021, 0x1904, 0x4b49, 0x00a0, 0x63ec, 0x1924, 0x0021, 0x0041,
    0x4b2a, 0x08c1, 0x3aa7, 0x4b0a, 0x0000, 0x0042, 0x0042, 0x08a1, 0x4b6a, 0x08a1, 0x0022, 0x0042, 0x0022, 0x0022, 0x0022, 0x0022,
    0x0022, 0x0022, 0x0023, 0x0000, 0x3a87, 0x3247, 0x0000, 0x0042, 0x0022, 0x0042, 0x0001, 0x19a4, 0x4b6a, 0x0041, 0x0063, 0x0063,
    0x0063, 0x0021, 0x19a4, 0x53ab, 0x0041, 0x0042, 0x0042, 0x0022, 0x08a2, 0x21e5, 0x4308, 0x08a2, 0x0883, 0x0883, 0x0883, 0x0883,
    0x0083, 0x1123, 0x4b4a, 0x2205, 0x538a, 0x29c5, 0x0042, 0x08a3, 0x08c3, 0x0081, 0x4349, 0x2206, 0x0083, 0x08c4, 0x08e4, 0x00a3,
    0x11c4, 0x4bcb, 0x0903, 0x08e5, 0x08e4, 0x0904, 0x00e2, 0x3328, 0x2a87, 0x00e3, 0x1125, 0x00e4, 0x2a86, 0x4388, 0x2286, 0x4389,
    0x0964, 0x1124, 0x0903, 0x32e8, 0x2ac7, 0x2a86, 0x4369, 0x0964, 0x0945, 0x1a25, 0x3b88, 0x2ac6, 0x3b89, 0x2286, 0x1165, 0x11a6,
    0x0965, 0x1a25, 0x3b49, 0x11a5, 0x19c6, 0x19e6, 0x19e6, 0x19e5, 0x1a46, 0x2aa8, 0x1a26, 0x1a26, 0x1a26, 0x1a26, 0x1a26, 0x1a26,
    0x3b49, 0x2287, 0x1a26, 0x2247, 0x1a46, 0x1a46, 0x2247, 0x2247, 0x2267, 0x2267, 0x2267, 0x2287, 0x2287, 0x2287, 0x2287, 0x22a7,
    0x22a7, 0x22a7, 0x22c7, 0x22c7, 0x22c7, 0x22e7, 0x22e7, 0x22e7, 0x22e7, 0x2307, 0x2b08, 0x2308, 0x2328, 0x2b28, 0x2b28, 0x334a,
    0x1124, 0x10a5, 0x0000, 0x8bed, 0xee12, 0xedf0, 0x93eb, 0x5a48, 0xcd70, 0xc52e, 0xd54f, 0xdd6f, 0xdd90, 0xe5d1, 0xdd90, 0xd54f,
    0xd54f, 0xe5d0, 0xe5d0, 0xe5b0, 0xe5b0, 0xe5af, 0xe5af, 0xe5b0, 0xe5b0, 0xe5af, 0xe58f, 0xe58f, 0xe56e, 0xdd6e, 0xdd6e, 0xdd6e,
    0xdd8e, 0xe58e, 0xe58e, 0xdd6e, 0xee30, 0x9bec, 0x8349, 0xe612, 0x6288, 0xbcaf, 0xddaf, 0xdd6e, 0xdd6e, 0xdd8e, 0xdd8e, 0xd56e,
    0xd54d, 0xd54d, 0xdd4e, 0xdd4e, 0xdd4e, 0xdd4e, 0xd54d, 0xd54d, 0xd56d, 0xd56d, 0xd56e, 0xd56e, 0xdd6e, 0xdd6e, 0xdd6e, 0xdd4e,
    0xdd6e, 0xdd6e, 0xdd6d, 0xdd4d, 0xdd8e, 0xc4cb, 0xb48b, 0xd58f, 0xe5cf, 0xee31, 0xa48e, 0x20c2, 0xfed6, 0x7b09, 0x6aa8, 0xbc8e,
    0x6a67, 0xc50f, 0x93cb, 0x2126, 0x3a4a, 0x31e9, 0x29a8, 0x10a4, 0x31a7, 0x422a, 0x52cb, 0x52cb, 0x3a29, 0x2987, 0x2987, 0x2146,
    0x1905, 0x52cb, 0x4aab, 0x4acb, 0x4aab, 0x3208, 0x428a, 0x3a29, 0x21a6, 0x1925, 0x3165, 0xbcee, 0xbc6d, 0x8b09, 0xd4ed, 0xcccb,
    0xcccb, 0xccab, 0xcccc, 0xbcee, 0x834a, 0x7308, 0x834a, 0x93ab, 0xa44d, 0xacae, 0xbcef, 0xc530, 0xbcf0, 0xbccf, 0xac8e, 0xa42d,
    0x938b, 0x7b09, 0x72c9, 0x5a47, 0x51e6, 0x6288, 0x62a9, 0x730a, 0x8bad, 0x9c2e, 0xa46f, 0xb4f1, 0xc552, 0xd5b3, 0xd5b3, 0xd592,
    0xcd51, 0xbcef, 0xb4d0, 0x4207, 0x0923, 0x2ae8, 0x22a7, 0x1a86, 0x43ca, 0x2b28, 0x1a87, 0x22a7, 0x2287, 0x2287, 0x2287, 0x2a68,
    0x0000, 0x6b4d, 0xffdf, 0xecf5, 0xfcf5, 0xe4b5, 0x7a4a, 0xed16, 0xfd57, 0xf537, 0xfd78, 0xfd57, 0xfd16, 0xf4f5, 0xfcf5, 0xfcd5,
    0xfcd5, 0xfcf6, 0xfd16, 0xf516, 0x8aec, 0xbc52, 0xfd98, 0xfd16, 0xfd16, 0xfcf6, 0xfd16, 0xfd16, 0xfd16, 0xfc94, 0xe30f, 0xeb50,
    0xeb0f, 0xeaef, 0xeb30, 0xa1ea, 0xa22a, 0xebd2, 0xf598, 0x3125, 0x0001, 0x1946, 0x1145, 0x1124, 0x0904, 0x0905, 0x0924, 0x0943,
    0x4baa, 0x1164, 0x08e4, 0x08e4, 0x0904, 0x00c3, 0x2266, 0x4369, 0x00c2, 0x08e4, 0x08c4, 0x08c4, 0x00a2, 0x538b, 0x1984, 0x0083,
    0x08e4, 0x00a2, 0x3ae8, 0x2a86, 0x3287, 0x4328, 0x0061, 0x0042, 0x1943, 0x536a, 0x2184, 0x4b4a, 0x2a06, 0x0022, 0x00a3, 0x0021,
    0x2a26, 0x4309, 0x0001, 0x0063, 0x0021, 0x1923, 0x4348, 0x21e4, 0x5bab, 0x2184, 0x0001, 0x0041, 0x4b09, 0x3226, 0x42c8, 0x4b09,
    0x0000, 0x0042, 0x0022, 0x0040, 0x536a, 0x08a2, 0x0002, 0x0022, 0x0022, 0x0022, 0x0022, 0x0022, 0x0022, 0x0022, 0x0023, 0x0000,
    0x3267, 0x3206, 0x0000, 0x0042, 0x0022, 0x0042, 0x0001, 0x1984, 0x4b6a, 0x0021, 0x0063, 0x0063, 0x0063, 0x0021, 0x1984, 0x4b6a,
    0x0000, 0x0042, 0x0042, 0x0042, 0x08a2, 0x21e5, 0x4308, 0x0081, 0x0083, 0x0883, 0x0883, 0x08a3, 0x0083, 0x0903, 0x5bec, 0x1183,
    0x3ae8, 0x29e6, 0x0042, 0x08c4, 0x08c3, 0x0061, 0x3b29, 0x19e5, 0x0062, 0x08c4, 0x08e4, 0x00a3, 0x1184, 0x4baa, 0x00e2, 0x08e4,
    0x08e4, 0x08e4, 0x00c2, 0x3308, 0x2246, 0x00c3, 0x0925, 0x00e4, 0x2a66, 0x4bea, 0x0982, 0x438a, 0x1164, 0x1124, 0x0903, 0x3b29,
    0x3308, 0x09a2, 0x4b8a, 0x0984, 0x0965, 0x1a05, 0x4c0a, 0x1224, 0x3b68, 0x2a86, 0x1185, 0x11a6, 0x1165, 0x1a05, 0x3b49, 0x11a4,
    0x19e6, 0x19c6, 0x19e6, 0x19e5, 0x1a26, 0x2aa8, 0x1a26, 0x1a26, 0x1a26, 0x1a26, 0x1a26, 0x1225, 0x3349, 0x2286, 0x1a26, 0x2246,
    0x1a46, 0x2246, 0x2247, 0x2267, 0x2267, 0x2267, 0x2267, 0x2287, 0x2287, 0x2287, 0x22a7, 0x22a7, 0x22a7, 0x22a7, 0x22c7, 0x22c7,
    0x22e7, 0x22e7, 0x22e7, 0x22e7, 0x2307, 0x2307, 0x2308, 0x2308, 0x2b28, 0x2b28, 0x2328, 0x3369, 0x19a5, 0x10c4, 0x1083, 0xbd31,
    0xd56f, 0xd50e, 0xcd0f, 0x7288, 0x6a48, 0x72c9, 0x6aa8, 0x6268, 0x6ac9, 0x5a68, 0x5206, 0x72e9, 0x7309, 0x62a8, 0x7b4a, 0x834a,
    0x8b8b, 0x93cc, 0x93ec, 0x9bec, 0x9beb, 0xa40c, 0xac4c, 0xb48d, 0xb4ae, 0xbcce, 0xc4ee, 0xc50f, 0xcd2f, 0xcd4f, 0xd570, 0xdd90,
    0xcd91, 0x49a5, 0xb48d, 0xdd4f, 0x5a06, 0xd571, 0xf631, 0xee10, 0xee10, 0xe5f0, 0xe5cf, 0xe5cf, 0xe5ae, 0xe5ae, 0xe58e, 0xe56e,
    0xdd6e, 0xdd6e, 0xdd6e, 0xdd6e, 0xdd6d, 0xdd4d, 0xdd4d, 0xdd6d, 0xdd6e, 0xdd4e, 0xdd6e, 0xdd6e, 0xdd6e, 0xdd6e, 0xdd4e, 0xdd4e,
    0xdd6e, 0xdd4e, 0xdd6e, 0xdd8e, 0xd56e, 0xe5d0, 0x9c0b, 0x18a2, 0x62a9, 0x3944, 0xac6e, 0xa40c, 0x6247, 0xcd50, 0x8b69, 0x2126,
    0x3a4b, 0x3209, 0x31e9, 0x10c4, 0x31a8, 0x3a09, 0x4aab, 0x4a8b, 0x31c8, 0x2987, 0x2967, 0x18e5, 0x1905, 0x4acb, 0x4289, 0x428a,
    0x3a29, 0x29a7, 0x31e9, 0x2987, 0x2146, 0x1904, 0x3985, 0xcd50, 0xbcad, 0x934a, 0xdd0f, 0xd50d, 0xd52e, 0xd50e, 0xd50d, 0xccee,
    0xcd0f, 0xbcce, 0xac8e, 0x9bec, 0x8b8a, 0x7309, 0x5227, 0x5227, 0x5227, 0x5226, 0x6288, 0x732a, 0x836b, 0x93ed, 0xacb0, 0xc551,
    0xcd92, 0xddf3, 0xddd3, 0xd592, 0xcd31, 0xbccf, 0xac4e, 0x8b8b, 0x72e9, 0x5a46, 0x4184, 0x3944, 0x3943, 0x3123, 0x3943, 0x0861,
    0x2247, 0x22e8, 0x1ac7, 0x1aa6, 0x3bca, 0x2b07, 0x1a86, 0x2287, 0x2287, 0x2287, 0x2287, 0x2a88, 0x0021, 0x4229, 0xffbf, 0xed16,
    0xfd16, 0xc412, 0x28a2, 0x7b0c, 0xf5b8, 0xfdb8, 0xfdb8, 0xfd57, 0xfd16, 0xfd16, 0xfd16, 0xfd37, 0xfd78, 0xfdb8, 0xf577, 0xdd16,
    0x59e8, 0x0000, 0x9b4f, 0xfd58, 0xfcf6, 0xfcf6, 0xfd16, 0xfd16, 0xfd17, 0xebf2, 0xe2ef, 0xeb2f, 0xeb71, 0xf3b2, 0xe351, 0xdb91,
    0xf4d5, 0xfdf9, 0x624a, 0x0000, 0x10e4, 0x1986, 0x1145, 0x1124, 0x1104, 0x0905, 0x0904, 0x0123, 0x4b8a, 0x0943, 0x08e4, 0x08e4,
    0x08e4, 0x00c3, 0x2246, 0x4349, 0x00a2, 0x08c4, 0x08c4, 0x08c4, 0x0081, 0x4b6a, 0x1164, 0x0082, 0x08e3, 0x00a2, 0x4329, 0x3ac8,
    0x1143, 0x4b49, 0x0061, 0x0063, 0x1123, 0x5c2c, 0x0902, 0x3b08, 0x2a47, 0x0022, 0x0083, 0x0021, 0x21e5, 0x3aa8, 0x0000, 0x0063,
    0x0022, 0x1103, 0x5c0c, 0x0901, 0x4b09, 0x21a4, 0x0001, 0x0041, 0x538b, 0x2a26, 0x1983, 0x534a, 0x0000, 0x0043, 0x0022, 0x0000,
    0x4b4a, 0x0881, 0x0002, 0x0022, 0x0022, 0x0022, 0x0022, 0x0022, 0x0022, 0x0022, 0x0022, 0x10a2, 0x4b29, 0x42e9, 0x0862, 0x0022,
    0x0042, 0x0042, 0x0042, 0x3247, 0x5bcb, 0x1924, 0x0062, 0x0063, 0x0042, 0x0062, 0x3247, 0x5bcb, 0x10e3, 0x0042, 0x0062, 0x0042,
    0x10c3, 0x3a88, 0x53ab, 0x1924, 0x0062, 0x0083, 0x0883, 0x0883, 0x0083, 0x00a2, 0x5bcc, 0x2205, 0x53ab, 0x21a5, 0x0083, 0x08c4,
    0x00a3, 0x1103, 0x4baa, 0x3aa8, 0x08c3, 0x08e4, 0x08e4, 0x08e4, 0x2a47, 0x5c2c, 0x1164, 0x08e4, 0x08e4, 0x08e4, 0x0944, 0x438a,
    0x4329, 0x0924, 0x1125, 0x08e4, 0x1a05, 0x4bcb, 0x2205, 0x4bab, 0x0944, 0x1144, 0x0103, 0x32e8, 0x3b69, 0x2aa7, 0x436a, 0x0964,
    0x1185, 0x11a5, 0x4beb, 0x2286, 0x4bca, 0x1a05, 0x1165, 0x11a5, 0x11a5, 0x2aa7, 0x438a, 0x1a06, 0x19c5, 0x19e6, 0x19e6, 0x1a06,
    0x2287, 0x32e8, 0x2267, 0x1a26, 0x1a26, 0x1a26, 0x1a26, 0x1a66, 0x3b8a, 0x2ae8, 0x1a46, 0x2247, 0x1a66, 0x1a67, 0x2267, 0x2267,
    0x2267, 0x2267, 0x2287, 0x2287, 0x2287, 0x2287, 0x22a7, 0x22a7, 0x22a7, 0x22c7, 0x22c7, 0x22e7, 0x22e7, 0x22e7, 0x22e7, 0x2308,
    0x2308, 0x2308, 0x2308, 0x2b28, 0x2328, 0x2b28, 0x2b28, 0x2b49, 0x3b09, 0x08c3, 0x20e4, 0xcdb3, 0xb48b, 0xb46c, 0xac2b, 0xac0b,
    0x93ab, 0x832a, 0x7b2a, 0x7b4c, 0x732c, 0x41a5, 0xa491, 0x9c0e, 0xacd2, 0x2904, 0x2924, 0x62ab, 0x5a8a, 0x5a6a, 0x5249, 0x5227,
    0x5227, 0x5227, 0x5247, 0x5248, 0x5a68, 0x6289, 0x6289, 0x62a9, 0x62a9, 0x6ac9, 0x730a, 0x7b09, 0x5a67, 0x8bcd, 0xe5f1, 0xe5d0,
    0x7b2a, 0x6288, 0x832a, 0x7b09, 0x834a, 0x93cb, 0x9c0c, 0xac4d, 0xb46d, 0xbc8e, 0xc4ce, 0xc4ee, 0xcd2e, 0xd54f, 0xd54f, 0xdd6f,
    0xdd90, 0xdd90, 0xe5b0, 0xe5b0, 0xe5f0, 0xe5d0, 0xedf0, 0xedf0, 0xedf0, 0xedef, 0xe5ef, 0xe5ef, 0xe5af, 0xe5af, 0xe58f, 0xe58e,
    0xdd8e, 0xe611, 0x6267, 0x942d, 0x6ae8, 0xac6d, 0xd56f, 0x8329, 0x6a88, 0xd54f, 0x8b69, 0x2125, 0x3a4b, 0x322a, 0x424a, 0x10c5,
    0x31a8, 0x3a2a, 0x4a8b, 0x4aac, 0x31c8, 0x29a8, 0x2126, 0x18c4, 0x10a3, 0x2987, 0x2146, 0x2146, 0x2147, 0x2126, 0x18e5, 0x18a5,
    0x18c4, 0x20c3, 0x940d, 0xdd70, 0xc4ad, 0x6ac8, 0x9bec, 0x8b69, 0x6a87, 0x6247, 0x5a26, 0x5206, 0x5206, 0x6288, 0x6aa9, 0x72c9,
    0x836c, 0x9c2e, 0xac6f, 0xbcf0, 0xd592, 0xd592, 0xd5b2, 0xd592, 0xcd50, 0xbcef, 0xa44d, 0x938b, 0x7b0a, 0x6226, 0x51e6, 0x49a5,
    0x4184, 0x4164, 0x4184, 0x4184, 0x49c5, 0x5a06, 0x6267, 0x72a8, 0x8b29, 0xa3cb, 0x9bed, 0x10c2, 0x2a88, 0x22e8, 0x22e7, 0x2307,
    0x440b, 0x3348, 0x1a86, 0x2267, 0x2287, 0x2287, 0x2267, 0x2a88, 0x08c3, 0x10a3, 0xef5d, 0xedb7, 0xf4d5, 0xf516, 0xe536, 0x4986,
    0x20a2, 0x6a6a, 0x7a8b, 0x9b4e, 0xb3f1, 0xbbf1, 0xbbf1, 0xa38f, 0x7aab, 0x59e8, 0x3966, 0x5a49, 0x4208, 0x10a2, 0x3925, 0xe516,
    0xfd37, 0xfd16, 0xfcf6, 0xfcf6, 0xfcd6, 0xdb30, 0xeaee, 0xe350, 0x81c8, 0xb3b0, 0xf598, 0xf5b9, 0xbcb4, 0x3987, 0x0000, 0x18c4,
    0x2166, 0x1145, 0x1145, 0x1124, 0x1124, 0x1125, 0x0904, 0x19c5, 0x540c, 0x2206, 0x08e4, 0x08e4, 0x08e4, 0x0904, 0x3ae8, 0x53ab,
    0x1124, 0x08c4, 0x08e4, 0x00c3, 0x1144, 0x5bec, 0x2a47, 0x00a2, 0x08c3, 0x0062, 0x3a88, 0x42e9, 0x2a26, 0x4309, 0x0041, 0x08a3,
    0x08e2, 0x5c0c, 0x19c5, 0x53cb, 0x1985, 0x0042, 0x0063, 0x0862, 0x3aa8, 0x536a, 0x10a3, 0x0042, 0x0042, 0x08a3, 0x63ec, 0x21a4,
    0x63cc, 0x1924, 0x0022, 0x0001, 0x4b2a, 0x3267, 0x3aa7, 0x3aa8, 0x0000, 0x0043, 0x0022, 0x2144, 0x63ec, 0x29a5, 0x0022, 0x0021,
    0x0022, 0x0022, 0x0022, 0x0022, 0x0022, 0x0022, 0x0021, 0x2965, 0x42c8, 0x42a8, 0x1904, 0x0001, 0x0042, 0x0022, 0x10c4, 0x4288,
    0x3ac8, 0x31e7, 0x0041, 0x0062, 0x0042, 0x10c4, 0x3a88, 0x3ac7, 0x29c6, 0x0021, 0x0863, 0x0042, 0x10e3, 0x3a88, 0x42a8, 0x2985,
    0x0062, 0x0883, 0x0883, 0x0083, 0x00a3, 0x0082, 0x19a4, 0x532a, 0x3287, 0x00c2, 0x08a4, 0x08c4, 0x0083, 0x29e7, 0x3ae8, 0x3ac8,
    0x1945, 0x00c3, 0x08e4, 0x1105, 0x3aa8, 0x3b08, 0x2a27, 0x08e3, 0x08e4, 0x00c3, 0x21e7, 0x3b08, 0x3b09, 0x1986, 0x08e4, 0x1125,
    0x0124, 0x2247, 0x4309, 0x19e5, 0x0924, 0x1144, 0x1144, 0x0983, 0x3b29, 0x434a, 0x19e5, 0x1165, 0x1985, 0x0964, 0x1a46, 0x3b4a,
    0x2286, 0x1184, 0x19a5, 0x11a5, 0x19e6, 0x32c8, 0x32e8, 0x2a67, 0x19c5, 0x19e6, 0x19c6, 0x1a06, 0x2a87, 0x2aa8, 0x2287, 0x1a26,
    0x1a26, 0x1a26, 0x1a26, 0x2ac7, 0x3349, 0x3329, 0x2267, 0x2247, 0x1a67, 0x1a67, 0x2267, 0x2267, 0x2267, 0x2287, 0x2287, 0x2287,
    0x2287, 0x22a7, 0x22a7, 0x22c7, 0x22c7, 0x22c7, 0x22c7, 0x22e7, 0x22e7, 0x2308, 0x2b08, 0x2b08, 0x2308, 0x2308, 0x2307, 0x2b28,
    0x2b48, 0x3369, 0x3b69, 0x334a, 0x3b0a, 0x1924, 0x2904, 0x838c, 0x5a26, 0x5a06, 0x5206, 0x5227, 0x5206, 0x49c5, 0x5a27, 0x49c5,
    0x28c2, 0x7b4b, 0x834b, 0x51e5, 0x832a, 0x834a, 0x832a, 0x8b6b, 0x836b, 0x834b, 0x7b0a, 0x7b0a, 0x7b2a, 0x730b, 0x730b, 0x730b,
    0x730b, 0x6aeb, 0x6aea, 0x6aca, 0x72ea, 0x6ac9, 0x6289, 0x5a69, 0x62a9, 0x7b4b, 0x7b29, 0x7b49, 0x7b4c, 0x49e7, 0x3986, 0x41e7,
    0x4a08, 0x5a49, 0x5a49, 0x5a68, 0x5a48, 0x5a27, 0x5a47, 0x6268, 0x62a9, 0x6ac9, 0x6ac9, 0x62a8, 0x6288, 0x6aa8, 0x6aa8, 0x6aa8,
    0x6267, 0x7309, 0x7b2a, 0x836a, 0x93cb, 0x93ab, 0x93ab, 0xa42c, 0xac8d, 0xb4cd, 0xbcce, 0xbcee, 0xcd4f, 0x836a, 0x4164, 0xdd91,
    0xe5d0, 0xe5d0, 0xc4ac, 0x7ae9, 0x72c9, 0xd52e, 0xac2c, 0x1083, 0x29c8, 0x21a7, 0x31c8, 0x2967, 0x1906, 0x31a8, 0x2988, 0x2146,
    0x1926, 0x18e5, 0x0883, 0x0001, 0x1082, 0x2925, 0x3186, 0x41e7, 0x4a07, 0x5a88, 0x734b, 0x8bcc, 0x940d, 0xc550, 0xddb1, 0xc46b,
    0xbc6d, 0x3985, 0x5268, 0x836b, 0x83ac, 0x940d, 0xb4f0, 0xc551, 0xd592, 0xddd2, 0xddd2, 0xdd92, 0xcd71, 0xbcef, 0xac6e, 0x93ab,
    0x72c8, 0x6267, 0x5206, 0x49a4, 0x4164, 0x4164, 0x4123, 0x4144, 0x51c5, 0x59e6, 0x6a67, 0x82e8, 0x8b29, 0x9baa, 0xac0c, 0xb44c,
    0xc4ad, 0xc4ad, 0xc4ad, 0xc4ad, 0xbc8d, 0xbc6c, 0xa42d, 0x1081, 0x2a68, 0x2b08, 0x22c7, 0x3348, 0x3ba9, 0x3368, 0x22a7, 0x2287,
    0x2287, 0x2287, 0x2267, 0x2a88, 0x1985, 0x0001, 0xce38, 0xfe9a, 0xf4d5, 0xfd16, 0xfd57, 0xfdb9, 0x49a7, 0x0020, 0x6b6d, 0x4a48,
    0x3185, 0x3165, 0x3165, 0x3186, 0x4a48, 0x8410, 0xc639, 0xa4f4, 0x3986, 0xc4d5, 0xa36f, 0xe4f6, 0xfd37, 0xfd16, 0xfd16, 0xfd37,
    0xec13, 0xdaae, 0xe2ae, 0xeb92, 0x9acd, 0x0800, 0x3146, 0x20c4, 0x0000, 0x0000, 0x1104, 0x19a6, 0x1165, 0x1165, 0x1145, 0x1125,
    0x1124, 0x1105, 0x0924, 0x32a8, 0x4329, 0x3aa9, 0x08e4, 0x0904, 0x08c3, 0x1965, 0x42c8, 0x42e9, 0x29c7, 0x00c4, 0x0904, 0x00c3,
    0x3248, 0x4329, 0x3aa8, 0x08c3, 0x08a3, 0x0862, 0x08e2, 0x3aa8, 0x42c8, 0x0902, 0x0062, 0x08a3, 0x0082, 0x21c5, 0x532a, 0x3226,
    0x0061, 0x0083, 0x0062, 0x1904, 0x42c8, 0x4b09, 0x2986, 0x0021, 0x0062, 0x0021, 0x21a4, 0x534a, 0x3206, 0x0042, 0x0063, 0x0022,
    0x1103, 0x5309, 0x4ae9, 0x08a2, 0x0022, 0x0842, 0x0041, 0x4268, 0x4308, 0x4268, 0x0042, 0x0021, 0x0022, 0x0022, 0x0022, 0x0022,
    0x0022, 0x0022, 0x0042, 0x0001, 0x0000, 0x0000, 0x0022, 0x0042, 0x0042, 0x0042, 0x0042, 0x0001, 0x0000, 0x0021, 0x0062, 0x0042,
    0x0042, 0x0041, 0x0001, 0x0001, 0x0021, 0x0062, 0x0063, 0x0063, 0x0062, 0x0021, 0x0021, 0x0042, 0x0862, 0x0883, 0x0083, 0x0083,
    0x0883, 0x0083, 0x0062, 0x0062, 0x0062, 0x08c3, 0x08c4, 0x08c3, 0x08c4, 0x00a3, 0x0081, 0x0082, 0x08c4, 0x08c4, 0x08e4, 0x08e3,
    0x00a2, 0x0082, 0x00a3, 0x08e4, 0x08e4, 0x08e4, 0x00c3, 0x00a2, 0x00c3, 0x08e4, 0x10e4, 0x0904, 0x0924, 0x08e4, 0x08e3, 0x0923,
    0x1144, 0x1145, 0x1145, 0x1144, 0x0923, 0x0924, 0x1165, 0x1165, 0x1165, 0x1185, 0x0964, 0x0944, 0x1184, 0x11a5, 0x19a6, 0x19a6,
    0x19a6, 0x1185, 0x11a5, 0x11a5, 0x19c6, 0x19e6, 0x19e6, 0x19e6, 0x19e6, 0x1a06, 0x1a06, 0x1a26, 0x1a26, 0x1a26, 0x1a46, 0x1a26,
    0x1a26, 0x1a26, 0x1a46, 0x2247, 0x2267, 0x2267, 0x2267, 0x1a87, 0x2287, 0x2287, 0x2287, 0x2287, 0x22a7, 0x22a7, 0x22a7, 0x22a8,
    0x22c8, 0x22c8, 0x22e8, 0x22e8, 0x22e8, 0x22e8, 0x2ae8, 0x2b07, 0x2b28, 0x3349, 0x3349, 0x3329, 0x2a87, 0x19c5, 0x08e2, 0x0081,
    0x0061, 0x10a2, 0x4a07, 0x732a, 0x9c4e, 0xbd31, 0xd5d3, 0xddf3, 0xddf2, 0xe5f2, 0xe612, 0xe612, 0xd571, 0xcd30, 0xcd51, 0xd592,
    0xd571, 0xd591, 0xc530, 0xac8e, 0xa42d, 0x93ac, 0x834b, 0x62a9, 0x5207, 0x4a07, 0x5a69, 0x5a89, 0x62ca, 0x7b6c, 0x7b6c, 0x838c,
    0x836c, 0x836b, 0x8b8c, 0x93ed, 0x93ed, 0x8b8b, 0x8b8b, 0x834a, 0x6aa9, 0x6ac9, 0x6ac9, 0x6ae9, 0x6ac9, 0x6289, 0x6247, 0x5a47,
    0x5a89, 0x62a9, 0x5a89, 0x5a69, 0x5228, 0x5a48, 0x5a69, 0x6269, 0x6289, 0x62a9, 0x6b0b, 0x18a2, 0x6aeb, 0x93cc, 0x93ed, 0x5a69,
    0x3965, 0x8bac, 0x72c9, 0x730a, 0x730a, 0x6ae9, 0x6288, 0x6288, 0x5a47, 0x6227, 0xcd0f, 0xe5af, 0xdd6e, 0xddaf, 0xbc8d, 0x6aa7,
    0x72c9, 0xcced, 0xcd0e, 0x41c6, 0x1905, 0x31c8, 0x2167, 0x3188, 0x1084, 0x0002, 0x0023, 0x10a5, 0x0863, 0x18e4, 0x3164, 0x83ab,
    0xbd10, 0xb4cf, 0xc550, 0xcd50, 0xd570, 0xd570, 0xd54f, 0xcd2e, 0xc4ed, 0xbc4b, 0xabe9, 0xb3e9, 0xa3ca, 0x5a27, 0xc572, 0xd591,
    0xcd2f, 0xbcee, 0xa42c, 0x936b, 0x7ae9, 0x6a67, 0x59e5, 0x49a5, 0x4184, 0x3903, 0x3944, 0x4985, 0x4985, 0x6226, 0x6a87, 0x7aa8,
    0x8b09, 0x936a, 0xa3ab, 0xac0c, 0xbc4c, 0xbc6c, 0xc48d, 0xc4ad, 0xc4ce, 0xbc8d, 0xb46d, 0xac2c, 0x9bab, 0x93aa, 0x93aa, 0x8349,
    0x8349, 0x93cb, 0xce14, 0x41e7, 0x08a2, 0x32e8, 0x22e8, 0x22a7, 0x22a6, 0x2286, 0x22a7, 0x22a7, 0x2287, 0x2287, 0x2287, 0x2287,
    0x2a48, 0x0000, 0x630c, 0xffbe, 0xed16, 0xfd37, 0xfd37, 0xfd57, 0xed77, 0x4166, 0x5acb, 0xffff, 0xffff, 0xffff, 0xffff, 0xffff,
    0xffff, 0xffff, 0x8410, 0x30e4, 0xbc32, 0xfd58, 0xfd17, 0xfd17, 0xfd16, 0xfd16, 0xfd16, 0xfcd6, 0xe330, 0xe2ae, 0xe28e, 0xf454,
    0x61e9, 0x0000, 0x0842, 0x0863, 0x10e5, 0x1966, 0x1986, 0x1185, 0x1185, 0x0965, 0x1145, 0x1125, 0x1125, 0x0904, 0x0904, 0x08c3,
    0x00c2, 0x00c3, 0x08e4, 0x08e4, 0x08e3, 0x08c3, 0x0082, 0x0062, 0x00a3, 0x08e4, 0x08e3, 0x08e3, 0x08a3, 0x00a2, 0x0082, 0x08a3,
    0x08c3, 0x08a3, 0x0082, 0x0041, 0x0041, 0x0082, 0x00a3, 0x00a3, 0x00a4, 0x0062, 0x0041, 0x0062, 0x0083, 0x0083, 0x0063, 0x0043,
    0x0041, 0x0021, 0x0022, 0x0042, 0x0042, 0x0062, 0x0021, 0x0000, 0x0001, 0x0043, 0x0043, 0x0062, 0x0041, 0x0001, 0x0000, 0x0041,
    0x0042, 0x0022, 0x0042, 0x0001, 0x0001, 0x0000, 0x0022, 0x0042, 0x0022, 0x0022, 0x0022, 0x0022, 0x0022, 0x0022, 0x0022, 0x0042,
    0x0042, 0x0042, 0x0042, 0x0043, 0x0023, 0x0023, 0x0042, 0x0063, 0x0863, 0x0842, 0x0022, 0x0043, 0x0042, 0x0042, 0x0042, 0x0063,
    0x0063, 0x0063, 0x0063, 0x0063, 0x0083, 0x0883, 0x08a3, 0x0883, 0x0863, 0x0883, 0x0083, 0x0083, 0x0883, 0x08a3, 0x08a4, 0x08c4,
    0x08c4, 0x08c4, 0x00c4, 0x08a3, 0x08c4, 0x08e4, 0x08e4, 0x08e5, 0x08e5, 0x08c4, 0x08c4, 0x08c4, 0x08e4, 0x08e4, 0x08e4, 0x08e4,
    0x08e4, 0x08e4, 0x0904, 0x0904, 0x1105, 0x1105, 0x08e4, 0x0904, 0x0904, 0x1125, 0x1145, 0x1145, 0x1145, 0x1145, 0x1145, 0x1165,
    0x1185, 0x1185, 0x1165, 0x1165, 0x1165, 0x1185, 0x1185, 0x11a5, 0x11a5, 0x11a5, 0x11a6, 0x19a6, 0x19c6, 0x19c6, 0x19c6, 0x19c6,
    0x19e6, 0x19e6, 0x19e6, 0x19e6, 0x1a06, 0x1a07, 0x1a26, 0x1a26, 0x1a26, 0x1a26, 0x1a47, 0x1a46, 0x2247, 0x2247, 0x2247, 0x2267,
    0x2267, 0x2267, 0x2267, 0x2287, 0x2287, 0x2287, 0x2287, 0x2287, 0x22a7, 0x22a7, 0x22c7, 0x22c7, 0x22c8, 0x22c7, 0x22e7, 0x22e7,
    0x2b08, 0x3328, 0x3328, 0x3308, 0x2a88, 0x11a5, 0x00e2, 0x0041, 0x0021, 0x2104, 0x5288, 0x944f, 0xc5b4, 0xee96, 0xf6b6, 0xf694,
    0xe5f1, 0xd56f, 0xcd0e, 0xccee, 0xccee, 0xccce, 0xbcae, 0xac6d, 0x93cc, 0x72e9, 0x5226, 0x3123, 0x2903, 0x18a2, 0x0000, 0x3166,
    0x528a, 0x4208, 0x3186, 0x2965, 0x2145, 0x2146, 0x2987, 0x3187, 0x3186, 0x2966, 0x3186, 0x2966, 0x2104, 0x3186, 0x4a08, 0x41a5,
    0x6aa8, 0xac6d, 0xb46c, 0xbc6c, 0xbc8d, 0xbc8c, 0xbcad, 0xbcad, 0xbcae, 0xbcce, 0xc4ce, 0xc4ce, 0xc4cf, 0xbcae, 0xb48e, 0xac4d,
    0x9c0c, 0x8baa, 0x838a, 0x7b6a, 0x838b, 0x49e6, 0x18a3, 0x6b2c, 0xa48f, 0x8b8a, 0x9bec, 0x6ac9, 0x3124, 0x7309, 0x834a, 0x93cd,
    0xa44e, 0xbccf, 0xc50f, 0xbcce, 0xb48d, 0xc4ce, 0xbcad, 0xbc8b, 0xbc8b, 0xbc8c, 0x9b89, 0x72e8, 0x6a88, 0xc4ed, 0xcd2f, 0x732b,
    0x0021, 0x1063, 0x1084, 0x18e5, 0x2967, 0x39e9, 0x3a09, 0x2146, 0x5a89, 0xc573, 0xc50f, 0xcd0f, 0xbc8c, 0xb42b, 0xabca, 0xa3c9,
    0xa389, 0xa389, 0xaba9, 0xabc9, 0xabc9, 0xabea, 0xb40a, 0xb40a, 0xb42c, 0x49a5, 0x49e7, 0x51c5, 0x3903, 0x3923, 0x3124, 0x3123,
    0x49a5, 0x5a06, 0x6a47, 0x7aa8, 0x8309, 0x9369, 0xa3ca, 0xac0b, 0xb44c, 0xbc6c, 0xc48c, 0xc4ad, 0xc48d, 0xbc6d, 0xbc6d, 0xac2c,
    0x9bca, 0x9bca, 0x938b, 0x8309, 0x7ae9, 0x8b4a, 0x832b, 0x9bed, 0xa46f, 0xb511, 0xd615, 0xe696, 0xef17, 0xff79, 0xffda, 0xe6d8,
    0x18a2, 0x11a5, 0x22e8, 0x22c7, 0x22c7, 0x22c7, 0x22a7, 0x22a7, 0x22a7, 0x2287, 0x2287, 0x22a7, 0x2aa8, 0x1104, 0x0020, 0xd67a,
    0xfe19, 0xf4f6, 0xfd36, 0xfcf6, 0xfcf6, 0xed57, 0x51c8, 0x31a6, 0x9cd3, 0xc618, 0xbe18, 0x9d14, 0x6b6d, 0x2945, 0x6209, 0xe516,
    0xfd37, 0xf4d6, 0xfcf6, 0xfd16, 0xfd36, 0xfd16, 0xfd16, 0xebd2, 0xdace, 0xdaae, 0xebb2, 0xbc11, 0x0800, 0x10a3, 0x29c8, 0x21a7,
    0x19c6, 0x19a6, 0x1185, 0x1165, 0x1165, 0x1145, 0x1145, 0x1125, 0x1125, 0x0904, 0x0904, 0x1104, 0x0904, 0x0904, 0x08e4, 0x08c4,
    0x08e4, 0x08e4, 0x0904, 0x0904, 0x08e4, 0x08c4, 0x08e4, 0x08c4, 0x08e4, 0x08e4, 0x08c4, 0x08c4, 0x00a3, 0x08a3, 0x08a4, 0x08c4,
    0x08a4, 0x08a4, 0x0083, 0x0083, 0x0883, 0x08a4, 0x08a3, 0x08a4, 0x0884, 0x0083, 0x0063, 0x0063, 0x0883, 0x0062, 0x0043, 0x0042,
    0x0042, 0x0043, 0x0063, 0x0063, 0x0043, 0x0042, 0x0042, 0x0042, 0x0043, 0x0062, 0x0042, 0x0042, 0x0042, 0x0022, 0x0022, 0x0043,
    0x0042, 0x0042, 0x0022, 0x0023, 0x0022, 0x0022, 0x0022, 0x0022, 0x0022, 0x0022, 0x0042, 0x0021, 0x0021, 0x0020, 0x0041, 0x0023,
    0x0023, 0x0823, 0x0021, 0x0000, 0x0001, 0x0001, 0x0022, 0x0043, 0x0042, 0x0022, 0x0020, 0x0041, 0x0063, 0x0063, 0x0064, 0x0063,
    0x0062, 0x0061, 0x0061, 0x0062, 0x0883, 0x0883, 0x0083, 0x0083, 0x0883, 0x00a3, 0x0082, 0x0082, 0x0081, 0x00a3, 0x08c4, 0x08c4,
    0x08c4, 0x00a2, 0x00c2, 0x00a2, 0x08c3, 0x08c3, 0x08c4, 0x08c4, 0x0083, 0x00c3, 0x08e3, 0x08e4, 0x08e5, 0x08e4, 0x00c3, 0x00e3,
    0x00e3, 0x0904, 0x0905, 0x1105, 0x0904, 0x0903, 0x0924, 0x0944, 0x1145, 0x1145, 0x1145, 0x0944, 0x0943, 0x0944, 0x0964, 0x1185,
    0x1185, 0x1185, 0x0965, 0x0984, 0x11a5, 0x11a6, 0x11a6, 0x19c6, 0x11c5, 0x11c5, 0x11c5, 0x19e5, 0x19e6, 0x19e6, 0x1a06, 0x1a06,
    0x1a06, 0x1a06, 0x1a26, 0x1a26, 0x1a26, 0x1a46, 0x1a47, 0x1a46, 0x1a46, 0x2247, 0x2267, 0x2267, 0x2267, 0x2267, 0x2267, 0x2287,
    0x2287, 0x2287, 0x22a7, 0x22a7, 0x22a7, 0x22c7, 0x22c7, 0x22c7, 0x22e7, 0x2b08, 0x3329, 0x3308, 0x2a87, 0x19c5, 0x00e3, 0x0041,
    0x0021, 0x2944, 0x630a, 0xa4d1, 0xd655, 0xff38, 0xff58, 0xf6b6, 0xddf2, 0xcd2f, 0xbcad, 0xbc8c, 0xb42c, 0xac0c, 0x938b, 0x7ae9,
    0x5206, 0x3123, 0x1881, 0x18c3, 0x18a2, 0x3166, 0x4a6a, 0x6b4d, 0x6b6e, 0x5aec, 0x634d, 0x738f, 0x630d, 0x4a6b, 0x52ab, 0x632d,
    0x5b0d, 0x634e, 0x5b2e, 0x52ac, 0x632d, 0x6b8e, 0x6b8e, 0x5b0d, 0x31a7, 0x4229, 0x73af, 0x5b0d, 0x18c3, 0x49e6, 0xac8f, 0xac6d,
    0xb46d, 0xbc8e, 0xbc6e, 0xb46e, 0xb44d, 0xb40b, 0xabaa, 0xaba9, 0xabca, 0xb42b, 0xcd0d, 0xe5af, 0xe5cf, 0xedf0, 0xedf0, 0xe5f1,
    0xee32, 0xbccf, 0x72c9, 0x834a, 0x7ae9, 0x8b2a, 0x9bcb, 0x9c2c, 0x9c0c, 0x8329, 0x72c8, 0x6a88, 0x49a6, 0x4185, 0x51c5, 0x7ae8,
    0xa3ca, 0x9b88, 0xa388, 0xa3a9, 0x9ba8, 0xa38a, 0x9308, 0x834a, 0x49a5, 0xbcaf, 0x93ac, 0x3965, 0x4a6a, 0x4a6a, 0x4a6a, 0x422a,
    0x31c8, 0x2126, 0x18c4, 0x20c3, 0x8b2a, 0xb40b, 0xabc9, 0xaba9, 0xabc9, 0xabca, 0xabca, 0xabca, 0xabca, 0xabca, 0xabca, 0xabc9,
    0xabea, 0xabea, 0xb3ea, 0xb3ea, 0xb42c, 0x51e5, 0x5a47, 0x72c8, 0x7ae9, 0x832a, 0x93ab, 0xa3eb, 0xb3eb, 0xbc4c, 0xbc6c, 0xc48c,
    0xc48c, 0xc4ac, 0xbcac, 0xbc6c, 0xb42c, 0xabeb, 0x9b8a, 0x8b09, 0x8b29, 0x8b49, 0x7ae9, 0x836a, 0x838c, 0x942d, 0xb4ef, 0xbd71,
    0xd5f3, 0xe6b6, 0xff38, 0xff99, 0xffda, 0xffd9, 0xffb9, 0xff99, 0xf737, 0xf717, 0xee95, 0xff37, 0x942e, 0x0000, 0x2ac8, 0x22e7,
    0x22c7, 0x22c7, 0x22c7, 0x22a7, 0x22a7, 0x22a7, 0x2287, 0x2287, 0x22a8, 0x2a28, 0x0000, 0x528a, 0xff3e, 0xecf5, 0xf4f5, 0xfcf5,
    0xfcd6, 0xfcf7, 0xfdb9, 0xb412, 0x6229, 0x3125, 0x3125, 0x51e8, 0x7aac, 0xc473, 0xfd58, 0xf4d6, 0xf4b6, 0xfcd6, 0xfcf6, 0xfcf6,
    0xfcf6, 0xfd36, 0xf454, 0xdaef, 0xdace, 0xe350, 0xed37, 0x2904, 0x0000, 0x1986, 0x19a6, 0x1185, 0x1185, 0x1185, 0x1165, 0x1165,
    0x1145, 0x0904, 0x1145, 0x1125, 0x1125, 0x1125, 0x0904, 0x00e3, 0x00e3, 0x00c3, 0x08e4, 0x08c4, 0x08e4, 0x00c3, 0x00c3, 0x00c3,
    0x00c3, 0x08e4, 0x08c4, 0x08c4, 0x00a2, 0x00a2, 0x00a2, 0x00c3, 0x08a4, 0x08a4, 0x00a3, 0x0062, 0x0082, 0x0083, 0x0083, 0x0083,
    0x0882, 0x0062, 0x0082, 0x0062, 0x0083, 0x0083, 0x0083, 0x0042, 0x0021, 0x0021, 0x0042, 0x0043, 0x0042, 0x0043, 0x0022, 0x0021,
    0x0042, 0x0042, 0x0042, 0x0042, 0x0022, 0x0000, 0x0021, 0x0042, 0x0022, 0x0022, 0x0022, 0x0001, 0x0021, 0x0042, 0x0022, 0x0023,
    0x0022, 0x0022, 0x0022, 0x0022, 0x0022, 0x0042, 0x0001, 0x29a5, 0x530b, 0x4b0a, 0x08c2, 0x0022, 0x0042, 0x0022, 0x08e2, 0x4aea,
    0x4aea, 0x1943, 0x0021, 0x0062, 0x0042, 0x0022, 0x3a47, 0x3a88, 0x0021, 0x0063, 0x0063, 0x0062, 0x1103, 0x530a, 0x4b0a, 0x1944,
    0x0062, 0x0884, 0x0083, 0x00a2, 0x08a3, 0x0082, 0x3247, 0x536b, 0x3ac8, 0x00c2, 0x08c4, 0x08e4, 0x0082, 0x21e6, 0x536b, 0x3ac9,
    0x08e2, 0x08c3, 0x08c3, 0x08e3, 0x3aa8, 0x3b09, 0x00e2, 0x08e4, 0x08e4, 0x00c2, 0x21e5, 0x4b4b, 0x4309, 0x0923, 0x0904, 0x1104,
    0x0903, 0x2a47, 0x434b, 0x0923, 0x1144, 0x1145, 0x0944, 0x11a4, 0x4349, 0x436a, 0x2226, 0x0964, 0x1185, 0x1165, 0x1a06, 0x436a,
    0x1a05, 0x11a5, 0x19c6, 0x11c5, 0x1a06, 0x3b09, 0x3309, 0x2246, 0x19e5, 0x1a06, 0x19e6, 0x19e6, 0x2247, 0x2267, 0x1a26, 0x1a26,
    0x1a26, 0x1a46, 0x1a46, 0x1a46, 0x1a46, 0x2247, 0x2267, 0x2267, 0x2267, 0x2267, 0x2287, 0x2287, 0x2287, 0x2287, 0x22a7, 0x22a7,
    0x22c7, 0x22a8, 0x2ac8, 0x32e9, 0x32c8, 0x2227, 0x0924, 0x0040, 0x0040, 0x2124, 0x5aca, 0x9c90, 0xce35, 0xff7a, 0xff9a, 0xff17,
    0xe634, 0xd590, 0xcd0f, 0xc4ce, 0xc4ee, 0xb4ae, 0x93ab, 0x6a67, 0x41c6, 0x2924, 0x18a2, 0x3166, 0x4208, 0x4209, 0x4a8a, 0x630d,
    0x5aec, 0x4a4a, 0x528a, 0x4a29, 0x31c8, 0x31c8, 0x31e8, 0x426a, 0x52ec, 0x6b8f, 0x7bd0, 0x73af, 0x73d0, 0x52cc, 0x422a, 0x5aed,
    0x5acc, 0x426a, 0x52cc, 0x634e, 0x52ec, 0x2967, 0x3a09, 0x5aed, 0x5acc, 0x0841, 0x18c3, 0x1082, 0x0821, 0x18a2, 0x2924, 0x51e6,
    0x72e9, 0x9bcb, 0xbcae, 0xcd0e, 0xd50d, 0xd54e, 0xdd4e, 0xdd4e, 0xdd4e, 0xdd4e, 0xdd4e, 0xdd4e, 0xd52e, 0xdd8f, 0xddb0, 0xd56f,
    0xddd0, 0xddb0, 0xe5b0, 0xddaf, 0xdd8f, 0xddb0, 0xe5b0, 0xe5b0, 0xddb1, 0xc510, 0x8bac, 0x4165, 0x4185, 0xa3cb, 0xabca, 0xabca,
    0xa3e9, 0xabea, 0x9b6a, 0x6aa9, 0x28e3, 0x6289, 0x1861, 0x2125, 0x2967, 0x10a4, 0x0841, 0x18a2, 0x3144, 0x5a47, 0x8309, 0xabec,
    0xb40b, 0xb3ea, 0xb3ea, 0xabea, 0xabea, 0xabca, 0xb3ea, 0xabca, 0xabca, 0xabca, 0xabca, 0xabca, 0xabca, 0xabea, 0xabea, 0xb40a,
    0xb42b, 0x7268, 0xbc8e, 0xc4ce, 0xc4ad, 0xc4cd, 0xbc8c, 0xbc6c, 0xb44c, 0xac0b, 0xa3aa, 0x9349, 0x936a, 0x82e9, 0x830a, 0x8b6b,
    0x7b2a, 0x9c0d, 0xa48e, 0xb4f0, 0xc571, 0xde54, 0xee96, 0xf717, 0xff78, 0xff98, 0xff98, 0xff98, 0xff77, 0xff36, 0xf6f5, 0xf6d5,
    0xee95, 0xe674, 0xe633, 0xe632, 0xe5f1, 0xddd0, 0xdd8f, 0xddaf, 0xb4cf, 0x0841, 0x2a87, 0x2b07, 0x22c7, 0x22c7, 0x22c7, 0x22c7,
    0x22a7, 0x22a8, 0x22a7, 0x2287, 0x1aa7, 0x2aa8, 0x1985, 0x0000, 0x9472, 0xfe9b, 0xecd5, 0xfd16, 0xfd36, 0xfd16, 0xfd16, 0xf557,
    0xfe1a, 0xfe1a, 0xfe1a, 0xfdd9, 0xfd79, 0xfcf7, 0xfcb6, 0xfcf6, 0xfcf6, 0xfcd6, 0xfcd6, 0xfcf6, 0xfd16, 0xfcd5, 0xe330, 0xe2ae,
    0xe32f, 0xfd57, 0x5a09, 0x0000, 0x1924, 0x11c6, 0x1185, 0x1185, 0x1166, 0x1165, 0x1165, 0x0944, 0x11a5, 0x2a67, 0x1185, 0x0925,
    0x1125, 0x1125, 0x0103, 0x3268, 0x4b4b, 0x2a47, 0x00c2, 0x08e4, 0x00c3, 0x19a5, 0x432a, 0x430a, 0x1185, 0x08e3, 0x08c4, 0x00a2,
    0x2a27, 0x4b2a, 0x3267, 0x00a1, 0x08c4, 0x08a3, 0x08e3, 0x3aa8, 0x3267, 0x0061, 0x0083, 0x0083, 0x0061, 0x2a06, 0x534a, 0x3aa8,
    0x0082, 0x0083, 0x0062, 0x10e3, 0x4aea, 0x4aea, 0x1923, 0x0021, 0x0863, 0x0042, 0x21a5, 0x534b, 0x08c2, 0x0022, 0x0043, 0x0042,
    0x0862, 0x4288, 0x3207, 0x0001, 0x0042, 0x0042, 0x0021, 0x2985, 0x532b, 0x0882, 0x0021, 0x0042, 0x0022, 0x0022, 0x0022, 0x0022,
    0x0022, 0x0022, 0x0041, 0x5bab, 0x08e2, 0x4b29, 0x3227, 0x0000, 0x0062, 0x0001, 0x3a88, 0x3246, 0x29e5, 0x536a, 0x0000, 0x0062,
    0x0042, 0x18e4, 0x4b29, 0x4329, 0x0021, 0x0063, 0x0083, 0x0020, 0x4288, 0x3247, 0x2a26, 0x532a, 0x0041, 0x08a4, 0x0883, 0x00a3,
    0x0883, 0x08e3, 0x5bec, 0x1163, 0x5c0c, 0x1984, 0x0883, 0x08c4, 0x08e2, 0x538b, 0x0962, 0x53ab, 0x2a06, 0x00a2, 0x00c4, 0x1124,
    0x3b08, 0x4baa, 0x00e2, 0x08e4, 0x08e4, 0x0102, 0x53ab, 0x0983, 0x4b89, 0x32a7, 0x00e3, 0x1104, 0x1124, 0x3ae8, 0x53cc, 0x0943,
    0x1144, 0x1144, 0x0123, 0x4329, 0x32e7, 0x22a6, 0x4bab, 0x0963, 0x1185, 0x1185, 0x2aa8, 0x4c0b, 0x2246, 0x1185, 0x19c6, 0x11c5,
    0x32e9, 0x2ac7, 0x2aa7, 0x3309, 0x11e5, 0x1a06, 0x19e6, 0x1a06, 0x2a88, 0x2aa7, 0x1a26, 0x1a46, 0x1a47, 0x1a46, 0x1a46, 0x1a46,
    0x2246, 0x2267, 0x2267, 0x2267, 0x2287, 0x2287, 0x2287, 0x2287, 0x22a7, 0x22a7, 0x2aa8, 0x2ac7, 0x3308, 0x32c8, 0x21e6, 0x08c2,
    0x0020, 0x0861, 0x49e6, 0x83cd, 0xc594, 0xf719, 0xffba, 0xff78, 0xeeb5, 0xcd90, 0xc4ee, 0xc4ee, 0xc4ce, 0xac4d, 0x93ab, 0x72e8,
    0x51e6, 0x2903, 0x1883, 0x39e9, 0x5aed, 0x528b, 0x2986, 0x5acc, 0x6b6e, 0x6b4e, 0x6b4e, 0x6b4d, 0x6b6e, 0x6b6f, 0x6b6f, 0x73d0,
    0x8452, 0x7c31, 0x6b8f, 0x634e, 0x52cc, 0x2986, 0x424a, 0x52ed, 0x5b2e, 0x4acc, 0x31e9, 0x31a8, 0x3a0a, 0x31c9, 0x31a8, 0x31c9,
    0x39c9, 0x2125, 0x0842, 0x18e4, 0x2925, 0x3985, 0x4a06, 0x730a, 0x836b, 0xa44d, 0xbd2f, 0xcd70, 0xd590, 0xd56f, 0xd54d, 0xccec,
    0xcccc, 0xc4cc, 0xcced, 0xd54e, 0xd56f, 0xddd0, 0xddf0, 0xe611, 0xe652, 0xe652, 0xe673, 0xee93, 0xee73, 0xee53, 0xee52, 0xee31,
    0xe5f1, 0xddd0, 0xdd6f, 0xd52e, 0xd56d, 0xdd6e, 0xe5b0, 0xdd90, 0x6288, 0x4164, 0xabec, 0xabca, 0xabe9, 0xabea, 0x9baa, 0x5a27,
    0x9c4f, 0x5aa9, 0x0882, 0x2146, 0x18a4, 0x3144, 0x8329, 0x9baa, 0xac2c, 0xb42b, 0xb40b, 0xabea, 0xabca, 0xabea, 0xabcb, 0xabcb,
    0xabca, 0xabca, 0xabea, 0xabea, 0xabea, 0xabea, 0xabea, 0xb3ea, 0xabea, 0xabea, 0xabe9, 0xabe9, 0xac0b, 0x6a47, 0xb44e, 0xabeb,
    0xa3ca, 0x8b49, 0x9369, 0x7b09, 0x7b29, 0x8bcb, 0x93ec, 0x9c2e, 0xb4f0, 0xcd92, 0xd5f4, 0xee96, 0xff17, 0xff58, 0xff99, 0xffda,
    0xffba, 0xff99, 0xff58, 0xff16, 0xf6d5, 0xee94, 0xee73, 0xe632, 0xe611, 0xddf1, 0xddd0, 0xddb0, 0xdd8f, 0xd56f, 0xd54f, 0xd50e,
    0xcccd, 0xc48c, 0xbc6b, 0xb44a, 0xb46d, 0x18a2, 0x2247, 0x2b08, 0x22e7, 0x22c7, 0x22c7, 0x22c7, 0x22c7, 0x22a7, 0x22a7, 0x22a7,
    0x22a7, 0x22a7, 0x32a8, 0x1103, 0x0020, 0xacf3, 0xfe5a, 0xf4f5, 0xfd36, 0xfd36, 0xfd77, 0xbc11, 0x61c7, 0x6a08, 0x7a29, 0x824a,
    0xdc53, 0xfd16, 0xfcf6, 0xfcf6, 0xfcf6, 0xfcf6, 0xfcf6, 0xfd36, 0xfcf6, 0xe371, 0xda8e, 0xe351, 0xf536, 0x6a49, 0x0000, 0x2104,
    0x21a6, 0x11a5, 0x1185, 0x1165, 0x1166, 0x1146, 0x1145, 0x0944, 0x1a06, 0x3308, 0x11a5, 0x0924, 0x1125, 0x0904, 0x19c5, 0x436a,
    0x0982, 0x53ab, 0x0943, 0x08e3, 0x00a2, 0x4309, 0x2a66, 0x2a66, 0x4329, 0x00a2, 0x08c3, 0x1164, 0x434a, 0x08e1, 0x53ab, 0x1984,
    0x08a3, 0x00a3, 0x1965, 0x4b6a, 0x4b29, 0x0061, 0x08a3, 0x0063, 0x08e3, 0x5bcb, 0x1122, 0x5bec, 0x1964, 0x0062, 0x0021, 0x4288,
    0x3226, 0x3246, 0x534a, 0x0020, 0x0863, 0x0062, 0x3a27, 0x6c0c, 0x1102, 0x0022, 0x0043, 0x0022, 0x2124, 0x5b8b, 0x42a8, 0x0000,
    0x0042, 0x0022, 0x0842, 0x3a67, 0x63ec, 0x08c2, 0x0021, 0x0042, 0x0022, 0x0022, 0x0022, 0x0022, 0x0022, 0x0022, 0x0882, 0x534a,
    0x1123, 0x4b89, 0x3247, 0x0001, 0x0062, 0x0001, 0x42c8, 0x21c4, 0x3a47, 0x536a, 0x0001, 0x0063, 0x0063, 0x0002, 0x19a3, 0x4b69,
    0x0021, 0x0063, 0x0063, 0x0021, 0x4289, 0x21a5, 0x3267, 0x4b4a, 0x0061, 0x0884, 0x08a3, 0x08a3, 0x0883, 0x1144, 0x4b8a, 0x0962,
    0x5c2b, 0x21a5, 0x0063, 0x08a4, 0x0923, 0x4b6a, 0x0941, 0x53eb, 0x2a46, 0x00a2, 0x08e4, 0x0083, 0x0943, 0x438a, 0x00e2, 0x10c4,
    0x08c4, 0x0943, 0x4baa, 0x09a3, 0x4c0a, 0x3b29, 0x00e3, 0x1125, 0x0904, 0x0983, 0x438a, 0x0943, 0x1145, 0x1145, 0x0123, 0x436a,
    0x2285, 0x3307, 0x4bab, 0x0963, 0x1185, 0x1185, 0x0983, 0x3ba9, 0x2266, 0x11a5, 0x19e6, 0x11c5, 0x32e8, 0x22a6, 0x2ae7, 0x3308,
    0x11e5, 0x1a06, 0x19e6, 0x1a06, 0x1a26, 0x2aa7, 0x1a46, 0x1a47, 0x1a47, 0x2247, 0x2246, 0x1a46, 0x2247, 0x2267, 0x2267, 0x2267,
    0x2267, 0x2287, 0x2287, 0x22a7, 0x22a8, 0x2ae8, 0x2ac8, 0x2206, 0x08e2, 0x0000, 0x10a2, 0x5289, 0x944f, 0xde56, 0xff7a, 0xffbb,
    0xff58, 0xee74, 0xcd4f, 0xbccd, 0xb46c, 0xbc6d, 0xac4d, 0x7b09, 0x4a06, 0x4a27, 0x528a, 0x39c7, 0x2125, 0x3187, 0x52ec, 0x52ec,
    0x3a09, 0x0843, 0x2105, 0x18c4, 0x0842, 0x2946, 0x39a8, 0x31a8, 0x4209, 0x422a, 0x4a6a, 0x4a8b, 0x4aab, 0x7bf1, 0x8432, 0x73f0,
    0x6b6f, 0x4a6b, 0x10e4, 0x422a, 0x4aac, 0x426b, 0x424a, 0x1905, 0x0883, 0x10a3, 0x18e4, 0x2924, 0x4a27, 0x5a88, 0x838b, 0xaccf,
    0xcd91, 0xe633, 0xee74, 0xf694, 0xf673, 0xee52, 0xe611, 0xe5f0, 0xe5f0, 0xe631, 0xee73, 0xeeb4, 0xf6f6, 0xf716, 0xf716, 0xf716,
    0xf716, 0xf736, 0xf716, 0xeed5, 0xee94, 0xee73, 0xe652, 0xe611, 0xe5f1, 0xe5f0, 0xe5cf, 0xe58f, 0xe58f, 0xdd8f, 0xdd6e, 0xd54d,
    0xd52d, 0xd52e, 0xcd0d, 0xd50d, 0xdd90, 0x51c5, 0x5a27, 0xb44c, 0xb3c9, 0xac0b, 0x9b8a, 0x6a68, 0xacb0, 0x4a27, 0x10c3, 0x2967,
    0x18c4, 0x6288, 0xb44c, 0xaba9, 0xabca, 0xabaa, 0xaba9, 0xabca, 0xabca, 0xb3ca, 0xabca, 0xabea, 0xabca, 0xabea, 0xabea, 0xabca,
    0xabca, 0xabc9, 0xaba9, 0xa3a9, 0xa3c9, 0xa3e9, 0xac09, 0xb44b, 0xc50e, 0x7ae9, 0x6aa9, 0xac8f, 0xbd30, 0xbd52, 0xd5f3, 0xe654,
    0xeeb6, 0xff17, 0xff58, 0xffb9, 0xffb9, 0xff99, 0xff98, 0xff58, 0xff37, 0xf6f6, 0xeed5, 0xee94, 0xf6b4, 0xee73, 0xe632, 0xe611,
    0xddd0, 0xddaf, 0xdd6e, 0xd54e, 0xcd0d, 0xc4cc, 0xc4ac, 0xbc6b, 0xbc4b, 0xb42a, 0xb40a, 0xb40a, 0xb40a, 0xb40a, 0xbc0b, 0xb40a,
    0xb48e, 0x18e3, 0x2226, 0x2b08, 0x22e7, 0x22e7, 0x22c7, 0x22c7, 0x22c7, 0x22c7, 0x22a8, 0x22a7, 0x22a7, 0x22a7, 0x2287, 0x3268,
    0x0882, 0x0841, 0xa472, 0xfe3a, 0xf516, 0xfd36, 0xfd36, 0xfd37, 0xc3b1, 0xa2ed, 0xa30e, 0xd3f2, 0xfcf6, 0xfcf6, 0xfd16, 0xfd16,
    0xfd16, 0xfcf6, 0xfd16, 0xfcb5, 0xdb30, 0xd28e, 0xebb2, 0xdc74, 0x51a7, 0x0000, 0x0821, 0x2166, 0x19c6, 0x1985, 0x1185, 0x1185,
    0x1165, 0x1145, 0x1145, 0x1145, 0x0123, 0x2267, 0x19a5, 0x0924, 0x1125, 0x00e4, 0x2206, 0x32c8, 0x0982, 0x53cb, 0x1984, 0x08e4,
    0x00c3, 0x4308, 0x1a03, 0x32a7, 0x3b09, 0x00a2, 0x0083, 0x19c5, 0x3b08, 0x1162, 0x5c0c, 0x2206, 0x0883, 0x10e4, 0x00a2, 0x19c4,
    0x534a, 0x0062, 0x08a3, 0x0063, 0x1964, 0x4b49, 0x0902, 0x53ec, 0x21c5, 0x0062, 0x0041, 0x42a8, 0x21c4, 0x3286, 0x536a, 0x0061,
    0x0063, 0x0063, 0x0020, 0x536a, 0x1123, 0x0022, 0x0042, 0x0842, 0x0000, 0x29e5, 0x42c8, 0x0001, 0x0043, 0x0042, 0x0022, 0x0040,
    0x536a, 0x08e2, 0x0022, 0x0022, 0x0022, 0x0022, 0x0022, 0x0022, 0x0022, 0x0022, 0x0882, 0x538a, 0x3a67, 0x3ac7, 0x3a67, 0x0001,
    0x0062, 0x0001, 0x3aa8, 0x42e8, 0x3226, 0x4b2a, 0x0001, 0x0062, 0x0863, 0x0002, 0x2205, 0x4b6a, 0x0021, 0x0063, 0x0863, 0x0021,
    0x3a87, 0x42a8, 0x2a26, 0x4b2a, 0x0061, 0x08a4, 0x08a3, 0x08a3, 0x0883, 0x1144, 0x53eb, 0x2a46, 0x4b89, 0x21c6, 0x0043, 0x00c4,
    0x0924, 0x4baa, 0x2aa5, 0x4baa, 0x2a47, 0x00a3, 0x08c4, 0x08a3, 0x1185, 0x4b8b, 0x0903, 0x10c5, 0x08e4, 0x0943, 0x4baa, 0x2ac6,
    0x3b68, 0x3b69, 0x0103, 0x1125, 0x0904, 0x11c4, 0x4bab, 0x1164, 0x1145, 0x1145, 0x0944, 0x3b69, 0x3b68, 0x22a6, 0x4bab, 0x0984,
    0x1165, 0x1185, 0x09a4, 0x43ca, 0x1a66, 0x11c5, 0x19e6, 0x11c5, 0x3309, 0x2b08, 0x2286, 0x32e8, 0x19e5, 0x19e6, 0x19e6, 0x19e5,
    0x1a46, 0x2ac8, 0x1a46, 0x1a46, 0x1a46, 0x1a26, 0x1a46, 0x1a66, 0x1a67, 0x2288, 0x2287, 0x2aa8, 0x2aa8, 0x2aa8, 0x2288, 0x2a89,
    0x2a48, 0x1144, 0x0040, 0x0861, 0x39c7, 0x8c70, 0xdeb8, 0xffbb, 0xfffb, 0xff79, 0xee95, 0xd5b1, 0xc50e, 0xbcad, 0xac4c, 0x93ab,
    0x72ea, 0x4184, 0x1020, 0x1082, 0x424a, 0x52cc, 0x4a6b, 0x4a6a, 0x2146, 0x0883, 0x31c8, 0x2987, 0x4249, 0x52cb, 0x6b6e, 0x634d,
    0x4a6a, 0x2105, 0x31a8, 0x39ea, 0x3a0a, 0x3a0a, 0x4aac, 0x6b8e, 0x3a08, 0x2967, 0x4a8c, 0x4a8b, 0x4a8b, 0x52ac, 0x1905, 0x0021,
    0x2105, 0x18e3, 0x3165, 0x41e7, 0x732a, 0xa46e, 0xc591, 0xde12, 0xee73, 0xf673, 0xf673, 0xf651, 0xee31, 0xe611, 0xe631, 0xe632,
    0xe653, 0xeeb4, 0xeef6, 0xf716, 0xff57, 0xff78, 0xf757, 0xf737, 0xf6f6, 0xeeb5, 0xe673, 0xde11, 0xddf0, 0xddcf, 0xd58f, 0xd56e,
    0xd54e, 0xd52e, 0xd52d, 0xd52d, 0xcd0d, 0xccec, 0xc4cc, 0xc4cc, 0xc4ac, 0xbc8c, 0xbc6b, 0xb42a, 0xb42a, 0xb40a, 0xb42a, 0xb40a,
    0xbc4a, 0xac2c, 0x3103, 0x9bcc, 0xb3ea, 0xb40a, 0x938b, 0x5a07, 0xacaf, 0x5268, 0x18c4, 0x3168, 0x18c4, 0x5a47, 0xac0a, 0xa3a9,
    0xabc9, 0xabca, 0xabca, 0xabca, 0xabc9, 0xaba9, 0xa3a9, 0xa3a9, 0xa3a9, 0xa3a9, 0xabea, 0xac0a, 0xb44b, 0xbcad, 0xcd0e, 0xd56f,
    0xe5f1, 0xe632, 0xee52, 0xee72, 0xf693, 0xe674, 0x732b, 0xe719, 0xffdb, 0xff9a, 0xffb9, 0xff99, 0xff98, 0xff57, 0xff37, 0xf6f5,
    0xeeb4, 0xee73, 0xe632, 0xe611, 0xddf0, 0xddaf, 0xddd1, 0xcdb2, 0xb4ae, 0xac8e, 0xc50f, 0xc52f, 0xcd2f, 0xcd0e, 0xc4cd, 0xc48d,
    0xbc6c, 0xbc6b, 0xbc2a, 0xbc0a, 0xbc0a, 0xbc0a, 0xb40a, 0xb40a, 0xb40a, 0xb40a, 0xbc2a, 0xb409, 0xbccf, 0x18e3, 0x2226, 0x2b28,
    0x22e8, 0x22e8, 0x22e7, 0x22e7, 0x22c7, 0x22c7, 0x22c7, 0x22c7, 0x22a7, 0x22a7, 0x2287, 0x2a88, 0x2a68, 0x0883, 0x0000, 0x8b8e,
    0xfdf8, 0xfd78, 0xfcf5, 0xfcd6, 0xfd17, 0xfcf6, 0xfcf7, 0xfd17, 0xfcf6, 0xfd17, 0xfd17, 0xfd36, 0xfd36, 0xfd16, 0xf433, 0xdaef,
    0xe310, 0xec33, 0xab8f, 0x2082, 0x0000, 0x6b0c, 0x2924, 0x0082, 0x21c6, 0x19a6, 0x1185, 0x1185, 0x1165, 0x1165, 0x1144, 0x1165,
    0x0944, 0x2a67, 0x19a5, 0x0924, 0x1125, 0x0103, 0x1a05, 0x3b48, 0x1a24, 0x4b8a, 0x19e5, 0x0904, 0x00e3, 0x3ae8, 0x32a6, 0x2a26,
    0x3ae9, 0x00a2, 0x08a4, 0x11c5, 0x4baa, 0x2205, 0x4b8a, 0x2a26, 0x00a3, 0x08e5, 0x00a2, 0x2205, 0x534a, 0x00a2, 0x08c4, 0x0083,
    0x1964, 0x5bcc, 0x21c5, 0x42c9, 0x29e6, 0x0042, 0x0041, 0x42c8, 0x3b09, 0x3287, 0x4b4a, 0x0041, 0x0063, 0x0063, 0x0061, 0x538a,
    0x1143, 0x0022, 0x0843, 0x0043, 0x0001, 0x3226, 0x42a8, 0x0000, 0x0843, 0x0823, 0x0023, 0x0080, 0x5b8b, 0x10e3, 0x0002, 0x0022,
    0x0022, 0x0022, 0x0022, 0x0022, 0x0022, 0x0022, 0x0041, 0x642c, 0x1943, 0x2205, 0x3a67, 0x0000, 0x0082, 0x0000, 0x42c8, 0x42e8,
    0x08e1, 0x536b, 0x0021, 0x0062, 0x0062, 0x0001, 0x19a3, 0x4349, 0x0000, 0x0083, 0x0063, 0x0021, 0x42c8, 0x3287, 0x1122, 0x534b,
    0x0061, 0x08a4, 0x08a4, 0x08a3, 0x0883, 0x0923, 0x5c4d, 0x00e1, 0x4348, 0x29e6, 0x0063, 0x00c3, 0x0903, 0x5c2c, 0x11c2, 0x4328,
    0x2a67, 0x00a3, 0x0904, 0x00a2, 0x0943, 0x436a, 0x00c1, 0x08e4, 0x0904, 0x0943, 0x53ec, 0x11e3, 0x2ac7, 0x3b29, 0x0103, 0x1125,
    0x0924, 0x0983, 0x4baa, 0x0922, 0x1144, 0x1165, 0x0923, 0x4389, 0x3347, 0x09e3, 0x53cc, 0x09a4, 0x11a5, 0x11a6, 0x0984, 0x3b89,
    0x1245, 0x11c5, 0x19e5, 0x11c5, 0x3309, 0x2ae8, 0x1a65, 0x3309, 0x1a05, 0x1a06, 0x1a06, 0x1a06, 0x1a46, 0x2aa7, 0x1a46, 0x2247,
    0x2267, 0x2a68, 0x2a68, 0x2a67, 0x2227, 0x19e6, 0x19a5, 0x1144, 0x00a2, 0x00a2, 0x10e3, 0x0021, 0x0000, 0x18c3, 0x7b8e, 0xd657,
    0xffbb, 0xfffc, 0xffba, 0xf717, 0xde13, 0xd570, 0xcd0f, 0xbc8d, 0x93ab, 0x6288, 0x3123, 0x0820, 0x18c3, 0x39c7, 0x2966, 0x2926,
    0x39e9, 0x18a4, 0x10a3, 0x2945, 0x4a6a, 0x630d, 0x4a49, 0x10a3, 0x73af, 0x73af, 0x8c52, 0x9cd4, 0xb5b7, 0x8c52, 0x0842, 0x18c4,
    0x2146, 0x10a4, 0x10c4, 0x424a, 0x4a8b, 0x2105, 0x2987, 0x2125, 0x18e4, 0x2125, 0x3185, 0x6b0a, 0x944e, 0xc571, 0xe634, 0xf6b5,
    0xfeb4, 0xf693, 0xee51, 0xe610, 0xddf0, 0xe611, 0xe632, 0xee93, 0xeed5, 0xf716, 0xf737, 0xf737, 0xf737, 0xf6f6, 0xeed5, 0xe694,
    0xe653, 0xddf1, 0xddd0, 0xd590, 0xd56f, 0xd54e, 0xcd2e, 0xcd0d, 0xccec, 0xc4cc, 0xc4ac, 0xbc8b, 0xbc6b, 0xb42a, 0xb42a, 0xac0a,
    0xabea, 0xabea, 0xabca, 0xabea, 0xb3ea, 0xb40a, 0xb40a, 0xb40a, 0xb40a, 0xbc2b, 0xbc4b, 0xc44c, 0xc46b, 0xcd0f, 0x6aa8, 0x7287,
    0xbc6c, 0xb40a, 0x8b49, 0x49a5, 0x9c6e, 0x62ca, 0x20e5, 0x3188, 0x10a4, 0x5a26, 0xac0b, 0xa3a9, 0xa3a9, 0xa3a8, 0xa3aa, 0xa3ca,
    0xac0a, 0xb44b, 0xbcac, 0xcd0e, 0xd56f, 0xddd0, 0xe611, 0xee52, 0xf693, 0xf6b4, 0xf6b4, 0xf6d4, 0xf6b4, 0xeeb4, 0xeeb4, 0xeeb4,
    0xeeb4, 0xff36, 0xd5d3, 0x8c2e, 0xff99, 0xf6f6, 0xeed5, 0xeeb4, 0xe673, 0xe632, 0xddf1, 0xddd0, 0xdd90, 0xdd8f, 0xd56e, 0xd52d,
    0xc4ec, 0xc50d, 0x8bab, 0x20c2, 0x0000, 0x0000, 0x0000, 0x0800, 0x1881, 0x3144, 0x51c5, 0x72a8, 0x832a, 0x938a, 0x9beb, 0xac4c,
    0xb46c, 0xbc4c, 0xbc6c, 0xbc4c, 0xbc4b, 0xbc2b, 0xbc2b, 0xbc0a, 0xc4cf, 0x20e3, 0x2246, 0x2b48, 0x2308, 0x2308, 0x22e8, 0x22e7,
    0x22e7, 0x22c7, 0x22c7, 0x22c8, 0x22a8, 0x22a7, 0x22a7, 0x2287, 0x22a8, 0x2a68, 0x10e4, 0x0000, 0x49c7, 0xbc93, 0xf576, 0xfd36,
    0xfd16, 0xfcf5, 0xfcf6, 0xfcf6, 0xfd16, 0xfd16, 0xfd36, 0xfd35, 0xf493, 0xebb1, 0xdb70, 0xdbd1, 0xc3f1, 0x6229, 0x0000, 0x10e6,
    0x2a2b, 0x9cf1, 0x5246, 0x0000, 0x0062, 0x1966, 0x19a7, 0x1986, 0x1985, 0x1185, 0x1165, 0x1165, 0x0124, 0x2226, 0x1184, 0x0904,
    0x1125, 0x0904, 0x19e5, 0x53eb, 0x0182, 0x4b8a, 0x19c5, 0x08e4, 0x00c3, 0x4329, 0x2a45, 0x1163, 0x432a, 0x00c2, 0x08c3, 0x1183,
    0x5c2c, 0x0121, 0x4b49, 0x2a06, 0x00a3, 0x08e5, 0x0081, 0x19c4, 0x4b2a, 0x0060, 0x00c4, 0x0062, 0x1123, 0x642d, 0x00c0, 0x42e9,
    0x2a06, 0x0062, 0x0041, 0x4308, 0x3aa7, 0x1963, 0x536a, 0x0020, 0x0083, 0x0063, 0x0020, 0x4b49, 0x0902, 0x0022, 0x0043, 0x0063,
    0x0000, 0x29e5, 0x3a87, 0x0000, 0x0042, 0x0022, 0x0022, 0x0020, 0x534a, 0x08a1, 0x0021, 0x0042, 0x0022, 0x0022, 0x0022, 0x0022,
    0x0022, 0x0022, 0x0000, 0x4b09, 0x4ac9, 0x532a, 0x2164, 0x0001, 0x0062, 0x0021, 0x21c5, 0x5bac, 0x4b0a, 0x42c8, 0x0021, 0x0083,
    0x0042, 0x08a3, 0x4309, 0x5c0b, 0x21a5, 0x0061, 0x0063, 0x0062, 0x21e6, 0x53ab, 0x4b0a, 0x3a68, 0x0041, 0x0884, 0x08a3, 0x08a3,
    0x08a3, 0x00a2, 0x536a, 0x42e9, 0x53ab, 0x1143, 0x08c3, 0x08e3, 0x00a2, 0x4b6a, 0x4328, 0x4b6a, 0x1984, 0x00c3, 0x00e3, 0x0903,
    0x3ac9, 0x5c2d, 0x2226, 0x08e3, 0x0904, 0x00e2, 0x4309, 0x4329, 0x4b8b, 0x19e5, 0x0903, 0x1125, 0x1144, 0x3b08, 0x646d, 0x32e7,
    0x1164, 0x1165, 0x0943, 0x2ac7, 0x4bca, 0x4369, 0x3b09, 0x0984, 0x19a6, 0x11a5, 0x2a87, 0x540b, 0x3b4a, 0x19e5, 0x19c5, 0x11c5,
    0x2287, 0x3329, 0x3309, 0x2ac8, 0x1a25, 0x1a26, 0x1a26, 0x2227, 0x32a9, 0x3288, 0x21e6, 0x1985, 0x0903, 0x00a2, 0x0041, 0x0000,
    0x0020, 0x0020, 0x0861, 0x18c3, 0x528a, 0x39e8, 0x0000, 0x2924, 0x9c91, 0xef5b, 0xfffd, 0xff9a, 0xff79, 0xff38, 0xddf2, 0xbcef,
    0xbcae, 0xa42d, 0x6aa8, 0x3144, 0x1062, 0x0842, 0x2105, 0x4a4a, 0x4a49, 0x4229, 0x4a4a, 0x18c4, 0x20e5, 0x2105, 0x4229, 0x4a4a,
    0x52ab, 0x634d, 0xa535, 0x6b6e, 0x0862, 0x39c8, 0x2967, 0x3188, 0x630e, 0x73d0, 0x39e9, 0x2126, 0x31a8, 0x39c8, 0x10a4, 0x18c4,
    0x18c3, 0x10c2, 0x41e7, 0x83cd, 0xbd31, 0xde35, 0xf6d6, 0xfef5, 0xf6b4, 0xee73, 0xee52, 0xe631, 0xe672, 0xee94, 0xf6f5, 0xff16,
    0xf737, 0xff37, 0xf716, 0xeed5, 0xe694, 0xe632, 0xddf1, 0xddb0, 0xd56f, 0xd54e, 0xcd2e, 0xcd0e, 0xcced, 0xc4ed, 0xc4ac, 0xc48c,
    0xbc6b, 0xb44a, 0xb40a, 0xabea, 0xabea, 0xabe9, 0xb3e9, 0xb409, 0xb40a, 0xb40a, 0xb42b, 0xb42b, 0xbc4b, 0xbc6c, 0xbc6c, 0xc46c,
    0xbc6c, 0xbc6c, 0xbc6d, 0xb46d, 0xac4c, 0xa40c, 0x93cb, 0x938a, 0x834a, 0x838b, 0x5248, 0x3902, 0x9beb, 0xb44c, 0xa40c, 0x49e6,
    0x7b2c, 0x5a6a, 0x0821, 0x0841, 0x0821, 0x7b09, 0xbc8c, 0xbcad, 0xc52e, 0xd58f, 0xddd1, 0xe612, 0xee52, 0xf693, 0xf6b4, 0xf6b4,
    0xf6b4, 0xf6d4, 0xf6b4, 0xf6b4, 0xf6b4, 0xf6b4, 0xf6d5, 0xf6f5, 0xf716, 0xff16, 0xfef6, 0xf6d5, 0xf6b4, 0xee72, 0xf6b4, 0x7b4a,
    0xcd71, 0xe612, 0xddb0, 0xdd8f, 0xdd6f, 0xd52e, 0xcd0d, 0xcced, 0xc48b, 0xbc4a, 0xb429, 0xb409, 0xb42a, 0x93ca, 0x0000, 0x1104,
    0x74b1, 0x8d74, 0x8513, 0x7471, 0x530c, 0x3a28, 0x10e3, 0x0861, 0x0041, 0x0000, 0x0000, 0x0820, 0x1861, 0x28e2, 0x41a5, 0x5a26,
    0x72c8, 0x8349, 0x9bab, 0xabec, 0xc512, 0x2104, 0x2267, 0x2b48, 0x2308, 0x2b08, 0x2308, 0x22e7, 0x22e7, 0x22c7, 0x22c7, 0x22c8,
    0x22c8, 0x22a7, 0x22a7, 0x22a7, 0x22a7, 0x22a7, 0x3a89, 0x10c4, 0x0000, 0x0000, 0x49a7, 0xabd0, 0xdcd5, 0xfd57, 0xfd37, 0xfd37,
    0xfd57, 0xfd16, 0xf4b4, 0xec53, 0xdbd1, 0xc390, 0x92ed, 0x5187, 0x0800, 0x0001, 0x21eb, 0x3b32, 0x3ace, 0xad72, 0x2903, 0x2103,
    0x1082, 0x0000, 0x08e3, 0x21a7, 0x19a6, 0x1185, 0x1185, 0x0965, 0x1185, 0x3287, 0x2206, 0x0944, 0x0945, 0x0924, 0x1164, 0x4b8b,
    0x32a8, 0x4b4b, 0x0944, 0x0904, 0x00c3, 0x2a67, 0x4b4a, 0x4309, 0x2a67, 0x00c3, 0x08e4, 0x00e2, 0x4b6b, 0x32a7, 0x4b4a, 0x0924,
    0x08c4, 0x08c4, 0x1124, 0x4329, 0x642d, 0x21a5, 0x00a3, 0x00a3, 0x00a1, 0x536a, 0x3ac8, 0x5bac, 0x1103, 0x0082, 0x0041, 0x3226,
    0x536b, 0x4b0a, 0x3a67, 0x0020, 0x0082, 0x0041, 0x2184, 0x640d, 0x3a88, 0x0062, 0x0042, 0x0042, 0x10c3, 0x532a, 0x5b8b, 0x10e3,
    0x0022, 0x0043, 0x0042, 0x2a06, 0x6c4e, 0x3a48, 0x0041, 0x0042, 0x0022, 0x0022, 0x0022, 0x0022, 0x0022, 0x0022, 0x0022, 0x0061,
    0x31c7, 0x1924, 0x0021, 0x0823, 0x0042, 0x0042, 0x0040, 0x2165, 0x29e7, 0x0081, 0x0042, 0x0063, 0x0042, 0x0883, 0x2185, 0x21a5,
    0x1944, 0x0062, 0x0863, 0x0083, 0x0082, 0x19a5, 0x29e6, 0x00a2, 0x08a3, 0x0883, 0x00a3, 0x00a3, 0x08a3, 0x00a2, 0x08e2, 0x3248,
    0x1164, 0x00a2, 0x08e4, 0x08e4, 0x08c3, 0x08e3, 0x2a47, 0x1964, 0x00c2, 0x08e4, 0x00c4, 0x08e4, 0x2207, 0x2226, 0x21e6, 0x08e4,
    0x08e4, 0x0903, 0x0903, 0x2a27, 0x19a5, 0x0903, 0x1124, 0x1124, 0x1144, 0x2247, 0x2267, 0x2247, 0x1164, 0x1145, 0x1165, 0x0984,
    0x2267, 0x2aa8, 0x11a5, 0x11a5, 0x19a6, 0x11a5, 0x2247, 0x2287, 0x2aa7, 0x19e5, 0x19c5, 0x19e6, 0x1205, 0x2267, 0x2267, 0x1a06,
    0x1a26, 0x2227, 0x2a48, 0x1985, 0x0082, 0x0000, 0x0000, 0x0841, 0x2965, 0x4a27, 0x7b8d, 0x942f, 0xbd74, 0xd637, 0xe6d8, 0xf77b,
    0xe6d9, 0x18e3, 0x734c, 0xef18, 0xff78, 0xf717, 0xf6f6, 0xff37, 0xeed6, 0xac6c, 0x9bca, 0x7b09, 0x3144, 0x0000, 0x18c4, 0x3a09,
    0x2967, 0x5b2e, 0x632e, 0x3187, 0x2967, 0x39e9, 0x2946, 0x10c4, 0x18e4, 0x4a4a, 0x31a7, 0x4249, 0x2146, 0x2146, 0x424a, 0x9d35,
    0x2986, 0x2125, 0x3a09, 0x29a8, 0x424a, 0x5b2d, 0x52ac, 0x0863, 0x10a3, 0x18a3, 0x4a27, 0x83cd, 0xbd72, 0xe675, 0xff17, 0xff16,
    0xfed5, 0xf693, 0xee93, 0xee94, 0xeed5, 0xf716, 0xff37, 0xff57, 0xf737, 0xf6f6, 0xeeb5, 0xe653, 0xddd1, 0xd56f, 0xcd2e, 0xc4ec,
    0xc4cc, 0xbc8b, 0xbc6b, 0xbc4b, 0xb44b, 0xb42a, 0xb42a, 0xb42a, 0xb44b, 0xbc4b, 0xbc4b, 0xbc6b, 0xc46b, 0xc46c, 0xc48c, 0xc48d,
    0xbc6d, 0xbc6d, 0xb44d, 0xac4d, 0xac2c, 0xa3ec, 0x9bcb, 0x8b4a, 0x7ae8, 0x6a87, 0x6a68, 0x5a27, 0x49c5, 0x3943, 0x3103, 0x28c2,
    0x1861, 0x1061, 0x20c2, 0x2903, 0x4164, 0x51e5, 0x5a68, 0x6289, 0x51e6, 0x49a5, 0x5a27, 0x41a5, 0x0800, 0x1041, 0x730a, 0xb510,
    0xc5b2, 0xee93, 0xf693, 0xf6d4, 0xf6b3, 0xf693, 0xeeb4, 0xeeb4, 0xeeb4, 0xf6d4, 0xf6f4, 0xf6f5, 0xf716, 0xff36, 0xff36, 0xf716,
    0xf6f5, 0xf6b5, 0xee94, 0xee73, 0xe652, 0xe632, 0xe5f1, 0xddd0, 0xddaf, 0xd56e, 0xddaf, 0x832a, 0x9bcb, 0xc4ac, 0xbc4a, 0xbc49,
    0xbc2a, 0xbc2a, 0xbc2a, 0xbc2a, 0xbc2a, 0xbc2a, 0xbc2b, 0xbc2a, 0xc4ad, 0x6a87, 0x0882, 0x6c73, 0x4c10, 0x4c51, 0x5cf3, 0x6d95,
    0x7e37, 0x8e78, 0x8e58, 0x9657, 0x8df6, 0x8595, 0x74d2, 0x5bcf, 0x534c, 0x3248, 0x2165, 0x10a2, 0x0000, 0x0000, 0x0000, 0x0000,
    0x18a2, 0x0000, 0x2207, 0x334a, 0x2b08, 0x2b08, 0x2b08, 0x2308, 0x22e7, 0x22e7, 0x22c7, 0x22c7, 0x22c7, 0x22c7, 0x22c7, 0x22a7,
    0x2aa7, 0x2a47, 0x08a3, 0x0000, 0x10a2, 0x4268, 0x0000, 0x0000, 0x1862, 0x4966, 0x722a, 0x8aed, 0x8aed, 0x8aac, 0x720a, 0x5947,
    0x38c4, 0x1000, 0x0801, 0x0002, 0x0866, 0x328f, 0x3b74, 0x2b13, 0x4b6f, 0xa591, 0x0000, 0xad2e, 0xde50, 0x5a86, 0x0000, 0x0041,
    0x1966, 0x1986, 0x1165, 0x0944, 0x1185, 0x19c6, 0x19c5, 0x1144, 0x1145, 0x1145, 0x0924, 0x1184, 0x3268, 0x1184, 0x0103, 0x0904,
    0x0904, 0x0103, 0x2227, 0x2a27, 0x00e3, 0x08e4, 0x08e4, 0x00c3, 0x0923, 0x2a06, 0x1144, 0x00c3, 0x08e4, 0x08c4, 0x1124, 0x21e5,
    0x29e6, 0x1965, 0x0082, 0x0883, 0x0082, 0x08e2, 0x3247, 0x1124, 0x0082, 0x08a3, 0x0083, 0x0061, 0x2185, 0x29a6, 0x0061, 0x0062,
    0x0062, 0x0021, 0x2165, 0x29a5, 0x29a6, 0x0863, 0x0043, 0x0022, 0x10e4, 0x29c6, 0x29a6, 0x10e4, 0x0022, 0x0043, 0x0042, 0x2986,
    0x29a5, 0x2986, 0x0042, 0x0022, 0x0022, 0x0022, 0x0022, 0x0022, 0x0022, 0x0022, 0x0022, 0x0022, 0x0001, 0x0021, 0x0042, 0x0023,
    0x0022, 0x0022, 0x0042, 0x0001, 0x0001, 0x0042, 0x0042, 0x0042, 0x0042, 0x0042, 0x0001, 0x0021, 0x0042, 0x0863, 0x0863, 0x0863,
    0x0083, 0x0062, 0x0061, 0x00a2, 0x0883, 0x0883, 0x0083, 0x00a3, 0x0883, 0x00a3, 0x00a3, 0x0062, 0x00a2, 0x08c4, 0x08c4, 0x08c4,
    0x08c4, 0x08c3, 0x0082, 0x00a3, 0x08c4, 0x08c4, 0x08a4, 0x08c3, 0x00a2, 0x00c3, 0x00a3, 0x08e4, 0x08e4, 0x0904, 0x0904, 0x00c2,
    0x0903, 0x1124, 0x1124, 0x1124, 0x0924, 0x0924, 0x0924, 0x0944, 0x1165, 0x1145, 0x1165, 0x1185, 0x0964, 0x0964, 0x11a6, 0x11a6,
    0x11a6, 0x19a6, 0x11a5, 0x11a5, 0x09a4, 0x11c5, 0x19c6, 0x19e6, 0x1a06, 0x1205, 0x19e5, 0x19e6, 0x2207, 0x21a6, 0x0061, 0x0861,
    0x52a9, 0x9c90, 0xbdb4, 0xde77, 0xf759, 0xff79, 0xff78, 0xff78, 0xff57, 0xff37, 0xff37, 0xff9a, 0x3185, 0x6b0b, 0xff79, 0xcd6e,
    0xcd2c, 0xcd2d, 0xcd2e, 0xd56f, 0xbd0d, 0xbd30, 0xde55, 0x944f, 0x736c, 0x62eb, 0x6b4c, 0x5aaa, 0x3a07, 0x3a07, 0x2124, 0x2104,
    0x18e4, 0x1062, 0x0021, 0x0000, 0x0021, 0x0862, 0x0021, 0x4209, 0x0022, 0x10c4, 0x10c4, 0x6b6e, 0x4a8a, 0x0001, 0x634f, 0x6b90,
    0x52cc, 0x1904, 0x2104, 0x634c, 0xa532, 0xde76, 0xf758, 0xff57, 0xff15, 0xf6b3, 0xee72, 0xee93, 0xeed5, 0xf757, 0xff78, 0xf758,
    0xf717, 0xeeb5, 0xde12, 0xd570, 0xc50e, 0xc4ac, 0xbc6b, 0xb44b, 0xb44a, 0xbc6b, 0xbc6b, 0xbc6b, 0xbc4b, 0xb44b, 0xbc6c, 0xbc6c,
    0xb46c, 0xb46d, 0xac2c, 0xac2c, 0xa3eb, 0x9baa, 0x938b, 0x8b6a, 0x7b29, 0x6aa8, 0x5a47, 0x5206, 0x49a5, 0x3944, 0x20c2, 0x20a2,
    0x1882, 0x1061, 0x2924, 0x39a6, 0x4a27, 0x49e7, 0x49e6, 0x6287, 0x7309, 0x838b, 0x9c0c, 0xacaf, 0xaccf, 0xbd30, 0xbd31, 0xb510,
    0xacb0, 0xb4f0, 0xacd0, 0xc5b4, 0xb511, 0xb532, 0x8bed, 0x8bcd, 0xa46f, 0x41a6, 0xb4ef, 0xee31, 0xf6d3, 0xf6b3, 0xf693, 0xeeb4,
    0xf6d5, 0xfed6, 0xff16, 0xff35, 0xff35, 0xf715, 0xf6f5, 0xf6b4, 0xee93, 0xee72, 0xe652, 0xe631, 0xe611, 0xddb0, 0xd58f, 0xcd2e,
    0xcd0d, 0xc4cc, 0xbc8b, 0xbc6a, 0xbc8a, 0xbc6a, 0xc4cd, 0x7ae9, 0x9349, 0xbc4a, 0xb42a, 0xbc2a, 0xbc4b, 0xbc4b, 0xbc4b, 0xbc4b,
    0xbc4b, 0xbc4b, 0xbc4a, 0xbc2a, 0xbc8c, 0x8329, 0x10a3, 0x5330, 0x31cc, 0x426e, 0x324d, 0x322c, 0x2a2b, 0x224b, 0x224b, 0x2aab,
    0x2b2d, 0x3b8e, 0x4450, 0x54d2, 0x6553, 0x75b5, 0x85f6, 0x8e16, 0x7d94, 0x7d74, 0x8533, 0x7cb1, 0x6bce, 0x4228, 0x0000, 0x2205,
    0x3328, 0x2b08, 0x2b08, 0x2b08, 0x22e7, 0x22e7, 0x22e7, 0x22c7, 0x22c7, 0x22c8, 0x22a7, 0x2a88, 0x2a27, 0x0021, 0x0882, 0x2103,
    0x4246, 0xae93, 0x4c0f, 0x3acd, 0x0043, 0x1862, 0x1862, 0x1000, 0x1000, 0x1800, 0x2021, 0x3083, 0x5166, 0x830d, 0x3947, 0x0887,
    0x32f1, 0x2b94, 0x2bb5, 0x1b52, 0x6d12, 0x740b, 0x0021, 0x7c8e, 0xded0, 0xff30, 0xb52e, 0x2944, 0x0000, 0x1104, 0x1965, 0x1144,
    0x0944, 0x0945, 0x0924, 0x1144, 0x1145, 0x1145, 0x1144, 0x0924, 0x0103, 0x0924, 0x0925, 0x0905, 0x0904, 0x0904, 0x00e3, 0x00c3,
    0x08e4, 0x08e4, 0x08e4, 0x08e4, 0x08c3, 0x00a2, 0x00c3, 0x08e4, 0x08c4, 0x08c4, 0x00a3, 0x0082, 0x0082, 0x0062, 0x0883, 0x0883,
    0x0883, 0x0083, 0x0061, 0x0082, 0x0884, 0x0883, 0x0883, 0x0083, 0x0041, 0x0021, 0x0063, 0x0062, 0x0063, 0x0063, 0x0021, 0x0021,
    0x0001, 0x0023, 0x0043, 0x0843, 0x0022, 0x0021, 0x0021, 0x0022, 0x0043, 0x0023, 0x0042, 0x0001, 0x0001, 0x0000, 0x0022, 0x0022,
    0x0022, 0x0022, 0x0022, 0x0022, 0x0022, 0x0022, 0x0042, 0x0023, 0x0001, 0x0021, 0x0043, 0x0042, 0x0042, 0x0042, 0x0042, 0x0022,
    0x0022, 0x0042, 0x0042, 0x0043, 0x0062, 0x0063, 0x0863, 0x0063, 0x0083, 0x0083, 0x0883, 0x0083, 0x0083, 0x0063, 0x0062, 0x0883,
    0x0883, 0x0883, 0x0083, 0x00a3, 0x0883, 0x08a3, 0x08a3, 0x00a3, 0x08c4, 0x08c4, 0x08c4, 0x08c4, 0x00c3, 0x10c4, 0x08c4, 0x08c4,
    0x08a4, 0x08c3, 0x08c4, 0x08e3, 0x08e4, 0x08e4, 0x08e4, 0x08e4, 0x10e4, 0x08e4, 0x0905, 0x1125, 0x1125, 0x1125, 0x1125, 0x1124,
    0x1144, 0x1125, 0x1124, 0x1144, 0x0964, 0x1165, 0x1145, 0x1186, 0x1185, 0x1185, 0x1985, 0x1185, 0x11a5, 0x11a5, 0x19a5, 0x19a6,
    0x19c6, 0x19c5, 0x19e6, 0x19e6, 0x1a06, 0x1a06, 0x1a06, 0x2227, 0x1145, 0x0000, 0x3186, 0xbdb5, 0xf75a, 0xff7a, 0xff79, 0xff58,
    0xff37, 0xf716, 0xf6b4, 0xeeb4, 0xf6b3, 0xf693, 0xff56, 0x9c8f, 0x2104, 0xff7a, 0xd5af, 0xd52c, 0xdd2d, 0xd52d, 0xd52c, 0xcd0c,
    0xcd2d, 0xe632, 0xeeb5, 0xf737, 0xff57, 0xff58, 0xff58, 0xff59, 0xf738, 0xeef7, 0xeed8, 0xe6b7, 0xce35, 0xbd73, 0xad12, 0xa4f2,
    0x9470, 0x83ee, 0x83cd, 0x734c, 0x630b, 0x4a48, 0x39c6, 0x39e7, 0x39c6, 0x10a2, 0x0862, 0x18c4, 0x18c3, 0x62ea, 0xd676, 0xfffc,
    0xfffc, 0xffda, 0xff99, 0xf777, 0xf716, 0xf716, 0xff77, 0xff98, 0xf716, 0xe674, 0xd5b1, 0xcd4f, 0xc50e, 0xc4ed, 0xc4cd, 0xc4cd,
    0xc4ad, 0xbc8c, 0xb44c, 0xa40c, 0x9bec, 0x93ab, 0x8349, 0x72e9, 0x6a88, 0x5a26, 0x4184, 0x3123, 0x28e3, 0x20c2, 0x20a2, 0x1881,
    0x1881, 0x0800, 0x0000, 0x0000, 0x0001, 0x0842, 0x0862, 0x1083, 0x10c4, 0x18c4, 0x18c4, 0x18c4, 0x18a3, 0x10a3, 0x2105, 0x2945,
    0x4a28, 0xb511, 0xf6d7, 0xe654, 0xddf3, 0xd5d3, 0xb511, 0xbd31, 0xacf0, 0x9c6f, 0xb531, 0xb552, 0xb552, 0xd654, 0xde53, 0xe674,
    0xee93, 0xf673, 0xfeb5, 0x9beb, 0xcd92, 0x9c0d, 0x834b, 0xee52, 0xe610, 0xf673, 0xfed5, 0xf6f5, 0xf6b4, 0xee93, 0xee93, 0xe652,
    0xe631, 0xe610, 0xddd0, 0xddaf, 0xdd8f, 0xd54e, 0xcd2d, 0xc4ec, 0xc4ac, 0xbc8b, 0xbc6a, 0xb44a, 0xb42a, 0xb42a, 0xb42b, 0xb42a,
    0xb44a, 0xbc4b, 0xc4ad, 0x7b09, 0x936a, 0xc48b, 0xb42a, 0xbc2a, 0xbc2a, 0xbc4b, 0xbc4b, 0xbc4a, 0xbc4a, 0xbc4b, 0xbc4b, 0xbc4a,
    0xbc6a, 0xac4c, 0x1041, 0x52ad, 0x422e, 0x316b, 0x398c, 0x39cd, 0x3a0e, 0x3a2e, 0x39ed, 0x31cc, 0x31ab, 0x31aa, 0x29aa, 0x21a9,
    0x19a8, 0x21c8, 0x19c8, 0x2208, 0x2aaa, 0x3b0c, 0x438d, 0x5c91, 0x8d95, 0xc638, 0x732d, 0x0020, 0x32c8, 0x2b28, 0x2b08, 0x2b08,
    0x2b07, 0x22e7, 0x22e7, 0x22e7, 0x22e7, 0x22c7, 0x2ac8, 0x21e6, 0x0000, 0x2102, 0xbdf2, 0x31a5, 0x740a, 0x8e10, 0x34b2, 0x5536,
    0x08e5, 0x6a2a, 0xe4b6, 0xcbd2, 0xcbd2, 0xd3f2, 0xdc33, 0xe474, 0xed16, 0x6a4a, 0x08a7, 0x2b32, 0x2416, 0x2478, 0x2498, 0x2473,
    0x8e14, 0x1902, 0x19ca, 0x4474, 0x542e, 0xbe30, 0xc5cf, 0x3185, 0x2103, 0x0000, 0x08a3, 0x1966, 0x1165, 0x1165, 0x1165, 0x1145,
    0x1145, 0x1145, 0x1145, 0x1125, 0x1124, 0x1125, 0x0925, 0x1104, 0x0904, 0x0904, 0x0904, 0x08e4, 0x08c4, 0x08e4, 0x08e4, 0x08e4,
    0x08e4, 0x08c4, 0x08c4, 0x08c4, 0x08c4, 0x00c4, 0x08c4, 0x08a3, 0x0083, 0x08a3, 0x00a3, 0x00a3, 0x00a4, 0x08a4, 0x08a3, 0x08a3,
    0x0084, 0x0083, 0x0082, 0x0083, 0x0883, 0x0063, 0x0063, 0x0062, 0x0062, 0x0063, 0x0063, 0x0022, 0x0063, 0x0063, 0x0042, 0x0042,
    0x0062, 0x0042, 0x0042, 0x0042, 0x0042, 0x0042, 0x0022, 0x0043, 0x0042, 0x0042, 0x0042, 0x0042, 0x0022, 0x0022, 0x0022, 0x0022,
    0x0022, 0x0022, 0x0022, 0x0021, 0x2164, 0x10e2, 0x0021, 0x0042, 0x0042, 0x0062, 0x0021, 0x10e3, 0x1103, 0x0041, 0x0063, 0x0043,
    0x0063, 0x0042, 0x0081, 0x0902, 0x0082, 0x0083, 0x0083, 0x0883, 0x0082, 0x1123, 0x1944, 0x0081, 0x0863, 0x0883, 0x00a3, 0x08a3,
    0x08a3, 0x00a2, 0x00a2, 0x1964, 0x08e2, 0x08c3, 0x08c4, 0x08c4, 0x08e3, 0x0083, 0x0943, 0x0903, 0x08c4, 0x08c4, 0x08c4, 0x08c3,
    0x00a2, 0x0903, 0x08c3, 0x08e4, 0x08e4, 0x1104, 0x00e3, 0x0964, 0x1184, 0x1125, 0x1105, 0x1124, 0x0923, 0x0964, 0x21e6, 0x0943,
    0x0964, 0x1165, 0x1165, 0x0964, 0x11e5, 0x1a26, 0x0984, 0x1185, 0x1185, 0x1185, 0x0984, 0x11e5, 0x19e6, 0x19e6, 0x19e6, 0x1a06,
    0x1a06, 0x1a06, 0x2227, 0x1145, 0x0041, 0x6b2b, 0xa4b0, 0xbd31, 0xb530, 0xb531, 0xb531, 0xbd51, 0xb531, 0xaccf, 0xbd51, 0xcdd2,
    0xcdd2, 0xcd70, 0xd5f3, 0x41c5, 0x736c, 0xeeb5, 0xcd2d, 0xd54d, 0xd52d, 0xd52d, 0xd54d, 0xd54c, 0xd52c, 0xcd0c, 0xc4ec, 0xc4ec,
    0xc4ec, 0xc4ed, 0xcd0d, 0xcd2e, 0xcd4f, 0xd56f, 0xd5b0, 0xd5d0, 0xddf1, 0xe632, 0xee73, 0xee94, 0xf6d5, 0xf6d5, 0xf6f6, 0xff17,
    0xf717, 0xf717, 0xf717, 0xf717, 0xe6d7, 0xde96, 0xd655, 0xb511, 0x93ec, 0xe654, 0xddd1, 0xd590, 0xd5b1, 0xddf2, 0xe654, 0xf779,
    0xfffc, 0xffdb, 0xeef6, 0xcd8f, 0xc4cc, 0xc48c, 0xbc6c, 0xa42c, 0x8b8a, 0x8329, 0x6287, 0x49e6, 0x4185, 0x3144, 0x2903, 0x20a2,
    0x1882, 0x1861, 0x1861, 0x20a1, 0x28e2, 0x3123, 0x3984, 0x41a5, 0x49e6, 0x6287, 0x7b08, 0x836a, 0x93ec, 0x93ec, 0x6ae9, 0x5a68,
    0x5228, 0x41c7, 0x39a7, 0x39e7, 0x41e8, 0x4a29, 0x4a29, 0x528a, 0x6b2c, 0x6b4d, 0x630b, 0x736d, 0x7bef, 0x7bad, 0x9cb0, 0xa4cf,
    0x9c6f, 0xad32, 0xc5f4, 0xd655, 0xeef7, 0xf737, 0xf737, 0xf736, 0xf6d5, 0xee52, 0xe610, 0xe5f0, 0xe5f0, 0xe5cf, 0xee10, 0xddb0,
    0x93eb, 0xee95, 0x6ac9, 0xde34, 0xf693, 0xf652, 0xee32, 0xe611, 0xddd0, 0xdd8f, 0xd56e, 0xcd2e, 0xcd0d, 0xc4cc, 0xc48b, 0xbc6b,
    0xbc4a, 0xb42a, 0xb42a, 0xb42a, 0xb42a, 0xbc4a, 0xbc4b, 0xbc6b, 0xb40a, 0x9b68, 0x9327, 0xac0a, 0xbc6b, 0xbc6b, 0xc4ac, 0x82e8,
    0x936a, 0xc48c, 0xbc4a, 0xbc4a, 0xbc4a, 0xbc4a, 0xbc4a, 0xbc4a, 0xbc2a, 0xbc4a, 0xbc4b, 0xb44b, 0xb44a, 0xbccd, 0x4184, 0x2106,
    0x4a2d, 0x312a, 0x624f, 0x59ce, 0x41ae, 0x31cf, 0x31cf, 0x39ef, 0x3a0e, 0x31ee, 0x31cf, 0x3a0f, 0x3a4f, 0x3a4f, 0x3a2e, 0x39ec,
    0x39ec, 0x296a, 0x2149, 0x2969, 0x10e5, 0x6b0e, 0xcd58, 0x20c4, 0x1184, 0x3349, 0x2307, 0x2b08, 0x2308, 0x2308, 0x2ae8, 0x22e7,
    0x22c7, 0x2ae8, 0x21e7, 0x0000, 0x3143, 0xded0, 0xcef2, 0x0820, 0xadef, 0x7db0, 0x3cd3, 0x4576, 0x19e9, 0x1841, 0x69e9, 0xa2ae,
    0xb30f, 0xbb0e, 0xaacd, 0x9b0d, 0x4946, 0x0064, 0x2b93, 0x2477, 0x2518, 0x2d7b, 0x1d59, 0x4db6, 0x7c8f, 0x0000, 0x3c34, 0x34f8,
    0x3c95, 0x432d, 0x2144, 0x8c4d, 0xe6f3, 0x6b07, 0x0000, 0x08a3, 0x1985, 0x1164, 0x1165, 0x1165, 0x1145, 0x1145, 0x0944, 0x0944,
    0x11a5, 0x0944, 0x0924, 0x0904, 0x1104, 0x08e3, 0x0102, 0x0924, 0x08c4, 0x10e4, 0x08e4, 0x08e4, 0x00a3, 0x0924, 0x08e4, 0x08c4,
    0x08c4, 0x08a4, 0x0082, 0x1124, 0x1124, 0x0081, 0x00c3, 0x00c3, 0x00c3, 0x0082, 0x08e2, 0x08c3, 0x0083, 0x0083, 0x0083, 0x0042,
    0x0081, 0x08c2, 0x0063, 0x0063, 0x0062, 0x0062, 0x0081, 0x1904, 0x0061, 0x0062, 0x0063, 0x0062, 0x0041, 0x1104, 0x1103, 0x0041,
    0x0042, 0x0042, 0x0042, 0x0001, 0x08c2, 0x0042, 0x0042, 0x0042, 0x0022, 0x0022, 0x0022, 0x0022, 0x0022, 0x0022, 0x0001, 0x3a87,
    0x4b0a, 0x5b6b, 0x1943, 0x0021, 0x0843, 0x0001, 0x1944, 0x534a, 0x5b4a, 0x29e6, 0x0021, 0x0863, 0x0062, 0x08a3, 0x534a, 0x4b69,
    0x0062, 0x0883, 0x0083, 0x0043, 0x2185, 0x538a, 0x534b, 0x2a06, 0x0042, 0x08a4, 0x00a3, 0x08a4, 0x08a3, 0x00a2, 0x4309, 0x536b,
    0x4b4a, 0x08e3, 0x08c4, 0x08e4, 0x08a3, 0x21a6, 0x5c4c, 0x19a5, 0x00a3, 0x08e4, 0x08c3, 0x08e3, 0x4b2a, 0x4349, 0x00c3, 0x08e5,
    0x0904, 0x0904, 0x21e6, 0x5c4d, 0x2266, 0x0904, 0x1145, 0x1124, 0x0963, 0x434a, 0x434a, 0x3b29, 0x0944, 0x1165, 0x0944, 0x2246,
    0x4bcb, 0x4bcb, 0x32e8, 0x0964, 0x11a6, 0x11a5, 0x2267, 0x540c, 0x2267, 0x11c6, 0x19e6, 0x19e6, 0x1a06, 0x2207, 0x21c6, 0x0000,
    0x8bee, 0xee95, 0xddf1, 0xddd1, 0xddf1, 0xddd1, 0xddd2, 0xddd2, 0xd5b1, 0xcd91, 0xcd91, 0xcdb2, 0xc592, 0xb4ef, 0xbd51, 0x3144,
    0x5248, 0xac6e, 0xa40b, 0xb44c, 0xbc6c, 0xbc6d, 0xbc8d, 0xc4ad, 0xc4ad, 0xcccd, 0xcced, 0xcced, 0xcced, 0xd50d, 0xd50d, 0xd50d,
    0xd50d, 0xd4ec, 0xd4ec, 0xd50d, 0xccec, 0xccec, 0xcced, 0xcd0d, 0xcd0d, 0xcd0d, 0xccec, 0xcd0c, 0xcd0d, 0xcd0d, 0xcd2d, 0xcd4d,
    0xcd6e, 0xd58f, 0xddb0, 0xdd8f, 0xdd6e, 0xcd0d, 0xd52d, 0xd54d, 0xd54e, 0xd54d, 0xcd0d, 0xde34, 0xfffc, 0xde75, 0xc4ed, 0xc4cc,
    0xbcad, 0x7b09, 0x3985, 0x18a2, 0x1041, 0x1881, 0x20c2, 0x3103, 0x49c5, 0x6a88, 0x7b09, 0x8b8a, 0xa40c, 0xac4d, 0xbcce, 0xcd70,
    0xd5b0, 0xddf1, 0xe611, 0xee31, 0xee11, 0xe5f1, 0xe5d0, 0xee10, 0xf631, 0xf672, 0xfed4, 0xfed5, 0xee95, 0xd614, 0xbd73, 0x9cb0,
    0x8bee, 0x736c, 0x7bce, 0x9cd1, 0xa4d2, 0x9cd1, 0xbdd4, 0xc5d5, 0xded8, 0xe6f9, 0xf75a, 0xffba, 0xffda, 0xff78, 0xff36, 0xf6d5,
    0xee52, 0xe611, 0xe5f0, 0xddaf, 0xddaf, 0xe5af, 0xe5af, 0xe5cf, 0xe5d0, 0xe5ef, 0xedef, 0xf652, 0xac4d, 0xe633, 0x9c0c, 0xb4cf,
    0xe5f0, 0xd52e, 0xcd0d, 0xc4ac, 0xbc8b, 0xbc6b, 0xb42a, 0xb42a, 0xb42a, 0xb42a, 0xb44a, 0xb44a, 0xb44b, 0xbc4b, 0xbc4b, 0xbc4a,
    0xbc4a, 0xbc4b, 0xbc4b, 0xc48d, 0x9b69, 0x9309, 0x8b08, 0x9b8a, 0x9bcb, 0x8308, 0xa40c, 0x82e9, 0x8b4a, 0xc48c, 0xbc2a, 0xbc4a,
    0xbc4b, 0xbc4a, 0xbc4a, 0xbc4a, 0xbc4a, 0xbc4a, 0xbc4a, 0xb44b, 0xb42a, 0xc4ab, 0x836a, 0x0822, 0x4a2c, 0x312b, 0x6230, 0x7250,
    0x6a92, 0x5ab5, 0x5b17, 0x5b36, 0x5b15, 0x5af5, 0x52d5, 0x52b3, 0x4272, 0x3a71, 0x42b1, 0x4290, 0x324e, 0x3a8f, 0x324e, 0x424e,
    0x420b, 0x2907, 0xb455, 0x6a8c, 0x0040, 0x3308, 0x2308, 0x2308, 0x2307, 0x2307, 0x2ae8, 0x22e7, 0x2ae8, 0x2206, 0x0000, 0x3164,
    0xde90, 0xd751, 0x5c2d, 0x2124, 0xbe73, 0x3226, 0x1146, 0x4d15, 0x334e, 0x2145, 0x6b6d, 0x41e8, 0x49a7, 0x49a7, 0x41c7, 0x0000,
    0x00c5, 0x43f3, 0x3c15, 0x3c76, 0x3dba, 0x2d7b, 0x1d17, 0x6e16, 0x29a5, 0x0989, 0x3d18, 0x34d7, 0x3414, 0x1a0c, 0x4492, 0x7571,
    0xc5ed, 0xf6ef, 0x8389, 0x0820, 0x10e4, 0x1986, 0x1165, 0x1164, 0x1145, 0x1145, 0x0964, 0x3b09, 0x3b09, 0x3ae8, 0x0923, 0x0904,
    0x08e4, 0x1144, 0x53ab, 0x3ae9, 0x00c3, 0x1105, 0x0904, 0x08e4, 0x2a07, 0x5c0c, 0x1184, 0x0083, 0x08a4, 0x0083, 0x19a4, 0x4b4a,
    0x532a, 0x2206, 0x0082, 0x00c3, 0x00a3, 0x2a07, 0x642d, 0x1964, 0x0043, 0x08a3, 0x0082, 0x10e4, 0x538b, 0x32a8, 0x0022, 0x0083,
    0x0063, 0x0061, 0x4b09, 0x532a, 0x42c9, 0x0062, 0x0063, 0x0022, 0x2a06, 0x532a, 0x5b6b, 0x2185, 0x0001, 0x0042, 0x0021, 0x4268,
    0x640c, 0x0882, 0x0002, 0x0042, 0x0022, 0x0022, 0x0022, 0x0022, 0x0022, 0x0022, 0x0842, 0x5bac, 0x0040, 0x42e9, 0x3a87, 0x0000,
    0x0843, 0x0001, 0x42c8, 0x21c4, 0x1983, 0x5bac, 0x0021, 0x0863, 0x0062, 0x10e3, 0x3aa7, 0x4b89, 0x0041, 0x0863, 0x0083, 0x0021,
    0x42c9, 0x21c4, 0x2184, 0x536b, 0x0041, 0x08a3, 0x00a3, 0x08a4, 0x0083, 0x0923, 0x5bcc, 0x00a0, 0x53ec, 0x21a5, 0x0083, 0x08c4,
    0x08c3, 0x1984, 0x4baa, 0x19e5, 0x00a3, 0x08e4, 0x08e3, 0x1124, 0x32a8, 0x4b8a, 0x0903, 0x0904, 0x0904, 0x1104, 0x21e6, 0x4bcb,
    0x2a86, 0x0103, 0x1145, 0x08c3, 0x2246, 0x4369, 0x0162, 0x5c4c, 0x1184, 0x1164, 0x0923, 0x438a, 0x22a6, 0x1a85, 0x540b, 0x0983,
    0x19c5, 0x19c6, 0x2266, 0x4bea, 0x22a7, 0x11c5, 0x19e6, 0x19e6, 0x19e6, 0x2207, 0x0062, 0x41e7, 0xe614, 0xe5b0, 0xe5ae, 0xe5ae,
    0xe58f, 0xdd8e, 0xdd8e, 0xdd6e, 0xdd6d, 0xdd6e, 0xdd6d, 0xdd6e, 0xdd6f, 0xddaf, 0xee52, 0x93ec, 0x18a2, 0x0820, 0x0800, 0x1040,
    0x20a2, 0x3103, 0x3124, 0x4164, 0x49c5, 0x6247, 0x6247, 0x6a67, 0x72a8, 0x7ae8, 0x8349, 0x93ab, 0xa3eb, 0xac4c, 0xb46d, 0xbc8d,
    0xc4ad, 0xccce, 0xccee, 0xcd0e, 0xcd0e, 0xd52e, 0xcd0d, 0xd50d, 0xd52d, 0xd52d, 0xd52d, 0xd52d, 0xd50c, 0xd4ec, 0xd4ec, 0xd50d,
    0xd50d, 0xd52d, 0xd52d, 0xd52d, 0xd56e, 0xdd6e, 0xd54e, 0xde54, 0xff79, 0xc50f, 0xcd0e, 0xa42d, 0x3964, 0x1082, 0x4185, 0x7ae8,
    0x9bec, 0xbcef, 0xd591, 0xddf2, 0xe633, 0xe653, 0xee74, 0xee53, 0xee52, 0xf652, 0xf652, 0xee72, 0xee73, 0xee73, 0xee53, 0xee32,
    0xee32, 0xee73, 0xf694, 0xee73, 0xe613, 0xd5d3, 0xbd11, 0xb4f0, 0xacf0, 0x942e, 0x944f, 0x9cb0, 0xb573, 0xce35, 0xde97, 0xef39,
    0xff9a, 0xffdb, 0xffba, 0xffda, 0xff57, 0xf6f6, 0xee94, 0xe652, 0xddf1, 0xddb0, 0xddaf, 0xddaf, 0xe5cf, 0xe5cf, 0xedf0, 0xedf0,
    0xedf0, 0xe5f0, 0xe5d0, 0xe5f0, 0xdd8f, 0xdd6e, 0xd52e, 0xcd0e, 0x9b89, 0xac0a, 0x9369, 0x8b48, 0xbc6b, 0xb429, 0xb42a, 0xb44a,
    0xbc4a, 0xbc4a, 0xbc4b, 0xbc4b, 0xbc4b, 0xbc4b, 0xbc4b, 0xbc4b, 0xbc4b, 0xbc4a, 0xbc4a, 0xbc4a, 0xb44a, 0xb44b, 0xbc6c, 0x8b6a,
    0x6227, 0x6aa9, 0x5a28, 0x39a6, 0x3145, 0x4209, 0x3144, 0x72e9, 0x8b69, 0xc48b, 0xbc2a, 0xbc4b, 0xbc4a, 0xbc4a, 0xbc4a, 0xb42a,
    0xb42a, 0xb44a, 0xb44a, 0xbc2a, 0xb42a, 0xb44a, 0xb4ce, 0x20e3, 0x3167, 0x39ac, 0x292a, 0x1948, 0x1988, 0x11a9, 0x21ed, 0x3a0f,
    0x4210, 0x4272, 0x5314, 0x5b36, 0x6b77, 0x5b55, 0x74d8, 0x85fb, 0x7dda, 0x5456, 0x7dbb, 0x4b30, 0x422d, 0x2949, 0x7ad0, 0xac32,
    0x0821, 0x2206, 0x2b08, 0x22e7, 0x2ae7, 0x22e7, 0x22e7, 0x2ae8, 0x2206, 0x0000, 0x3143, 0xded0, 0xc711, 0x6d93, 0x3bb0, 0x10c3,
    0x2145, 0x08a6, 0x1147, 0x21c9, 0x5411, 0x2146, 0xffff, 0xffff, 0xef7d, 0xffff, 0x738e, 0x1127, 0x4bf2, 0x2a6d, 0x08c7, 0x08a7,
    0x226d, 0x3d18, 0x4dfa, 0x5410, 0x0022, 0x33f4, 0x2d18, 0x34d7, 0x1acf, 0x3c75, 0x3558, 0x2cd5, 0x6510, 0xc60f, 0xe5f1, 0x28e3,
    0x0000, 0x1105, 0x1165, 0x1165, 0x1165, 0x1145, 0x21e6, 0x3b09, 0x0121, 0x4b6a, 0x1164, 0x08e3, 0x0904, 0x1185, 0x3b29, 0x3b29,
    0x00e3, 0x1125, 0x0904, 0x0924, 0x21e6, 0x53cb, 0x1984, 0x0082, 0x08c3, 0x0061, 0x3ac8, 0x19c4, 0x2205, 0x538b, 0x0082, 0x00c3,
    0x00a3, 0x2185, 0x53ab, 0x21a5, 0x0062, 0x08a3, 0x0082, 0x1924, 0x3ac8, 0x3ac8, 0x0021, 0x0883, 0x0042, 0x1123, 0x538a, 0x0060,
    0x63ac, 0x1923, 0x0042, 0x0021, 0x4b4a, 0x1122, 0x2a26, 0x532a, 0x0000, 0x0042, 0x0042, 0x2165, 0x538a, 0x08a2, 0x0021, 0x0042,
    0x0022, 0x0022, 0x0022, 0x0022, 0x0022, 0x0022, 0x0882, 0x4b4a, 0x29c5, 0x536a, 0x3266, 0x0000, 0x0063, 0x0001, 0x42c7, 0x2a25,
    0x3267, 0x538a, 0x0061, 0x0863, 0x0883, 0x0021, 0x19c4, 0x53aa, 0x0041, 0x0863, 0x0083, 0x0021, 0x42c8, 0x2a26, 0x3a88, 0x4b4a,
    0x0061, 0x08a3, 0x00a3, 0x08a4, 0x0083, 0x1164, 0x4b6a, 0x19a3, 0x5bec, 0x21a5, 0x0082, 0x08c4, 0x08c4, 0x0081, 0x4389, 0x19c5,
    0x00a3, 0x08e4, 0x0904, 0x08c3, 0x11a4, 0x4baa, 0x0903, 0x1105, 0x0904, 0x1125, 0x00c2, 0x3b28, 0x2aa7, 0x0103, 0x1145, 0x08e4,
    0x2a86, 0x3b48, 0x2266, 0x540b, 0x1184, 0x1144, 0x0123, 0x4369, 0x22a5, 0x3327, 0x4bea, 0x11c4, 0x11c6, 0x19c6, 0x09a4, 0x43c9,
    0x22a7, 0x11e6, 0x1a06, 0x19e6, 0x19e6, 0x19a6, 0x0000, 0xacf2, 0xde13, 0xb48e, 0xacae, 0xbcee, 0xc4cf, 0xc50e, 0xcd4f, 0xd54f,
    0xd56f, 0xd56f, 0xdd8f, 0xe58f, 0xe5af, 0xe5cf, 0xe5d0, 0xf674, 0x7b6c, 0x3144, 0x6ac9, 0x5226, 0x49a4, 0x4164, 0x3943, 0x2903,
    0x18a2, 0x0820, 0x1882, 0x1882, 0x1061, 0x1041, 0x1041, 0x1041, 0x1061, 0x1882, 0x1061, 0x20a2, 0x3123, 0x3964, 0x41a5, 0x51c5,
    0x6246, 0x72a8, 0x8309, 0x8b4a, 0x936a, 0x9bab, 0xa3ec, 0xac2d, 0xb46d, 0xbc8d, 0xbc8d, 0xbcad, 0xc4ad, 0xc4ce, 0xccee, 0xcd0e,
    0xcd2f, 0xd52e, 0xd50e, 0xddd2, 0xdd91, 0xccef, 0x7b2a, 0x0820, 0x3165, 0xa44e, 0xcd51, 0xe654, 0xff17, 0xff99, 0xffba, 0xffba,
    0xffdb, 0xfffb, 0xffda, 0xff99, 0xff98, 0xff78, 0xff78, 0xff78, 0xf758, 0xf757, 0xf758, 0xffdb, 0xf75a, 0xcdf4, 0xa4b0, 0x942e,
    0x942e, 0x9c90, 0xad12, 0xc5d4, 0xdeb7, 0xf739, 0xff9a, 0xfffb, 0xfffb, 0xffba, 0xff78, 0xf6f6, 0xee94, 0xe632, 0xddf0, 0xddd0,
    0xddcf, 0xddcf, 0xddcf, 0xe5ef, 0xe5f0, 0xe5ef, 0xe5ef, 0xe5cf, 0xe5af, 0xdd8f, 0xd56e, 0xd54e, 0xcced, 0xc4ee, 0xac6d, 0x836a,
    0x6aa7, 0x5a26, 0x6a87, 0xac6c, 0x8b08, 0x9b89, 0x8b49, 0x8b29, 0xc48c, 0xbc4a, 0xbc4b, 0xbc4b, 0xbc4b, 0xbc4b, 0xbc4b, 0xbc4b,
    0xbc4b, 0xbc4b, 0xbc4b, 0xbc4b, 0xbc4b, 0xbc4a, 0xbc4a, 0xbc4a, 0xb42a, 0xb42b, 0xbc4c, 0x30e2, 0x3986, 0x4a29, 0x4a29, 0x41e8,
    0x39c7, 0x39a7, 0x2904, 0x72ea, 0x8b69, 0xbc6b, 0xbc2a, 0xb44b, 0xbc4a, 0xbc4a, 0xbc4a, 0xb42a, 0xb42a, 0xb44a, 0xb42a, 0xbc2a,
    0xb42a, 0xb46c, 0x6288, 0x18c3, 0x18a4, 0x522d, 0x216a, 0x3b6c, 0x65d1, 0x6611, 0x2aeb, 0x1949, 0x426d, 0x324b, 0x2a0c, 0x29ee,
    0x2a0f, 0x3250, 0x2a90, 0x228f, 0x3311, 0x32d1, 0x5476, 0x7538, 0x31ec, 0x39cb, 0x418b, 0xac55, 0x3906, 0x08c2, 0x3309, 0x22e7,
    0x2307, 0x22e7, 0x32e8, 0x2a06, 0x0000, 0x2922, 0xde8f, 0xceef, 0x550f, 0x3576, 0x3cb4, 0x0988, 0x2bd2, 0x4d99, 0x4558, 0x0928,
    0x326b, 0x1125, 0xbdf7, 0xffff, 0xffff, 0x7bcf, 0x08c4, 0x4350, 0x1109, 0x00a7, 0x1a0e, 0x19ce, 0x0046, 0x0928, 0x5473, 0x1105,
    0x11ca, 0x3cf8, 0x2cf8, 0x2bf4, 0x2392, 0x3558, 0x3518, 0x3d57, 0x4451, 0x532b, 0x6aca, 0x9bee, 0x4145, 0x0021, 0x1966, 0x1165,
    0x1165, 0x0924, 0x21e6, 0x2aa7, 0x11a3, 0x4329, 0x1985, 0x00e3, 0x0925, 0x00e3, 0x2266, 0x436a, 0x00e3, 0x1105, 0x0904, 0x0904,
    0x00a1, 0x4b8a, 0x19a4, 0x0882, 0x08c3, 0x00a2, 0x3b08, 0x2224, 0x4308, 0x4b6a, 0x0082, 0x00a3, 0x08a3, 0x0020, 0x4b29, 0x21c5,
    0x0062, 0x08a3, 0x08a3, 0x0021, 0x21e5, 0x4309, 0x0021, 0x0083, 0x0042, 0x1963, 0x4328, 0x1964, 0x5bcc, 0x1963, 0x0041, 0x0041,
    0x4b29, 0x21a4, 0x42e8, 0x5329, 0x0020, 0x0062, 0x0022, 0x0000, 0x536a, 0x08c2, 0x0001, 0x0042, 0x0022, 0x0022, 0x0022, 0x0022,
    0x0022, 0x0022, 0x0882, 0x5bab, 0x3267, 0x3266, 0x3aa8, 0x0000, 0x0863, 0x0001, 0x42a7, 0x4b49, 0x21c4, 0x4b6a, 0x0061, 0x0863,
    0x0863, 0x0042, 0x2205, 0x4b8a, 0x0041, 0x0863, 0x0082, 0x0021, 0x3aa8, 0x4329, 0x21e5, 0x4b49, 0x0082, 0x08c3, 0x00a3, 0x08a4,
    0x0083, 0x1164, 0x53cc, 0x21e5, 0x4309, 0x29e6, 0x0082, 0x08e4, 0x08c4, 0x00c2, 0x436a, 0x2206, 0x00a3, 0x08e4, 0x0904, 0x08e3,
    0x19e5, 0x4bab, 0x0924, 0x0905, 0x0905, 0x1105, 0x0123, 0x3b49, 0x2a87, 0x0104, 0x1145, 0x08e3, 0x2a45, 0x4beb, 0x1a25, 0x43aa,
    0x11a5, 0x1144, 0x0943, 0x3b69, 0x3b69, 0x1a85, 0x540b, 0x11e5, 0x19c6, 0x19c7, 0x09c4, 0x43ea, 0x22a7, 0x11e5, 0x1a06, 0x19e6,
    0x2227, 0x10e4, 0x18e3, 0xd656, 0x5a88, 0x528a, 0x6b4d, 0x630c, 0x732c, 0x7b8d, 0x734c, 0x732b, 0x7b6c, 0x7b4c, 0x7b4b, 0x836b,
    0x838b, 0x8bcc, 0x93cc, 0x93ec, 0x41a5, 0xddf4, 0xe613, 0xddb1, 0xdd90, 0xd570, 0xcd2f, 0xc4ee, 0xbcce, 0x9bca, 0xa40b, 0xcd71,
    0xc530, 0xc530, 0xb4ef, 0xac8e, 0xa46e, 0x93ec, 0x7b4a, 0x732a, 0x6ae9, 0x5a88, 0x49e6, 0x3945, 0x3144, 0x2903, 0x1061, 0x0800,
    0x0820, 0x0800, 0x1040, 0x1881, 0x20c2, 0x20e3, 0x2903, 0x3923, 0x49a5, 0x5a27, 0x6a88, 0x72c9, 0x7ae9, 0x8b6a, 0x93ab, 0x93cc,
    0x93cc, 0x41c6, 0x1040, 0x6aa8, 0xbcf0, 0xb48e, 0xbd31, 0xb532, 0x9c6f, 0x946f, 0xb572, 0xbdb4, 0xb573, 0xad32, 0xbd93, 0xce36,
    0xde97, 0xdeb8, 0xe6f8, 0xef18, 0xf759, 0xff99, 0xffda, 0xb593, 0x8c2f, 0xad33, 0xce36, 0xe6d9, 0xff9b, 0xffdb, 0xfffb, 0xffda,
    0xff78, 0xf6f6, 0xeeb4, 0xe653, 0xddf1, 0xd5d0, 0xddaf, 0xddaf, 0xdd8f, 0xddaf, 0xe5cf, 0xe5cf, 0xe5cf, 0xe5af, 0xddaf, 0xdd6e,
    0xd54d, 0xcd0d, 0xcccc, 0xc48c, 0xbc4b, 0xb42b, 0xb40a, 0xac0a, 0xb42b, 0x93ab, 0x3985, 0x2946, 0x2946, 0x2126, 0x18a3, 0x7b4a,
    0x936a, 0x9b6a, 0x8b69, 0x8329, 0xc48c, 0xbc4a, 0xbc4a, 0xbc4b, 0xbc4b, 0xbc4b, 0xbc4b, 0xbc4b, 0xbc4b, 0xbc4b, 0xbc4b, 0xbc4b,
    0xbc4b, 0xbc4b, 0xbc4b, 0xbc4a, 0xb42a, 0xb42b, 0xbc6c, 0x3143, 0x1082, 0x20e3, 0x2924, 0x3964, 0x49e6, 0x6267, 0xa40c, 0x8b4a,
    0x8b49, 0xbc6c, 0xb42a, 0xb44a, 0xb42a, 0xbc4a, 0xbc4a, 0xb42a, 0xb42a, 0xb42a, 0xb42a, 0xb40a, 0xb44c, 0x6267, 0x2925, 0x630c,
    0x0021, 0x522d, 0x294a, 0x328b, 0x3c0c, 0x4d2f, 0x3b8d, 0x1148, 0x5b8e, 0x8532, 0x5bcf, 0x32ec, 0x330d, 0x224c, 0x224c, 0x222c,
    0x220c, 0x2a4c, 0x19cb, 0x19ac, 0x1929, 0x41cc, 0x2107, 0x8b92, 0x7aad, 0x0000, 0x3288, 0x2ae8, 0x2308, 0x2b09, 0x21e6, 0x0000,
    0x2923, 0xd68f, 0xbeef, 0x4cf0, 0x2cf4, 0x3556, 0x3557, 0x3578, 0x3619, 0x2db8, 0x2db9, 0x3413, 0x1107, 0x0062, 0x738e, 0xffff,
    0x9471, 0x0042, 0x3a6c, 0x08c7, 0x096b, 0x1b52, 0x23d5, 0x23d5, 0x22f1, 0x08c7, 0x0001, 0x0086, 0x33d5, 0x2cb7, 0x34f7, 0x23b3,
    0x2cb6, 0x3558, 0x3cd7, 0x330e, 0x532e, 0x53d2, 0x5391, 0xcdf8, 0xbcd3, 0x0821, 0x0883, 0x1965, 0x1144, 0x0924, 0x19c5, 0x3b08,
    0x11c4, 0x3ae8, 0x19a6, 0x08e4, 0x1125, 0x0904, 0x2a87, 0x3b4a, 0x00e3, 0x0905, 0x0905, 0x0904, 0x0903, 0x4bab, 0x19c5, 0x00a3,
    0x08c3, 0x00a2, 0x3b09, 0x4348, 0x21e4, 0x4b4a, 0x0082, 0x00a3, 0x08a3, 0x0061, 0x4b09, 0x21c5, 0x0062, 0x00a3, 0x0883, 0x0042,
    0x2a06, 0x3ae9, 0x0021, 0x0083, 0x0022, 0x1144, 0x53cb, 0x21a4, 0x4b29, 0x21a4, 0x0042, 0x0041, 0x4b29, 0x3a88, 0x21c4, 0x4b29,
    0x0000, 0x0042, 0x0022, 0x0041, 0x536a, 0x10c3, 0x0002, 0x0042, 0x0022, 0x0022, 0x0022, 0x0022, 0x0022, 0x0022, 0x0041, 0x6c2d,
    0x1122, 0x3246, 0x3a68, 0x0001, 0x0863, 0x0000, 0x42c9, 0x42e8, 0x08e1, 0x5b8b, 0x0041, 0x0863, 0x0883, 0x0021, 0x19a3, 0x4b89,
    0x0020, 0x0862, 0x0083, 0x0022, 0x42c9, 0x3ac7, 0x0922, 0x534a, 0x0042, 0x08a4, 0x08a4, 0x08a4, 0x00a3, 0x0903, 0x640d, 0x00c0,
    0x4309, 0x29c6, 0x0062, 0x08e4, 0x08e4, 0x0061, 0x4369, 0x19e5, 0x00a3, 0x0904, 0x0924, 0x08e3, 0x11c4, 0x4baa, 0x00e2, 0x0925,
    0x0905, 0x1125, 0x00c2, 0x3b08, 0x2266, 0x00c3, 0x1125, 0x08e3, 0x2226, 0x4bab, 0x0101, 0x4bcb, 0x1184, 0x1144, 0x0944, 0x43aa,
    0x3368, 0x1224, 0x542c, 0x11c5, 0x19c6, 0x19c6, 0x09a3, 0x3ba9, 0x1a66, 0x11c5, 0x19e6, 0x19e6, 0x2a28, 0x0041, 0x5aaa, 0x9450,
    0x39c8, 0x39c8, 0x18e4, 0x2967, 0x2967, 0x3187, 0x39c8, 0x39e8, 0x41e8, 0x41e8, 0x4a29, 0x4a6a, 0x4a8a, 0x52ab, 0x5aed, 0x3a08,
    0x2945, 0xc5b3, 0xb50f, 0xc570, 0xcd91, 0xd5b1, 0xd5d1, 0xddf1, 0xe612, 0xe611, 0xcd2e, 0xdd8f, 0xd56e, 0xdd4e, 0xdd4e, 0xd54e,
    0xd54e, 0xd54e, 0xd54e, 0xd54f, 0xd54f, 0xd54f, 0xd54f, 0xcd50, 0xcd50, 0xc530, 0xb4cf, 0xac6e, 0xa46e, 0x9c0d, 0x72e9, 0x6ac8,
    0x3144, 0x3164, 0x3123, 0x28e2, 0x20a2, 0x1841, 0x1020, 0x0800, 0x0000, 0x0000, 0x0000, 0x0820, 0x0000, 0x2903, 0x9baa, 0xdd90,
    0xe5f1, 0xe611, 0xe5f1, 0xddf1, 0xddf1, 0xddf2, 0xde13, 0xd5f2, 0xcd91, 0xbd51, 0xc551, 0xc592, 0xbd72, 0xb551, 0xb531, 0xac8e,
    0xa44d, 0xacb0, 0x8bcd, 0x9c70, 0xf79c, 0xfffd, 0xfffc, 0xffba, 0xff38, 0xeeb5, 0xe633, 0xddd1, 0xdd90, 0xdd6f, 0xdd6e, 0xdd6e,
    0xdd8e, 0xe5af, 0xe5cf, 0xe5af, 0xdd8e, 0xdd6e, 0xd52d, 0xccec, 0xc4ac, 0xbc6b, 0xb44a, 0xb40a, 0xb40a, 0xb3e9, 0xb3ea, 0xb3ea,
    0xb3ea, 0xb40a, 0xb40a, 0xb40a, 0xbc6c, 0x6a67, 0x2105, 0x2106, 0x18a5, 0x10c5, 0x18e5, 0x6288, 0x9b8a, 0x9b6a, 0x9389, 0x8308,
    0xc48c, 0xbc2a, 0xbc4a, 0xbc4b, 0xbc4b, 0xbc4b, 0xbc4b, 0xbc4b, 0xbc4b, 0xbc4b, 0xbc4b, 0xbc4b, 0xbc4b, 0xbc4b, 0xbc4b, 0xbc4b,
    0xb44a, 0xb42a, 0xbc4b, 0x8b29, 0x6a67, 0x938c, 0xa42d, 0x9baa, 0xabeb, 0xc4ad, 0xc4cd, 0x8b28, 0x9369, 0xbc8c, 0xbc2a, 0xb44a,
    0xb42a, 0xbc4a, 0xbc4a, 0xbc4a, 0xb42a, 0xb42a, 0xbc2a, 0xabea, 0x8b4a, 0x28e4, 0x634e, 0x8c51, 0x2145, 0x3147, 0x49cc, 0x294a,
    0x3aad, 0x3b0c, 0x328c, 0x298c, 0x1948, 0x3a09, 0x420b, 0x2a8b, 0x44ae, 0x44ee, 0x3c6d, 0x3c8d, 0x446e, 0x234b, 0x338c, 0x3bce,
    0x1a0b, 0x318c, 0x316a, 0x5a4d, 0xac13, 0x1042, 0x1964, 0x3b09, 0x32e9, 0x21c6, 0x0000, 0x2923, 0xd670, 0xc6f0, 0x44f0, 0x2515,
    0x3536, 0x2c32, 0x2d16, 0x2dd8, 0x2db8, 0x2db8, 0x2d98, 0x3d99, 0x2aef, 0x0001, 0x4229, 0xad96, 0x0001, 0x21ca, 0x19cb, 0x22af,
    0x33d4, 0x3456, 0x3496, 0x34d6, 0x44f7, 0x33f4, 0x120c, 0x2af1, 0x3497, 0x2cf7, 0x2cf8, 0x2c76, 0x2d38, 0x2d9a, 0x23f3, 0x6c53,
    0x7d38, 0x2373, 0x0a90, 0x8473, 0xdd97, 0x7b2d, 0x0000, 0x10e4, 0x1145, 0x0904, 0x11a5, 0x4b8a, 0x0141, 0x4329, 0x19a5, 0x0904,
    0x1125, 0x00c3, 0x2225, 0x3b08, 0x00a2, 0x1125, 0x0905, 0x0904, 0x00c2, 0x4baa, 0x11a4, 0x00a3, 0x0904, 0x0082, 0x3ae8, 0x32c7,
    0x0901, 0x4b4a, 0x0082, 0x00a3, 0x08a3, 0x0020, 0x4309, 0x1984, 0x0041, 0x00a3, 0x0883, 0x0021, 0x21c5, 0x3ac8, 0x0000, 0x0883,
    0x0042, 0x10e3, 0x642c, 0x0080, 0x4b2a, 0x2165, 0x0042, 0x0021, 0x534b, 0x2a06, 0x1943, 0x530a, 0x0000, 0x0042, 0x0022, 0x0000,
    0x4b4a, 0x08a2, 0x0001, 0x0042, 0x0022, 0x0022, 0x0022, 0x0022, 0x0022, 0x0043, 0x0001, 0x3a87, 0x536a, 0x5b4b, 0x1903, 0x0021,
    0x0842, 0x0021, 0x1924, 0x5bac, 0x5b6b, 0x3227, 0x0021, 0x0863, 0x0042, 0x1104, 0x534a, 0x640c, 0x3227, 0x0042, 0x0883, 0x0042,
    0x1964, 0x53ab, 0x536b, 0x3207, 0x0042, 0x08a4, 0x08a4, 0x08a4, 0x08c4, 0x00a2, 0x42e9, 0x534b, 0x4b2a, 0x1103, 0x08c4, 0x08c4,
    0x08c3, 0x2a27, 0x5c0c, 0x538b, 0x1985, 0x08e4, 0x0904, 0x1164, 0x4b6a, 0x644d, 0x3288, 0x0904, 0x1125, 0x0904, 0x2a27, 0x5bec,
    0x53ab, 0x1965, 0x08e3, 0x0903, 0x0944, 0x434a, 0x432a, 0x3ae9, 0x0924, 0x1165, 0x0964, 0x2287, 0x540c, 0x4beb, 0x32e8, 0x11a5,
    0x19c5, 0x19c5, 0x32c8, 0x4c0b, 0x43ab, 0x2226, 0x11c5, 0x11e6, 0x2a28, 0x0061, 0x62eb, 0x528a, 0x2105, 0x2105, 0x528b, 0x18c4,
    0x2967, 0x31c8, 0x31a8, 0x29a7, 0x2987, 0x2967, 0x2146, 0x2146, 0x2146, 0x2126, 0x2126, 0x10a3, 0x39c7, 0x6b4d, 0x5289, 0x4a48,
    0x5248, 0x4a27, 0x4a07, 0x5247, 0x62a8, 0x7309, 0x7b2a, 0x8329, 0x938a, 0x9bcb, 0xa40c, 0xac2c, 0xb46c, 0xbc8d, 0xc4ce, 0xccee,
    0xcd0e, 0xcd0e, 0xcd0d, 0xd50d, 0xd52d, 0xd50d, 0xd50d, 0xd50d, 0xd50e, 0xccad, 0xb40b, 0xccee, 0xe5d1, 0xe5f2, 0xddd1, 0xd590,
    0xcd30, 0xc4ef, 0xb48e, 0xac2c, 0x9bec, 0x836b, 0x5228, 0x20e3, 0x93cc, 0xc4ee, 0xe5b0, 0xe58f, 0xe56e, 0xe56e, 0xe58e, 0xdd8e,
    0xdd8e, 0xdd8e, 0xdd8e, 0xdd8e, 0xddae, 0xe5cf, 0xe5ef, 0xe610, 0xe631, 0xe652, 0xee72, 0xe652, 0xeeb4, 0x9c2e, 0x942f, 0xfffd,
    0xffba, 0xffba, 0xeed6, 0xddf2, 0xddd0, 0xddaf, 0xddaf, 0xe5cf, 0xddcf, 0xdd8e, 0xdd4d, 0xd52d, 0xccec, 0xc4cc, 0xc48b, 0xbc4a,
    0xb42a, 0xb42a, 0xac0a, 0xac0a, 0xb3ea, 0xb3ea, 0xb40a, 0xb40a, 0xb40a, 0xb40a, 0xac0a, 0xb40a, 0xb42a, 0xb42a, 0xb42a, 0xb40a,
    0xb46c, 0x6287, 0x18e5, 0x10a5, 0x18c4, 0x18e4, 0x18e5, 0x5a68, 0x9b8a, 0xa38a, 0x9389, 0x8308, 0xc48b, 0xbc2a, 0xbc4b, 0xbc4b,
    0xbc4b, 0xbc4b, 0xbc4b, 0xbc4b, 0xbc4b, 0xbc4b, 0xbc4b, 0xbc4a, 0xbc4b, 0xbc4b, 0xbc4b, 0xbc4b, 0xbc4b, 0xbc4a, 0xbc4b, 0xb42b,
    0x9b69, 0x9b69, 0x9b68, 0x9b68, 0xb40a, 0xbc2a, 0xc48b, 0x8b28, 0x9369, 0xc48c, 0xbc2a, 0xbc4a, 0xbc4a, 0xbc4a, 0xb42a, 0xb44a,
    0xbc4a, 0xbc4b, 0xabca, 0xabeb, 0x41a5, 0x4229, 0x632d, 0x8c92, 0x52ab, 0x0842, 0x5a6d, 0x20e9, 0x52d0, 0x63b1, 0x63d1, 0x31cc,
    0x316b, 0x7290, 0x8ab2, 0x6a8f, 0x334a, 0x450d, 0x3d4c, 0x350a, 0x45ac, 0x456c, 0x4dcd, 0x4d6e, 0x3bee, 0x196a, 0x41ee, 0x314a,
    0xac35, 0x4987, 0x0061, 0x3268, 0x1103, 0x0000, 0x2943, 0xd66f, 0xcf11, 0x5551, 0x3556, 0x2d78, 0x3516, 0x22cd, 0x3cf4, 0x2d98,
    0x2db8, 0x2db8, 0x2db8, 0x2d99, 0x4599, 0x19ec, 0x0842, 0x0062, 0x09a9, 0x3415, 0x4454, 0x4b8d, 0x5bac, 0x532b, 0x434c, 0x3b6d,
    0x3b2d, 0x334e, 0x2b2e, 0x2b0f, 0x230e, 0x1bb1, 0x34d7, 0x34f8, 0x2d58, 0x2559, 0x2cd7, 0x3bd1, 0x6d17, 0x2351, 0x53d3, 0xa4d4,
    0xc493, 0xc4f3, 0x2924, 0x0021, 0x1124, 0x0924, 0x0944, 0x3b09, 0x3b09, 0x3ae9, 0x0944, 0x1125, 0x0904, 0x1985, 0x4b4a, 0x5bcc,
    0x29e7, 0x08e4, 0x0904, 0x08e3, 0x3268, 0x5c2c, 0x4b4a, 0x0924, 0x08e3, 0x00a2, 0x21e6, 0x536b, 0x534a, 0x2a06, 0x0082, 0x08c3,
    0x0082, 0x31e7, 0x63ec, 0x532a, 0x10e3, 0x0082, 0x0062, 0x1104, 0x534a, 0x640c, 0x31c6, 0x0042, 0x0082, 0x0061, 0x4b2a, 0x534b,
    0x4aea, 0x0882, 0x0062, 0x0021, 0x29e6, 0x5b4a, 0x5b4b, 0x2185, 0x0001, 0x0042, 0x0021, 0x4268, 0x640c, 0x4aa9, 0x0062, 0x0022,
    0x0042, 0x0042, 0x0022, 0x0022, 0x0022, 0x0022, 0x0022, 0x0021, 0x1944, 0x08c2, 0x0041, 0x0042, 0x0042, 0x0842, 0x0021, 0x10e3,
    0x1944, 0x0021, 0x0042, 0x0062, 0x0062, 0x08a2, 0x1124, 0x1123, 0x1103, 0x0062, 0x0883, 0x0083, 0x0062, 0x1103, 0x1964, 0x0062,
    0x08a3, 0x0083, 0x00a3, 0x00a3, 0x00a4, 0x08a3, 0x00c2, 0x21c5, 0x08e3, 0x00a3, 0x08c4, 0x08c4, 0x08c3, 0x1185, 0x1184, 0x19a5,
    0x1124, 0x08e4, 0x0904, 0x1124, 0x21c5, 0x19a5, 0x19a6, 0x0904, 0x1104, 0x08e3, 0x19a5, 0x19c5, 0x19a5, 0x1144, 0x08e3, 0x1104,
    0x0904, 0x0944, 0x19e6, 0x0944, 0x1145, 0x1165, 0x1185, 0x1184, 0x1a06, 0x2246, 0x11a5, 0x11c5, 0x19c5, 0x11c5, 0x1a06, 0x1a26,
    0x1a46, 0x19e6, 0x19c6, 0x19e6, 0x2228, 0x0082, 0x630c, 0x4a29, 0x3186, 0xdeda, 0xf79e, 0x7bcf, 0x18e5, 0x3a4a, 0x424a, 0x426a,
    0x4a8b, 0x4aab, 0x4aac, 0x4acc, 0x4aac, 0x424a, 0x422a, 0x0862, 0x4a6a, 0x6b4e, 0x632d, 0x6b6e, 0x73af, 0x7bd0, 0x7bf0, 0x7bd0,
    0x73af, 0x738f, 0x632d, 0x5aab, 0x5aaa, 0x5aaa, 0x5269, 0x4a28, 0x4a28, 0x4a27, 0x4a07, 0x5227, 0x5247, 0x5a47, 0x6267, 0x6287,
    0x72c8, 0x7b09, 0x8329, 0x8b6a, 0x9baa, 0xa3eb, 0xb48d, 0xd591, 0xd5d1, 0xddf2, 0xe632, 0xee53, 0xee53, 0xf673, 0xf673, 0xf673,
    0xee11, 0xbcae, 0x5a27, 0x3985, 0xa46e, 0xac6d, 0xbcce, 0xc50f, 0xd56f, 0xddb0, 0xddd0, 0xe5f1, 0xe5f1, 0xee10, 0xedf0, 0xedef,
    0xedef, 0xe5f0, 0xe5cf, 0xe5ae, 0xe58f, 0xdd6e, 0xdd8e, 0xddae, 0xddd0, 0x8bcc, 0xf79b, 0xff9a, 0xff9a, 0xf6d6, 0xd590, 0xddaf,
    0xe5af, 0xdd6e, 0xd52e, 0xcd0d, 0xc4cc, 0xbcac, 0xb44b, 0xabea, 0xac0a, 0xabc9, 0xabc9, 0xabe9, 0xb40a, 0xb40a, 0xb40a, 0xb40a,
    0xb40a, 0xb40a, 0xb40a, 0xb40a, 0xb40a, 0xb3ea, 0xb40a, 0xb40a, 0xb40a, 0xb40a, 0xb42a, 0xb40a, 0xbc6c, 0x6287, 0x18e5, 0x10c5,
    0x18e5, 0x18e5, 0x1905, 0x5a68, 0x9baa, 0xa3a9, 0x938a, 0x7b08, 0xc48c, 0xbc4a, 0xbc4a, 0xbc4b, 0xbc4b, 0xbc4b, 0xbc4b, 0xbc4b,
    0xbc4b, 0xbc4b, 0xbc4a, 0xbc4a, 0xbc4a, 0xbc4b, 0xbc4b, 0xbc4b, 0xbc2a, 0xbc2b, 0xbc4a, 0xbc4b, 0xb42b, 0xb40a, 0xb42b, 0xbc4b,
    0xbc4b, 0xb44a, 0xc48c, 0x8328, 0x9369, 0xc48c, 0xbc4a, 0xbc4b, 0xbc4b, 0xbc4a, 0xb44a, 0xbc4a, 0xbc4b, 0xb42b, 0xa3a9, 0x8b29,
    0x3145, 0x52ab, 0x6b2d, 0x5b0c, 0x0841, 0x0000, 0x3188, 0x3169, 0x316a, 0x5b2f, 0x532e, 0x52f0, 0x298b, 0x5a6f, 0x6a90, 0x6291,
    0x326c, 0x230a, 0x4cee, 0x348a, 0x3d4c, 0x2d0a, 0x356a, 0x352b, 0x550f, 0x224b, 0x3a0e, 0x3129, 0x8b72, 0x8b4f, 0x0000, 0x0001,
    0x0000, 0x31c4, 0xc691, 0xcf10, 0x5d70, 0x2d75, 0x2d98, 0x35b9, 0x2c13, 0x42ca, 0x7615, 0x2d77, 0x2db7, 0x2d97, 0x2d98, 0x2578,
    0x35b9, 0x4518, 0x08e7, 0x11eb, 0x34b7, 0x3dba, 0x338f, 0x9ccf, 0xad0d, 0xb570, 0xad4f, 0xad0e, 0xb54e, 0xb56f, 0xa52e, 0x9cee,
    0x8c4c, 0x6b6a, 0x334f, 0x34d7, 0x2d59, 0x2d59, 0x2d38, 0x23d2, 0x53b1, 0x9536, 0xc536, 0xd493, 0xd4b3, 0xd534, 0x7b0c, 0x0000,
    0x10c4, 0x1166, 0x1145, 0x1165, 0x21e6, 0x1164, 0x1124, 0x0904, 0x0904, 0x1144, 0x1184, 0x1184, 0x1145, 0x08e4, 0x08e4, 0x08e3,
    0x1184, 0x1184, 0x11a5, 0x0904, 0x08c3, 0x08c3, 0x00a3, 0x1144, 0x1984, 0x00a1, 0x08a3, 0x08a3, 0x0082, 0x1124, 0x1143, 0x1124,
    0x08a3, 0x0082, 0x0062, 0x08c3, 0x1944, 0x1943, 0x1104, 0x0043, 0x0062, 0x0062, 0x00a2, 0x2185, 0x08a2, 0x0042, 0x0062, 0x0062,
    0x0042, 0x1924, 0x1903, 0x0021, 0x0042, 0x0042, 0x0042, 0x1904, 0x1103, 0x10e3, 0x0062, 0x0022, 0x0042, 0x0042, 0x0022, 0x0022,
    0x0022, 0x0022, 0x0022, 0x0042, 0x0001, 0x0042, 0x0842, 0x0043, 0x0043, 0x0043, 0x0842, 0x0022, 0x0022, 0x0042, 0x0042, 0x0062,
    0x0062, 0x0062, 0x0042, 0x0043, 0x0063, 0x0862, 0x0063, 0x0083, 0x0083, 0x0063, 0x0063, 0x0083, 0x0883, 0x08a3, 0x00a3, 0x00a3,
    0x00a3, 0x08a3, 0x00a3, 0x00a3, 0x00c3, 0x08c4, 0x08c4, 0x08c4, 0x08e4, 0x00c3, 0x00c3, 0x00c3, 0x08c4, 0x08e4, 0x08e4, 0x0904,
    0x08e4, 0x08e4, 0x08e4, 0x0904, 0x0905, 0x10e4, 0x08e3, 0x0904, 0x08e4, 0x0904, 0x1124, 0x1124, 0x1124, 0x0944, 0x0944, 0x1165,
    0x1165, 0x1165, 0x1185, 0x1185, 0x0965, 0x0985, 0x11a6, 0x11a5, 0x19a6, 0x11a5, 0x11a5, 0x11c5, 0x11c5, 0x19c6, 0x19c6, 0x1a06,
    0x2a28, 0x0883, 0x630c, 0x41e7, 0x6b6d, 0xffff, 0xd699, 0xa514, 0x18e4, 0x3a09, 0x422a, 0x422a, 0x39e9, 0x18e4, 0x0042, 0x0882,
    0x2987, 0x426a, 0x424a, 0x1083, 0x0000, 0x0842, 0x0000, 0x0000, 0x0842, 0x1083, 0x18c4, 0x2967, 0x3a09, 0x39e9, 0x4a4a, 0x52ab,
    0x5aed, 0x632e, 0x636f, 0x6b8f, 0x73af, 0x73af, 0x73af, 0x73b0, 0x73af, 0x6baf, 0x6b6e, 0x5b0c, 0x5b0c, 0x5b0c, 0x528a, 0x4208,
    0x4a28, 0x5269, 0x5269, 0x4a69, 0x5248, 0x62a9, 0x62a9, 0x62c9, 0x6ae9, 0x7309, 0x7b2a, 0x8bab, 0x9c0c, 0x8b8b, 0x3145, 0x6b4d,
    0x5acb, 0x5269, 0x5aca, 0x6b2c, 0x6b0b, 0x7b6c, 0x83cc, 0x838b, 0x838b, 0x8bcc, 0x93ec, 0xa46d, 0xa48e, 0xacae, 0xbcef, 0xc54f,
    0xd590, 0xedf0, 0xe58e, 0xe5ef, 0xb4ad, 0xb4f0, 0xffda, 0xffba, 0xf6f7, 0xd58e, 0xdd6e, 0xcccc, 0xbc4b, 0xb42b, 0xb40b, 0xb42b,
    0xabcc, 0x92c8, 0x9b29, 0x92c8, 0x82a7, 0xb40b, 0xb40a, 0xb40a, 0xb40a, 0xb40a, 0xb3ea, 0xb40a, 0xb40a, 0xb40a, 0xb40a, 0xb40a,
    0xb40a, 0xb40a, 0xb40a, 0xb40a, 0xb40b, 0xb40a, 0xb42a, 0xb409, 0xbc6b, 0x6a87, 0x20e5, 0x1906, 0x18e5, 0x18e5, 0x2125, 0x5a68,
    0x9bca, 0xa3a9, 0x9baa, 0x7b08, 0xc48c, 0xbc2a, 0xbc4a, 0xbc4b, 0xbc4b, 0xbc4b, 0xbc4b, 0xbc4b, 0xbc4b, 0xbc4b, 0xbc4b, 0xbc4a,
    0xbc4a, 0xbc4b, 0xbc4b, 0xbc4b, 0xbc4a, 0xbc4a, 0xbc4a, 0xbc4b, 0xbc4b, 0xbc6b, 0xbc4b, 0xb42a, 0xbc4a, 0xbc4a, 0xc48c, 0x8328,
    0x9369, 0xc48c, 0xbc4a, 0xbc4b, 0xbc4b, 0xbc4a, 0xbc4a, 0xbc4b, 0xb42b, 0xa3a9, 0xabca, 0x6a67, 0x41e8, 0x52ab, 0x632d, 0x0841,
    0x41a7, 0x93f0, 0x0841, 0x0001, 0x1084, 0x6b6f, 0x8493, 0x73f2, 0x3a0d, 0x422e, 0x320d, 0x322d, 0x322e, 0x21cb, 0x32ec, 0x332b,
    0x33cc, 0x3c4d, 0x452d, 0x4d6e, 0x550f, 0x3b4d, 0x29ab, 0x39ab, 0x5a2d, 0xbc96, 0x20a4, 0x1081, 0xa4ed, 0x9d8d, 0x752f, 0x5531,
    0x3535, 0x2d78, 0x2d78, 0x361a, 0x12ac, 0x6baa, 0x85d3, 0x33f0, 0x34b3, 0x3516, 0x3558, 0x3d98, 0x2d98, 0x3d16, 0x222b, 0x3cd7,
    0x2538, 0x2d17, 0x432d, 0x840c, 0x6b28, 0x5267, 0x83ea, 0x9c6c, 0xa4ce, 0x7368, 0x8c2b, 0xad2d, 0xde91, 0xbd6e, 0x3aac, 0x2b52,
    0x2475, 0x2d59, 0x2518, 0x2cd6, 0x2acd, 0x9c51, 0xd534, 0xc472, 0x830d, 0x41c8, 0x93ce, 0x51c7, 0x0001, 0x1966, 0x1986, 0x1165,
    0x0904, 0x1145, 0x1125, 0x1104, 0x1124, 0x0904, 0x08e3, 0x08e3, 0x00c4, 0x08e5, 0x08e4, 0x08e4, 0x08c3, 0x00c4, 0x00c4, 0x08c4,
    0x08c4, 0x08c4, 0x00c3, 0x00c3, 0x00a3, 0x08c3, 0x08a4, 0x08a4, 0x00a3, 0x0063, 0x0082, 0x0062, 0x0083, 0x0083, 0x0063, 0x0043,
    0x0062, 0x0062, 0x0042, 0x0063, 0x0063, 0x0063, 0x0062, 0x0042, 0x0042, 0x0063, 0x0063, 0x0063, 0x0062, 0x0022, 0x0021, 0x0042,
    0x0043, 0x0043, 0x0042, 0x0022, 0x0022, 0x0002, 0x0042, 0x0042, 0x0042, 0x0042, 0x0022, 0x0022, 0x0022, 0x0022, 0x0023, 0x0042,
    0x0021, 0x0022, 0x0043, 0x0042, 0x0043, 0x0042, 0x0842, 0x0042, 0x0022, 0x0063, 0x0042, 0x0042, 0x0062, 0x0062, 0x0021, 0x0001,
    0x0063, 0x0863, 0x0063, 0x0083, 0x0083, 0x0083, 0x0063, 0x0883, 0x0883, 0x08a3, 0x00a3, 0x00a3, 0x00a3, 0x08a3, 0x08c4, 0x00a3,
    0x00c3, 0x08c4, 0x08e4, 0x08c4, 0x08c4, 0x08c4, 0x08a3, 0x08c3, 0x08c4, 0x08c4, 0x08e4, 0x08e4, 0x00a3, 0x00c3, 0x1104, 0x08e4,
    0x0904, 0x1104, 0x10e4, 0x08e4, 0x0904, 0x1144, 0x1125, 0x1144, 0x1164, 0x1165, 0x1165, 0x1145, 0x1165, 0x1165, 0x1185, 0x1165,
    0x0965, 0x0944, 0x11a5, 0x11a6, 0x1186, 0x19a6, 0x19a5, 0x11a5, 0x11e5, 0x19e6, 0x19c6, 0x19e5, 0x2a27, 0x0883, 0x62cb, 0x4228,
    0x3186, 0xd6ba, 0xdedb, 0x8410, 0x18e4, 0x426a, 0x3a2a, 0x3188, 0x0863, 0x2105, 0x8430, 0x8410, 0x2125, 0x1905, 0x4a6a, 0x0883,
    0x424a, 0x6b6f, 0x39e8, 0x2126, 0x2105, 0x18c5, 0x0883, 0x1084, 0x10a5, 0x0001, 0x0001, 0x0000, 0x0000, 0x0000, 0x0000, 0x0021,
    0x0001, 0x0021, 0x1083, 0x18e4, 0x2126, 0x2946, 0x31a8, 0x4a4a, 0x4a8b, 0x5acc, 0x630e, 0x6b6f, 0x73af, 0x7bd0, 0x7bcf, 0x7c10,
    0x8410, 0x7bef, 0x7bcf, 0x73af, 0x736e, 0x6b2d, 0x62ec, 0x5acb, 0x3985, 0x5a89, 0x2966, 0x52ac, 0x422a, 0x31a8, 0x31a8, 0x39c8,
    0x41e9, 0x4a2a, 0x4a6a, 0x4a6b, 0x4a6b, 0x52ac, 0x5aec, 0x630d, 0x62ec, 0x5acc, 0x632d, 0x632c, 0x62ea, 0x7b2a, 0xcd70, 0xe611,
    0xa42d, 0xc591, 0xff57, 0xff58, 0xddd0, 0xdd6d, 0xbc6a, 0xabc9, 0xb3ea, 0xb40b, 0xb42b, 0xb44c, 0x8247, 0xc348, 0xdc09, 0xe44b,
    0x71e6, 0xabca, 0xbc2b, 0xb40a, 0xb40a, 0xabea, 0xac0a, 0xac09, 0xb409, 0xb40a, 0xbc2a, 0xbc2a, 0xbc2b, 0xbc2b, 0xbc4a, 0xb42a,
    0xb40a, 0xb40a, 0xb40a, 0xb40a, 0xbc6b, 0x72c8, 0x2105, 0x1906, 0x18e5, 0x18e5, 0x2125, 0x5a68, 0x9bca, 0xa3a9, 0x9baa, 0x82e8,
    0xc48c, 0xbc4a, 0xbc4a, 0xbc4a, 0xbc4b, 0xbc4b, 0xbc4b, 0xbc4b, 0xbc4b, 0xbc4b, 0xbc4b, 0xbc4a, 0xbc4a, 0xbc4b, 0xbc4b, 0xbc4b,
    0xbc4b, 0xbc4b, 0xbc4a, 0xbc4a, 0xbc4a, 0xbc4a, 0xbc4a, 0xbc6b, 0xbc4a, 0xb44a, 0xc48c, 0x8328, 0x9369, 0xc48c, 0xbc4a, 0xbc4b,
    0xbc4b, 0xb42a, 0xb42a, 0xbc4b, 0xabca, 0xa368, 0xa3cb, 0x4184, 0x4249, 0x52ec, 0x4a6a, 0x0000, 0xac11, 0xfe3a, 0xccf5, 0x6aac,
    0x1082, 0x0862, 0x632e, 0x73b2, 0x4a6f, 0x294b, 0x4a4a, 0x49c6, 0x3966, 0x2945, 0x2144, 0x1904, 0x1925, 0x19a7, 0x19e8, 0x2209,
    0x224b, 0x324d, 0x218b, 0x420d, 0x396a, 0xb456, 0x624b, 0x0860, 0xadd1, 0x9631, 0x44f1, 0x2d15, 0x2538, 0x2d38, 0x2d58, 0x3d58,
    0x0926, 0x9cac, 0x7baa, 0x59e7, 0x5a07, 0x4207, 0x3208, 0x2209, 0x34d5, 0x33d0, 0x1987, 0x3cd6, 0x1cd5, 0x24f5, 0x2a8a, 0xad2e,
    0xb5af, 0x9cad, 0xad0e, 0xb54f, 0x946d, 0x62e8, 0x6b29, 0x8c0b, 0xa4ac, 0xa4cd, 0x3a8b, 0x198b, 0x124d, 0x2c97, 0x3519, 0x24f7,
    0x2454, 0x224b, 0x732e, 0x3209, 0x1aee, 0x3331, 0xa4b2, 0xbc6f, 0x1000, 0x10e5, 0x1186, 0x1165, 0x1125, 0x1145, 0x1125, 0x1104,
    0x0904, 0x0905, 0x0904, 0x08e4, 0x0905, 0x08e5, 0x08e4, 0x08e4, 0x08c3, 0x0082, 0x00c3, 0x08c4, 0x08a4, 0x08c4, 0x00e4, 0x08c4,
    0x00a3, 0x08c4, 0x00a4, 0x08a4, 0x00a3, 0x0084, 0x0082, 0x08a3, 0x0884, 0x0883, 0x0083, 0x0883, 0x0063, 0x0063, 0x0063, 0x0062,
    0x0043, 0x0063, 0x0062, 0x0042, 0x0063, 0x0043, 0x0063, 0x0063, 0x0042, 0x0001, 0x0021, 0x0062, 0x0042, 0x0042, 0x0042, 0x0022,
    0x0001, 0x0022, 0x0022, 0x0022, 0x0042, 0x0042, 0x0022, 0x0022, 0x0022, 0x0022, 0x0042, 0x0000, 0x1903, 0x18e3, 0x0021, 0x0042,
    0x0042, 0x0042, 0x0021, 0x08a2, 0x1945, 0x0042, 0x0042, 0x0063, 0x0062, 0x0041, 0x2185, 0x31e6, 0x0081, 0x0062, 0x0083, 0x08a3,
    0x0062, 0x08e2, 0x1964, 0x0082, 0x0883, 0x08a3, 0x08a3, 0x00a3, 0x00a3, 0x08a3, 0x00a2, 0x19a5, 0x0903, 0x08c3, 0x08e4, 0x08c4,
    0x08c3, 0x00a2, 0x1985, 0x1103, 0x08a3, 0x08c4, 0x08e4, 0x00e2, 0x21c5, 0x2a06, 0x08e3, 0x08e4, 0x0904, 0x1104, 0x00c2, 0x1985,
    0x1185, 0x1144, 0x1145, 0x1145, 0x1164, 0x0964, 0x1a06, 0x1185, 0x1165, 0x1165, 0x1185, 0x0963, 0x2246, 0x2a66, 0x0963, 0x1185,
    0x1186, 0x1185, 0x19c5, 0x32c8, 0x1a26, 0x11e6, 0x19e6, 0x19e5, 0x2227, 0x0882, 0x5aaa, 0x4a29, 0x10c4, 0x31a7, 0x6b4d, 0x2966,
    0x31e8, 0x426a, 0x31c8, 0x10c4, 0x2966, 0xd699, 0xef7c, 0xd6da, 0xce59, 0x39c7, 0x2987, 0x10a4, 0x1083, 0x2987, 0x4209, 0x4a6b,
    0x52cc, 0x5aed, 0x5aed, 0x5aed, 0x5acc, 0x52ac, 0x52ac, 0x528b, 0x4a4b, 0x4209, 0x39c8, 0x420a, 0x2106, 0x10a4, 0x0883, 0x0042,
    0x0001, 0x0000, 0x0022, 0x0863, 0x0000, 0x0000, 0x0000, 0x0000, 0x0000, 0x0001, 0x0863, 0x0863, 0x0862, 0x10a4, 0x2126, 0x3187,
    0x39c8, 0x3a09, 0x4a6b, 0x52ac, 0x2945, 0x5248, 0x31c8, 0x424b, 0x18e5, 0x2987, 0x31a8, 0x2967, 0x2146, 0x2105, 0x1905, 0x18e5,
    0x18e5, 0x1905, 0x2105, 0x2125, 0x2126, 0x2946, 0x1905, 0x2126, 0x422a, 0x526a, 0x4a07, 0xd5d3, 0xa46d, 0xddf2, 0xf6b5, 0xe611,
    0xd56e, 0xc48b, 0xabc9, 0xb40a, 0xb40a, 0xb40a, 0xb42a, 0xb42b, 0x6184, 0xaaa7, 0xaa64, 0x89c3, 0x69c4, 0xac0b, 0xb40a, 0xb42a,
    0xbc4b, 0xbc6b, 0xbc6b, 0xb44b, 0xac2c, 0xa3cb, 0x9baa, 0x9b69, 0x9b6a, 0x9b8a, 0x9bcb, 0xac4c, 0xbc6b, 0xbc2a, 0xb40a, 0xb42a,
    0xbc6b, 0x8329, 0x2105, 0x18e6, 0x2105, 0x18e5, 0x2105, 0x5a88, 0xa3eb, 0xa3a9, 0x9baa, 0x7ae8, 0xc48b, 0xbc4a, 0xbc4a, 0xbc4a,
    0xbc4a, 0xbc4a, 0xbc4b, 0xbc4b, 0xbc4a, 0xbc4a, 0xbc4a, 0xbc4a, 0xbc4a, 0xbc4a, 0xbc4a, 0xbc4a, 0xbc4a, 0xbc4a, 0xbc4a, 0xbc6a,
    0xbc4a, 0xbc6a, 0xbc4a, 0xbc4a, 0xbc4a, 0xb44a, 0xc48c, 0x8348, 0x9369, 0xc48c, 0xbc4a, 0xbc4a, 0xbc2a, 0xbc4a, 0xbc4b, 0xb42b,
    0xa389, 0xa389, 0x934a, 0x3145, 0x4a6a, 0x5aec, 0x4a6a, 0x0000, 0xb3f2, 0xfdb8, 0xfd77, 0xfdf9, 0xdd77, 0x3966, 0x0022, 0x6b70,
    0x5b11, 0x2948, 0x8bcd, 0xdd90, 0xd54d, 0xcd2d, 0xbcec, 0xac4a, 0x9bc9, 0x7b67, 0x6ac7, 0x5a67, 0x4a06, 0x3186, 0x2127, 0x39ac,
    0x398b, 0x8311, 0x9c13, 0x0000, 0x3b0c, 0x4d34, 0x3534, 0x2d36, 0x2537, 0x2d37, 0x2d18, 0x2bf4, 0x0884, 0xbd6f, 0x8369, 0xbbed,
    0xe48d, 0xd46c, 0xd4ad, 0x5a48, 0x2bd1, 0x338f, 0x21a7, 0x44f5, 0x1c95, 0x2d16, 0x32cc, 0x6b8b, 0x8c8d, 0xa50f, 0x9d10, 0x9cee,
    0xa52f, 0xb590, 0xbd8f, 0xad2e, 0xa4cc, 0x9cef, 0x2a4b, 0x29aa, 0x0907, 0x1b12, 0x2c77, 0x2d37, 0x2d38, 0x34d6, 0x2391, 0x2cf6,
    0x2d9a, 0x2cb9, 0x4b2f, 0xdd52, 0x4985, 0x0022, 0x1966, 0x1164, 0x1185, 0x1145, 0x1125, 0x1125, 0x1125, 0x00e3, 0x1164, 0x19a5,
    0x0904, 0x0905, 0x0904, 0x00c3, 0x1103, 0x3247, 0x1163, 0x00c2, 0x08c4, 0x08c4, 0x00c3, 0x1124, 0x1985, 0x00c3, 0x08c4, 0x00a3,
    0x00a3, 0x0061, 0x1123, 0x08e3, 0x0083, 0x08a3, 0x0883, 0x0041, 0x08c3, 0x1104, 0x0061, 0x0062, 0x0062, 0x0062, 0x0041, 0x1944,
    0x0882, 0x0042, 0x0063, 0x0062, 0x0062, 0x29e6, 0x29c6, 0x0042, 0x0042, 0x0062, 0x0021, 0x1924, 0x3a27, 0x08a1, 0x0021, 0x0043,
    0x0042, 0x0042, 0x0022, 0x0022, 0x0022, 0x0043, 0x0002, 0x2185, 0x6c4d, 0x3226, 0x0000, 0x0863, 0x0042, 0x0022, 0x1924, 0x5bcc,
    0x538a, 0x0061, 0x0063, 0x0863, 0x0021, 0x3207, 0x42c9, 0x42c8, 0x42c9, 0x0041, 0x08a3, 0x0063, 0x10e4, 0x63cc, 0x538a, 0x0062,
    0x08a3, 0x08a3, 0x08a3, 0x08a3, 0x08c4, 0x00a3, 0x3288, 0x6c6e, 0x1964, 0x00a3, 0x08e4, 0x08e4, 0x00a3, 0x2a67, 0x6c4e, 0x19c5,
    0x00a2, 0x10e4, 0x0082, 0x2a06, 0x4329, 0x4309, 0x3ac9, 0x00c2, 0x1124, 0x00e4, 0x2a47, 0x646e, 0x2a66, 0x0924, 0x1145, 0x1146,
    0x1185, 0x438a, 0x5c4d, 0x0984, 0x1185, 0x1185, 0x0943, 0x32a8, 0x436a, 0x3b48, 0x32e8, 0x0944, 0x1185, 0x11c5, 0x4369, 0x3328,
    0x43cb, 0x1a25, 0x19e6, 0x1a06, 0x2228, 0x0882, 0x5269, 0x39e8, 0x2967, 0x424a, 0x39c8, 0x4a6b, 0x424a, 0x422a, 0x31a8, 0x0882,
    0xad75, 0xffde, 0xf79c, 0xce78, 0xc658, 0xb5b6, 0x2146, 0x10a4, 0x2947, 0x2947, 0x0000, 0x0000, 0x0000, 0x0001, 0x0000, 0x0022,
    0x10c4, 0x0842, 0x10a4, 0x18e5, 0x2926, 0x3167, 0x4209, 0x422a, 0x4a4a, 0x4a6b, 0x5acc, 0x5aed, 0x5acc, 0x5acc, 0x5acc, 0x52ac,
    0x4a6b, 0x4a4a, 0x422a, 0x39e9, 0x2968, 0x2106, 0x2947, 0x1905, 0x0863, 0x0022, 0x0001, 0x0000, 0x0000, 0x0000, 0x0042, 0x18e5,
    0x2925, 0x4a28, 0x39e8, 0x29a8, 0x39e9, 0x4aab, 0x426a, 0x426a, 0x426a, 0x426a, 0x424a, 0x426a, 0x3a4a, 0x3a4a, 0x3a4a, 0x3a2a,
    0x424a, 0x2946, 0x3187, 0x39e8, 0x0863, 0x39e8, 0x4a69, 0x83ad, 0xa42d, 0xddd0, 0xe5d0, 0xe58e, 0xd54d, 0xabc9, 0xabea, 0xabea,
    0xac0a, 0xb40a, 0xb40a, 0xbc6b, 0x8ae8, 0x6984, 0x8226, 0x8a87, 0xabeb, 0xbc8c, 0xb46c, 0xac0b, 0x8b69, 0x6aa8, 0x5a06, 0x3964,
    0x3164, 0x3165, 0x3124, 0x3144, 0x3144, 0x3124, 0x2923, 0x28e3, 0x51e5, 0xa40c, 0xbc6c, 0xb42a, 0xc48b, 0x93cb, 0x2945, 0x18c5,
    0x18c4, 0x18e5, 0x2946, 0x62a9, 0xa3eb, 0xa3a9, 0x9baa, 0x7ae8, 0xc48c, 0xbc2a, 0xbc4a, 0xbc4a, 0xbc4a, 0xbc4a, 0xbc4a, 0xbc4a,
    0xbc4a, 0xbc4a, 0xbc4a, 0xbc4a, 0xbc4a, 0xbc4a, 0xbc4a, 0xbc4a, 0xbc4a, 0xbc4a, 0xbc4a, 0xbc6a, 0xbc6a, 0xbc4a, 0xbc4a, 0xbc4a,
    0xbc4b, 0xb44a, 0xc48c, 0x8328, 0x9369, 0xc48c, 0xbc4a, 0xbc4b, 0xbc4b, 0xbc2a, 0xb42a, 0xabc9, 0xa369, 0xabca, 0x72a8, 0x3166,
    0x4a6a, 0x5aec, 0x5acc, 0x0020, 0x4187, 0xed97, 0xfdd8, 0xfd78, 0xfe7c, 0xac73, 0x0000, 0x5b2e, 0x7c13, 0x422d, 0x2928, 0x4229,
    0x41e6, 0x4a46, 0x62e7, 0x8368, 0x9c0a, 0xacaa, 0xbd0c, 0xcd6d, 0xd5ce, 0xde10, 0xa46e, 0x3129, 0x41cd, 0x41ab, 0xac77, 0x3126,
    0x1167, 0x4d78, 0x2d57, 0x2d57, 0x2d58, 0x2cf8, 0x2436, 0x22f0, 0x0882, 0xce11, 0x5b29, 0x2964, 0x41a4, 0x49a4, 0x59e6, 0x31a7,
    0x3cb5, 0x22cd, 0x2a4a, 0x4d77, 0x34d6, 0x3c33, 0x32ad, 0x1926, 0x08a3, 0x2124, 0x3208, 0x42ec, 0x42ed, 0x2a8a, 0x2aaa, 0x328a,
    0x3a6a, 0x2a0a, 0x328f, 0x2a2c, 0x0064, 0x2a8e, 0x2393, 0x4517, 0x4495, 0x334e, 0x3bf0, 0x34f6, 0x2558, 0x2d5a, 0x2bb3, 0xa470,
    0x9b8b, 0x0000, 0x10e5, 0x2a28, 0x32a8, 0x1164, 0x0945, 0x0945, 0x0924, 0x19a5, 0x5bed, 0x3b09, 0x00e3, 0x1125, 0x0904, 0x0923,
    0x434a, 0x2a66, 0x538b, 0x0903, 0x08c4, 0x08a4, 0x1965, 0x63ed, 0x534a, 0x00a1, 0x08c4, 0x08a4, 0x0082, 0x3267, 0x6c2e, 0x1964,
    0x0062, 0x08a3, 0x0062, 0x1944, 0x63cd, 0x4288, 0x0020, 0x0863, 0x0062, 0x0042, 0x3a89, 0x6c2d, 0x1102, 0x0042, 0x0863, 0x0021,
    0x3a68, 0x3aa8, 0x4b09, 0x3207, 0x0021, 0x0041, 0x10e3, 0x5b4b, 0x3a87, 0x534b, 0x0020, 0x0042, 0x0042, 0x0042, 0x0022, 0x0022,
    0x0022, 0x0022, 0x0042, 0x08a2, 0x42e8, 0x3246, 0x0000, 0x0043, 0x0042, 0x0042, 0x08a3, 0x2205, 0x5389, 0x0061, 0x0884, 0x0883,
    0x0001, 0x4b0a, 0x2184, 0x1163, 0x53ab, 0x0040, 0x0062, 0x0863, 0x08a3, 0x2a25, 0x4b6a, 0x0062, 0x08c4, 0x08a3, 0x08a4, 0x08a3,
    0x00c4, 0x00c4, 0x0963, 0x4b8a, 0x1984, 0x00a3, 0x08e4, 0x10c4, 0x08e3, 0x1183, 0x4baa, 0x1a05, 0x00c3, 0x08e4, 0x0082, 0x4309,
    0x1a04, 0x19e4, 0x53cc, 0x00e2, 0x1105, 0x0905, 0x11c5, 0x43c9, 0x2aa7, 0x0104, 0x1165, 0x1146, 0x11a5, 0x2aa6, 0x4bea, 0x09a4,
    0x1185, 0x1185, 0x0123, 0x436a, 0x1a65, 0x1a65, 0x53eb, 0x0984, 0x1185, 0x1a46, 0x43ca, 0x01e2, 0x43ca, 0x22a6, 0x11e5, 0x1a06,
    0x2228, 0x0882, 0x4a69, 0x39e7, 0x2126, 0x420a, 0x4a49, 0x424a, 0x424a, 0x424b, 0x2146, 0x4a49, 0xe73b, 0xf7bd, 0xffff, 0xf7bd,
    0xc658, 0xd6ba, 0x6b6e, 0x0863, 0x5aac, 0x73b0, 0x630d, 0x52cc, 0x4a8b, 0x422a, 0x39c9, 0x31c8, 0x31c8, 0x2105, 0x10a4, 0x0863,
    0x0022, 0x0001, 0x0000, 0x0843, 0x0000, 0x0000, 0x0001, 0x0001, 0x0022, 0x0042, 0x10a4, 0x2105, 0x2126, 0x3187, 0x31a7, 0x39c8,
    0x39e9, 0x426b, 0x4a8b, 0x52ac, 0x52cc, 0x52ac, 0x5acc, 0x5aec, 0x52cc, 0x528b, 0x52ab, 0x630d, 0x3987, 0x4a08, 0x31a7, 0x2987,
    0x422a, 0x426b, 0x426a, 0x3a09, 0x2146, 0x0042, 0x0042, 0x10a3, 0x2987, 0x3a09, 0x3a09, 0x3a2a, 0x2987, 0x52cb, 0xef9e, 0xe73d,
    0x738f, 0x10a4, 0x4a8b, 0x5248, 0xac6d, 0xdd8e, 0xdd4d, 0xe58e, 0xccec, 0xabc9, 0xb40a, 0xabe9, 0xb40a, 0xb40a, 0xb40a, 0xb40b,
    0xb44b, 0xb44c, 0xc4ad, 0xc4ef, 0xa40c, 0x6267, 0x3985, 0x2903, 0x3145, 0x39c7, 0x4a6a, 0x5aeb, 0x634c, 0x738d, 0x738e, 0x738e,
    0x738e, 0x6b6d, 0x7bcf, 0x7c10, 0x39e7, 0x20c2, 0x93ab, 0xc48c, 0xbc6a, 0xa42c, 0x3145, 0x31a8, 0x2987, 0x39c8, 0x2905, 0x7b0a,
    0xa3ca, 0xa3a9, 0x9baa, 0x7ae8, 0xbc8c, 0xbc2a, 0xbc4a, 0xbc4a, 0xbc4a, 0xbc4a, 0xbc4a, 0xbc4a, 0xbc4a, 0xbc4a, 0xbc4a, 0xbc4a,
    0xbc4a, 0xbc6a, 0xbc6a, 0xbc4a, 0xbc6a, 0xbc6a, 0xbc6a, 0xbc6a, 0xbc6a, 0xbc4a, 0xbc4a, 0xbc4b, 0xbc4b, 0xb44a, 0xc48c, 0x8308,
    0x938a, 0xc48c, 0xbc4a, 0xbc4b, 0xb44a, 0xb44a, 0xb40a, 0xa389, 0xa369, 0xa3ca, 0x5a06, 0x31a7, 0x4a6b, 0x4a6a, 0x4a8b, 0x3186,
    0x0000, 0x28c3, 0x728a, 0xabd0, 0xac32, 0x3987, 0x0000, 0x5aed, 0x8493, 0x5b10, 0x218c, 0x6456, 0x6497, 0x3311, 0x4bd3, 0x2a6d,
    0x21ea, 0x2a0a, 0x42cb, 0x3a88, 0x4aa8, 0x5ae9, 0x632b, 0x1906, 0x3a0c, 0x316a, 0x9bd5, 0x830f, 0x0001, 0x44b5, 0x3599, 0x2d39,
    0x2cf8, 0x2bf7, 0x3396, 0x19ec, 0x2922, 0xc670, 0x5ccf, 0x3472, 0x3432, 0x33f2, 0x2bd1, 0x3412, 0x3db9, 0x226c, 0x534f, 0x43d0,
    0x0905, 0x0041, 0x2145, 0x5acc, 0x632d, 0x39c8, 0x0862, 0x0083, 0x19a9, 0x3b30, 0x3bd3, 0x3bb3, 0x3b52, 0x32cf, 0x2a8e, 0x3a6e,
    0x0023, 0x1148, 0x226e, 0x0928, 0x0000, 0x2144, 0x63ed, 0x54f4, 0x2d78, 0x2558, 0x2455, 0x636f, 0xccaf, 0x1881, 0x0062, 0x1985,
    0x2a67, 0x1184, 0x0945, 0x0945, 0x0944, 0x1184, 0x2ac7, 0x3b29, 0x0103, 0x1105, 0x00c4, 0x19e5, 0x436a, 0x00c0, 0x53cb, 0x21c5,
    0x0083, 0x08c4, 0x0903, 0x3246, 0x4b4a, 0x00a1, 0x08c4, 0x08a3, 0x08c3, 0x1143, 0x536a, 0x21c5, 0x0062, 0x08a3, 0x0083, 0x08c2,
    0x2a46, 0x3a87, 0x0020, 0x0863, 0x0062, 0x0083, 0x1123, 0x5369, 0x1123, 0x0043, 0x0863, 0x0041, 0x536b, 0x0922, 0x3246, 0x4b0a,
    0x0021, 0x0001, 0x29c6, 0x42a8, 0x00c1, 0x642e, 0x0882, 0x0021, 0x0022, 0x0022, 0x0022, 0x0022, 0x0022, 0x0042, 0x0042, 0x0000,
    0x3a88, 0x3a47, 0x0000, 0x0042, 0x0041, 0x0043, 0x0022, 0x1164, 0x53ab, 0x0081, 0x0063, 0x0063, 0x0002, 0x42e8, 0x3266, 0x3a67,
    0x4b49, 0x0081, 0x0062, 0x0883, 0x0042, 0x1984, 0x538b, 0x0082, 0x08c4, 0x08a4, 0x08a4, 0x08a4, 0x00c4, 0x08c4, 0x0081, 0x438a,
    0x2165, 0x0083, 0x08e4, 0x08c4, 0x08e4, 0x00c2, 0x4b8a, 0x19e5, 0x00a2, 0x08e3, 0x0082, 0x3b09, 0x2245, 0x32a8, 0x4baa, 0x0923,
    0x1125, 0x1126, 0x0102, 0x3b69, 0x2ac7, 0x0924, 0x1165, 0x1144, 0x0944, 0x11a4, 0x4bab, 0x0984, 0x1165, 0x1184, 0x0144, 0x4369,
    0x2ac6, 0x2ae7, 0x4bea, 0x11c4, 0x1185, 0x2266, 0x3bc9, 0x22a6, 0x43ca, 0x2ac7, 0x19e5, 0x1a06, 0x2227, 0x0881, 0x4a28, 0x39e7,
    0x2126, 0x4209, 0x39e8, 0x3a29, 0x424a, 0x4a6b, 0x18e4, 0x6b6d, 0xdefb, 0xdeda, 0xd6da, 0xd6ba, 0xc659, 0xce99, 0x9d35, 0x0863,
    0x1083, 0x18c4, 0x1083, 0x10a4, 0x1905, 0x2967, 0x31a8, 0x39e9, 0x422a, 0x4a4a, 0x4a8b, 0x5acc, 0x5acc, 0x52ac, 0x4a8b, 0x4a8b,
    0x4a4a, 0x424a, 0x39e9, 0x31a8, 0x2967, 0x2126, 0x2126, 0x2106, 0x0042, 0x0002, 0x0001, 0x0000, 0x0000, 0x0000, 0x0042, 0x0001,
    0x0000, 0x0001, 0x0842, 0x0863, 0x1083, 0x10a4, 0x2106, 0x18e5, 0x2925, 0x4a28, 0x31a7, 0x2988, 0x3a29, 0x428b, 0x3a29, 0x1905,
    0x0022, 0x4208, 0x632c, 0x4a69, 0x18c3, 0x1905, 0x422a, 0x3a2a, 0x2146, 0xad75, 0xffff, 0xef7d, 0xad76, 0x2105, 0x31a7, 0x41c6,
    0xa42c, 0xe58f, 0xdd6d, 0xdd8e, 0xc4ab, 0xb3e9, 0xb409, 0xac09, 0xabea, 0xb3e9, 0xb3ea, 0xabea, 0xb42b, 0xb46d, 0x8309, 0x3984,
    0x2944, 0x31c6, 0x52aa, 0x6b6d, 0x7bcf, 0x7bcf, 0x73ae, 0x738e, 0x6b6d, 0x6b4d, 0x632c, 0x632c, 0x632c, 0x632c, 0x632d, 0x94b1,
    0xb5b5, 0x4208, 0x20a2, 0x9bec, 0xbc6b, 0xbc8c, 0x5a26, 0x2904, 0x41e6, 0x49e7, 0x6247, 0xb46d, 0x9b89, 0xabc9, 0x9b8a, 0x7ae8,
    0xbc8c, 0xbc4a, 0xbc4a, 0xbc4a, 0xbc4a, 0xbc4a, 0xbc4a, 0xbc4a, 0xbc4a, 0xbc4a, 0xbc6a, 0xbc6a, 0xbc6a, 0xbc4a, 0xbc4a, 0xbc6a,
    0xbc6a, 0xbc6a, 0xbc6a, 0xbc4a, 0xbc4a, 0xbc4a, 0xbc4a, 0xbc4b, 0xbc4b, 0xbc4a, 0xc48c, 0x7ae8, 0x936a, 0xc48c, 0xbc4b, 0xbc4b,
    0xb44a, 0xb46b, 0xabca, 0xa369, 0xa388, 0x9bca, 0x41a5, 0x4208, 0x4a6a, 0x424a, 0x4a4a, 0x39e8, 0x0801, 0x4166, 0x3945, 0x28c3,
    0x1882, 0x5a4a, 0x5a8b, 0x0882, 0x52ed, 0x6330, 0x216a, 0x21ed, 0x3290, 0x2a8f, 0x4bd4, 0x4bf4, 0x3b11, 0x3332, 0x6dba, 0x761b,
    0x6578, 0x65d9, 0x6598, 0x3b0f, 0x31cc, 0x31ab, 0x6ab0, 0xac56, 0x0842, 0x2aef, 0x3d3a, 0x2c78, 0x2bf7, 0x2b55, 0x3b55, 0x1108,
    0x39c4, 0xced0, 0x4cd0, 0x3535, 0x3536, 0x2d17, 0x3536, 0x3d77, 0x4d16, 0x1187, 0x0041, 0x2124, 0x6b6d, 0xbdb7, 0xef1c, 0xff1d,
    0xfefd, 0xf6fc, 0xd5f8, 0x83cf, 0x3166, 0x0001, 0x08e5, 0x21a9, 0x1126, 0x1083, 0x10a3, 0x0001, 0x18e3, 0x31a5, 0x39c5, 0x4a25,
    0x6b28, 0x73aa, 0x5b29, 0x432a, 0x33f0, 0x2d17, 0x2cb7, 0x3aee, 0xc4d0, 0x4985, 0x0000, 0x1124, 0x2247, 0x1164, 0x0945, 0x0945,
    0x0945, 0x0103, 0x2266, 0x434a, 0x0103, 0x1125, 0x00e3, 0x1a05, 0x4329, 0x21e5, 0x538a, 0x21e5, 0x0082, 0x08e4, 0x0082, 0x21c5,
    0x536a, 0x00a2, 0x08c4, 0x08c3, 0x08c4, 0x0083, 0x4b29, 0x21c5, 0x0063, 0x08a3, 0x00a3, 0x0022, 0x21a5, 0x42c8, 0x0040, 0x0883,
    0x0062, 0x0082, 0x0060, 0x536a, 0x1164, 0x0062, 0x0863, 0x0041, 0x42e9, 0x2a06, 0x42c9, 0x42e9, 0x0021, 0x0001, 0x29c5, 0x42c8,
    0x29c5, 0x538a, 0x10c3, 0x0001, 0x0022, 0x0022, 0x0022, 0x0022, 0x0022, 0x0042, 0x0042, 0x0000, 0x3267, 0x3246, 0x0000, 0x0042,
    0x0042, 0x0043, 0x0021, 0x1143, 0x538a, 0x0041, 0x0063, 0x0063, 0x0022, 0x3ac8, 0x4b4a, 0x1963, 0x4b6a, 0x0081, 0x0062, 0x0884,
    0x0062, 0x1983, 0x538a, 0x0061, 0x08c3, 0x08a3, 0x08a4, 0x08a3, 0x00c4, 0x08c4, 0x0081, 0x436a, 0x1964, 0x0083, 0x08e4, 0x08c4,
    0x08c4, 0x00c2, 0x436a, 0x19a4, 0x00a3, 0x08e4, 0x0082, 0x3ae8, 0x3b28, 0x19e4, 0x4bcb, 0x0923, 0x1125, 0x1146, 0x0123, 0x3b69,
    0x2aa7, 0x0103, 0x1145, 0x1124, 0x0924, 0x1184, 0x4b8b, 0x0963, 0x1165, 0x1184, 0x0964, 0x4369, 0x3b69, 0x1244, 0x4c0b, 0x11c5,
    0x11a6, 0x1a46, 0x43ea, 0x1a85, 0x3328, 0x2ac7, 0x11c5, 0x1a06, 0x2227, 0x08a2, 0x39c7, 0x41c7, 0x2126, 0x3a0a, 0x3a09, 0x422a,
    0x424a, 0x4a8b, 0x18e5, 0x73af, 0xce79, 0xad95, 0xb5b6, 0xbdf7, 0xb5d6, 0xa575, 0xadb6, 0x18e4, 0x4a6b, 0x5acc, 0x2126, 0x18c4,
    0x1083, 0x0863, 0x0021, 0x0021, 0x0042, 0x0000, 0x0000, 0x0000, 0x0001, 0x0001, 0x0863, 0x2126, 0x2126, 0x2947, 0x31c8, 0x420a,
    0x424a, 0x4a6b, 0x4a6b, 0x4a6b, 0x52ac, 0x5acd, 0x5aed, 0x5aed, 0x52ac, 0x424b, 0x4a4a, 0x420a, 0x39c8, 0x2987, 0x2146, 0x18e5,
    0x10c4, 0x1083, 0x1905, 0x31c8, 0x3986, 0x4a08, 0x2987, 0x2988, 0x3a29, 0x3a2a, 0x2146, 0x0862, 0x8c51, 0xdefb, 0xce99, 0xce58,
    0xa534, 0x31a7, 0x2966, 0x4a8b, 0x2967, 0x9cf3, 0xe75d, 0xc659, 0xa555, 0x18c4, 0x2987, 0x39a6, 0xa44c, 0xdd8f, 0xdd4d, 0xdd6e,
    0xc48b, 0xb3e9, 0xb40a, 0xac09, 0xb3e9, 0xb3ea, 0xabe9, 0xb42b, 0x938b, 0x3964, 0x1904, 0x52cb, 0x83ef, 0x8c2f, 0x7bef, 0x738e,
    0x6b4d, 0x632c, 0x632c, 0x632c, 0x632c, 0x632c, 0x632c, 0x6b4c, 0x6b4c, 0x6b4c, 0x634c, 0x5b0a, 0x8c91, 0x9cf3, 0x2925, 0x28e3,
    0xb44c, 0xbc6b, 0xbc6c, 0xa3eb, 0xac4c, 0xbc8d, 0xbc8d, 0xbc8c, 0x9b89, 0xabc9, 0x9baa, 0x7ae8, 0xbc8b, 0xbc4a, 0xbc4a, 0xbc4a,
    0xbc4a, 0xbc4a, 0xbc4a, 0xbc6a, 0xbc6a, 0xbc6a, 0xbc6a, 0xbc6a, 0xbc6a, 0xbc4a, 0xbc6a, 0xbc6a, 0xbc4a, 0xbc4a, 0xbc4a, 0xbc4a,
    0xbc4a, 0xbc4a, 0xbc4b, 0xbc4b, 0xbc4b, 0xbc4a, 0xc48c, 0x7ac8, 0x8b6a, 0xc48c, 0xbc4a, 0xbc4b, 0xb44b, 0xb44b, 0xa388, 0xa389,
    0xa389, 0x938a, 0x2924, 0x4a49, 0x424a, 0x422a, 0x4a4a, 0x39e8, 0x0000, 0xa411, 0xfe1a, 0xed36, 0xe556, 0xfdf9, 0xfe3a, 0x20c4,
    0x3167, 0x73d1, 0x4a6d, 0x216a, 0x4b30, 0x42ae, 0x2a0c, 0x3a6d, 0x3a8e, 0x2a2c, 0x2a8d, 0x32cf, 0x2acf, 0x3bf3, 0x5517, 0x5415,
    0x298d, 0x420d, 0x396b, 0xac57, 0x49ca, 0x08e7, 0x3bb6, 0x3356, 0x3336, 0x3314, 0x42f2, 0x0864, 0x5a85, 0xd6d1, 0x4cd1, 0x2d36,
    0x2d16, 0x2cf6, 0x44d4, 0x2acc, 0x0063, 0x2966, 0x9492, 0xe6fc, 0xff3e, 0xfe7b, 0xf5d9, 0xe577, 0xf557, 0xecf6, 0xf557, 0xfdb9,
    0xf5b9, 0xac93, 0x5208, 0x0000, 0x0040, 0xa530, 0xe715, 0x842d, 0x39e5, 0xd6d4, 0xdf74, 0xdf54, 0xcf15, 0xb6f4, 0x9e95, 0x7d93,
    0x4452, 0x2cb5, 0x2cf8, 0x2b30, 0xa42f, 0x8b0a, 0x0000, 0x1103, 0x2a47, 0x0964, 0x0944, 0x0945, 0x0945, 0x0924, 0x2246, 0x3b29,
    0x00e3, 0x1125, 0x08e4, 0x11c5, 0x53cc, 0x19c4, 0x3ae8, 0x2206, 0x0083, 0x08c4, 0x0082, 0x21c5, 0x4b4a, 0x00a2, 0x08c4, 0x08c3,
    0x08c5, 0x0082, 0x4328, 0x21c4, 0x0062, 0x08a3, 0x00a3, 0x0042, 0x21c5, 0x3aa7, 0x0041, 0x0083, 0x0063, 0x0083, 0x0061, 0x4b4a,
    0x1163, 0x0042, 0x0883, 0x0041, 0x4329, 0x3a87, 0x19a4, 0x4b09, 0x0001, 0x0001, 0x21a5, 0x5bab, 0x1122, 0x4b29, 0x10c3, 0x0021,
    0x0022, 0x0022, 0x0022, 0x0022, 0x0022, 0x0042, 0x0842, 0x0021, 0x3ac8, 0x3aa7, 0x0020, 0x0042, 0x0042, 0x0042, 0x0021, 0x1963,
    0x5bab, 0x08a2, 0x0062, 0x0883, 0x0001, 0x42c8, 0x4309, 0x1142, 0x53ab, 0x0041, 0x0083, 0x0884, 0x0082, 0x19a4, 0x5bcb, 0x08a2,
    0x08a3, 0x08a3, 0x08a3, 0x08a3, 0x00a4, 0x00c4, 0x00c1, 0x4b8b, 0x21e5, 0x00c3, 0x08e4, 0x08e4, 0x08c4, 0x00e2, 0x4b69, 0x2205,
    0x00a3, 0x10e4, 0x0082, 0x3ae8, 0x4389, 0x1a04, 0x53cb, 0x0103, 0x1125, 0x1125, 0x0923, 0x4369, 0x2aa7, 0x0102, 0x1124, 0x1124,
    0x0924, 0x1184, 0x4bab, 0x09a4, 0x1144, 0x1185, 0x0944, 0x4369, 0x4389, 0x1aa5, 0x542c, 0x11c5, 0x19c6, 0x11e5, 0x4c0b, 0x1244,
    0x3b69, 0x2267, 0x11c5, 0x1a06, 0x2227, 0x08a2, 0x3166, 0x41c7, 0x2967, 0x4a8b, 0x39c8, 0x4209, 0x4a6b, 0x4aac, 0x2126, 0x5aec,
    0xc659, 0xd6da, 0xef9d, 0xf7bd, 0xf79d, 0xce99, 0xc638, 0x2145, 0x2125, 0x39c8, 0x422a, 0x4a6b, 0x52ac, 0x52cc, 0x52cc, 0x52ac,
    0x52ac, 0x4a6b, 0x424a, 0x31c8, 0x31a8, 0x2967, 0x2105, 0x2947, 0x0863, 0x0022, 0x0001, 0x0001, 0x0000, 0x0000, 0x0001, 0x0042,
    0x0000, 0x0022, 0x0842, 0x1083, 0x18c5, 0x2146, 0x3187, 0x31c8, 0x39e9, 0x422a, 0x4a8b, 0x52cc, 0x5aed, 0x5aed, 0x634e, 0x52ac,
    0x3986, 0x49e7, 0x2967, 0x2987, 0x3a29, 0x31c8, 0x0842, 0x6b6d, 0xf79d, 0xf7dd, 0xe73b, 0xc637, 0xce78, 0xbdf7, 0x39c7, 0x4229,
    0x422a, 0x31a7, 0xb5b6, 0xbdf7, 0x52ab, 0x0883, 0x39e8, 0x39a6, 0xa44c, 0xdd8e, 0xdd4d, 0xdd6d, 0xbc6b, 0xb3e9, 0xb40a, 0xac0a,
    0xb3e9, 0xabe9, 0xac4b, 0x7b2a, 0x1882, 0x39c6, 0x7c30, 0x7c10, 0x738d, 0x6b4d, 0x6b2d, 0x6b4d, 0x6b4d, 0x6b4c, 0x6b4c, 0x6b4c,
    0x6b4c, 0x6b4c, 0x6b4c, 0x6b6d, 0x6b6d, 0x6b6c, 0x636c, 0x6b6c, 0x5b0b, 0x8c91, 0x7c10, 0x0841, 0x5a27, 0xc4ce, 0xbc4a, 0xbc6b,
    0xbc6b, 0xbc4a, 0xb40a, 0xbc6b, 0x9b88, 0xa3ca, 0x9baa, 0x7ae7, 0xc48b, 0xbc4a, 0xbc4a, 0xbc4a, 0xbc4a, 0xbc4a, 0xbc4a, 0xbc6a,
    0xbc6a, 0xbc6a, 0xbc6a, 0xbc6a, 0xbc6a, 0xbc4a, 0xbc6a, 0xbc6a, 0xbc4a, 0xbc4a, 0xbc4a, 0xbc4a, 0xbc4a, 0xbc4a, 0xbc4a, 0xbc4b,
    0xbc4a, 0xb44a, 0xbc6c, 0x7ac8, 0x936a, 0xc46c, 0xbc2a, 0xb42a, 0xb44b, 0xabea, 0xa368, 0xa389, 0xa3ca, 0x8309, 0x2924, 0x4a49,
    0x422a, 0x4229, 0x4a49, 0x39e8, 0x0001, 0x49a7, 0xe516, 0xfd78, 0xfd78, 0xfd77, 0xed98, 0x3125, 0x10a3, 0x6b6f, 0x5b0f, 0x29cb,
    0x3aad, 0x3aad, 0x3a8c, 0x534f, 0x6bd1, 0x6390, 0x3a4c, 0x52cf, 0x5b30, 0x4aee, 0x3a8d, 0x42cf, 0x320d, 0x420e, 0x294a, 0x8332,
    0x8b32, 0x0003, 0x3ab1, 0x3b35, 0x3ab3, 0x426f, 0x6acf, 0x0821, 0x7b88, 0xd6d1, 0x44d2, 0x2d57, 0x2d36, 0x3c94, 0x0925, 0x1082,
    0x9492, 0xf71c, 0xfedc, 0xf5f9, 0xfdd9, 0xe537, 0x8b0d, 0xe639, 0xfdb9, 0xfcf6, 0xfcf6, 0xfcd5, 0xf4d5, 0xfd57, 0xfdb8, 0xbc73,
    0x18a3, 0x4287, 0xa654, 0xa6b7, 0x42ea, 0x3a68, 0x7e14, 0x4d53, 0x3d54, 0x3514, 0x2cf5, 0x3536, 0x3558, 0x2cf8, 0x2cf8, 0x2393,
    0x83af, 0xb3ed, 0x0800, 0x08c2, 0x2a67, 0x1184, 0x0924, 0x0924, 0x1144, 0x0924, 0x2266, 0x4369, 0x0123, 0x1125, 0x0904, 0x1184,
    0x5bec, 0x0941, 0x4b6a, 0x19a5, 0x00a3, 0x08c3, 0x00a1, 0x2a05, 0x538a, 0x00c2, 0x08c4, 0x08a3, 0x08c4, 0x0081, 0x4b29, 0x2a05,
    0x0082, 0x00a3, 0x00a3, 0x0082, 0x2a25, 0x4329, 0x0081, 0x0083, 0x0083, 0x0063, 0x0081, 0x536a, 0x21a4, 0x0041, 0x0883, 0x0021,
    0x4b4a, 0x2a26, 0x21e5, 0x42e9, 0x0001, 0x0022, 0x1944, 0x63ac, 0x08e1, 0x536a, 0x0882, 0x0022, 0x0022, 0x0022, 0x0022, 0x0022,
    0x0042, 0x0042, 0x0002, 0x31c7, 0x5b8c, 0x5b8b, 0x2145, 0x0001, 0x0042, 0x0021, 0x10c3, 0x530a, 0x5b8b, 0x4248, 0x0021, 0x0083,
    0x0042, 0x1123, 0x534a, 0x5b8b, 0x2206, 0x0042, 0x08a3, 0x0083, 0x1104, 0x4b2a, 0x536b, 0x3a28, 0x0062, 0x08a3, 0x08a3, 0x08a3,
    0x08c4, 0x00a2, 0x3a88, 0x5bcc, 0x538b, 0x1965, 0x00c3, 0x08e4, 0x08c3, 0x3a88, 0x53aa, 0x4b4b, 0x1945, 0x08c3, 0x10e4, 0x1184,
    0x4bab, 0x53cc, 0x2226, 0x0903, 0x1145, 0x0904, 0x2a67, 0x5bcc, 0x538b, 0x11a4, 0x08e3, 0x1103, 0x1124, 0x4309, 0x53cb, 0x3b09,
    0x1165, 0x1165, 0x1185, 0x2246, 0x4beb, 0x540c, 0x2aa7, 0x11a5, 0x19c6, 0x09a4, 0x2ac7, 0x4bab, 0x3309, 0x19e5, 0x19e6, 0x1a06,
    0x2247, 0x08c3, 0x3166, 0x41e8, 0x2966, 0x49e8, 0x49c6, 0x4145, 0x4229, 0x52cc, 0x4229, 0x3186, 0xce58, 0xfffe, 0xfffe, 0xffde,
    0xfffe, 0xef5c, 0xdeba, 0x18e4, 0x18c4, 0x2105, 0x0000, 0x0000, 0x0000, 0x0000, 0x0001, 0x0022, 0x10c4, 0x10c4, 0x2105, 0x2967,
    0x422a, 0x4a6b, 0x528b, 0x52cc, 0x5aed, 0x5aed, 0x5acc, 0x5acc, 0x52ac, 0x4a4b, 0x4a6b, 0x4a6b, 0x31a8, 0x2146, 0x18e5, 0x10a4,
    0x0863, 0x0001, 0x10a4, 0x0022, 0x0000, 0x0000, 0x0000, 0x0000, 0x0000, 0x0000, 0x0022, 0x0883, 0x2925, 0x49e7, 0x2966, 0x2987,
    0x39e9, 0x2146, 0x2946, 0xc617, 0xf7bd, 0xf7bc, 0xffff, 0xef5c, 0xce58, 0xdefb, 0x94b3, 0x2966, 0x528b, 0x2967, 0x18e4, 0x2125,
    0x18e5, 0x31a8, 0x31a8, 0x39a5, 0xa44c, 0xdd8f, 0xdd4d, 0xd54d, 0xbc4a, 0xabe9, 0xac0a, 0xabea, 0xac09, 0xac4a, 0x8b8a, 0x1882,
    0x4a69, 0x9cf2, 0x94b1, 0x630a, 0x6b4c, 0x6b4d, 0x6b4d, 0x6b4d, 0x6b4d, 0x6b4c, 0x6b6c, 0x6b6d, 0x6b6c, 0x6b6c, 0x6b6c, 0x6b6d,
    0x6b6d, 0x6b6d, 0x6b6d, 0x6b6d, 0x6b4d, 0x6b6d, 0xa554, 0x5aeb, 0x1041, 0x9bec, 0xbc8b, 0xb429, 0xb42b, 0xb44b, 0xb42a, 0xc46a,
    0xa388, 0xabea, 0x9baa, 0x7ae7, 0xc48b, 0xbc4a, 0xbc4a, 0xbc4a, 0xbc4a, 0xbc4a, 0xbc4a, 0xbc4a, 0xbc6a, 0xbc6a, 0xbc6a, 0xbc6a,
    0xbc6a, 0xbc6a, 0xbc6a, 0xbc6a, 0xbc6b, 0xbc6b, 0xbc4a, 0xbc4a, 0xbc4b, 0xbc4a, 0xb42a, 0xb42a, 0xbc4b, 0xb42a, 0xbc8c, 0x7ac8,
    0x936a, 0xbc6c, 0xbc4a, 0xb42a, 0xb42b, 0xa389, 0xa389, 0xa368, 0xa3ca, 0x6a67, 0x2945, 0x4a6a, 0x4229, 0x4229, 0x4a6a, 0x2105,
    0x0002, 0x0001, 0x28c4, 0x6a4a, 0x82ec, 0x82ec, 0x3945, 0x0000, 0x2125, 0x7390, 0x7bb2, 0x3a2d, 0x334f, 0x4d35, 0x34b2, 0x2430,
    0x1b4d, 0x230d, 0x224c, 0x39ec, 0x520d, 0x5aae, 0x6b10, 0x83f4, 0x52af, 0x31ac, 0x31aa, 0x49cc, 0xa3b4, 0x1884, 0x1949, 0x52b1,
    0x7270, 0xab30, 0xb3d0, 0x0800, 0x942b, 0xced0, 0x44f2, 0x2d77, 0x3db8, 0x22cd, 0x2105, 0xef1b, 0xff7e, 0xfdd9, 0xfdb9, 0xf5b9,
    0xabf1, 0x2082, 0x9451, 0xfe5b, 0xf4f6, 0xfd16, 0xfd16, 0xfd16, 0xfd16, 0xfd16, 0xfcf6, 0xfd79, 0xa34f, 0x0000, 0x4473, 0x3d77,
    0x4d77, 0x1167, 0x3c33, 0x3579, 0x2d57, 0x3538, 0x3518, 0x2d17, 0x24f7, 0x2cd7, 0x34d8, 0x2353, 0x7b8f, 0xc46e, 0x1000, 0x10e3,
    0x3288, 0x2227, 0x1144, 0x0924, 0x0904, 0x19c6, 0x4b6b, 0x4b8b, 0x2a48, 0x0904, 0x1125, 0x00e3, 0x3aa8, 0x4b6a, 0x3aa9, 0x00e3,
    0x08e4, 0x08a3, 0x1965, 0x536b, 0x53ab, 0x3a88, 0x0082, 0x08a3, 0x0082, 0x3228, 0x536b, 0x4b2b, 0x1104, 0x0083, 0x0083, 0x1985,
    0x5bac, 0x5bcc, 0x3228, 0x0041, 0x0883, 0x0042, 0x3a48, 0x5b8b, 0x532a, 0x10e3, 0x0042, 0x0041, 0x1985, 0x534b, 0x534b, 0x1123,
    0x0021, 0x0042, 0x0041, 0x42a9, 0x638c, 0x3206, 0x0021, 0x0042, 0x0022, 0x0022, 0x0022, 0x0022, 0x0042, 0x0042, 0x0042, 0x0041,
    0x0061, 0x0061, 0x0042, 0x0042, 0x0042, 0x0022, 0x0041, 0x0061, 0x0041, 0x0061, 0x0042, 0x0063, 0x0063, 0x0062, 0x00a2, 0x08a2,
    0x0082, 0x0883, 0x0883, 0x0883, 0x0083, 0x00a2, 0x0081, 0x0082, 0x0082, 0x0883, 0x0883, 0x00a3, 0x08a3, 0x00a3, 0x08c3, 0x08c3,
    0x08e2, 0x08e3, 0x08e4, 0x08e3, 0x08e4, 0x08e3, 0x00e2, 0x00e2, 0x08e4, 0x10e4, 0x10e4, 0x0903, 0x0923, 0x0944, 0x0903, 0x0904,
    0x1124, 0x0944, 0x0944, 0x0923, 0x0923, 0x0923, 0x0904, 0x1103, 0x0924, 0x0944, 0x0962, 0x1164, 0x1165, 0x1165, 0x1186, 0x11a5,
    0x11c5, 0x11e5, 0x11a5, 0x11a6, 0x11a6, 0x11a5, 0x1184, 0x11c5, 0x11c5, 0x19e6, 0x19e6, 0x1a26, 0x2247, 0x08e3, 0x39a7, 0x4a69,
    0x20c3, 0x8ae8, 0xe52e, 0x9ae8, 0x28c3, 0x4a8a, 0x6b6e, 0x1082, 0x9471, 0xf79d, 0xfffe, 0xf7de, 0xbe17, 0xd699, 0xb596, 0x0021,
    0x4a4a, 0x6b4e, 0x5aed, 0x52ac, 0x4a4a, 0x39e9, 0x31a8, 0x2987, 0x2946, 0x0863, 0x0863, 0x0022, 0x0001, 0x0000, 0x0000, 0x0883,
    0x0001, 0x0001, 0x0022, 0x0842, 0x0883, 0x18e5, 0x2967, 0x31a8, 0x39c8, 0x424a, 0x528b, 0x528c, 0x528c, 0x52ac, 0x5aed, 0x5aed,
    0x5aed, 0x5aed, 0x52cc, 0x4a6b, 0x3a09, 0x31c7, 0x4a6b, 0x5acd, 0x3986, 0x41e7, 0x2146, 0x2987, 0x31c8, 0x10c4, 0x4a6a, 0xdedb,
    0xdf1b, 0xdf1a, 0xdf1b, 0xd6ba, 0xd6ba, 0xce99, 0xc618, 0x3a09, 0x3a09, 0x3a09, 0x31c8, 0x3a08, 0x424a, 0x2987, 0x31a8, 0x3985,
    0xa44c, 0xdd8e, 0xdd4d, 0xd54d, 0xbc2a, 0xabea, 0xac0a, 0xb3ea, 0xac0a, 0xa42c, 0x2903, 0x4a49, 0xa4f3, 0xa533, 0x9cf2, 0x8c70,
    0x632b, 0x6b4c, 0x6b4c, 0x6b4c, 0x6b4d, 0x6b6d, 0x6b6d, 0x6b6d, 0x6b8d, 0x6b4d, 0x632c, 0x5aec, 0x52cb, 0x52ab, 0x528b, 0x528b,
    0x5aac, 0x5b0c, 0x8450, 0x9cd2, 0x2924, 0x4164, 0xbcad, 0xb429, 0xb42a, 0xb42a, 0xb42b, 0xbc6b, 0xa3a8, 0xabea, 0x9baa, 0x7ae8,
    0xbc8b, 0xbc4a, 0xbc4a, 0xbc4a, 0xbc4a, 0xbc4a, 0xbc4a, 0xbc4a, 0xbc6a, 0xbc6a, 0xbc6a, 0xbc6a, 0xbc6a, 0xbc4a, 0xbc6a, 0xbc6b,
    0xbc4a, 0xbc4a, 0xbc4b, 0xbc4b, 0xb42a, 0xb42a, 0xbc4b, 0xb42a, 0xb42a, 0xb40a, 0xbc6b, 0x7ac8, 0x936a, 0xbc4c, 0xb42a, 0xb44a,
    0xac0a, 0xa389, 0xa389, 0xa388, 0xa3eb, 0x5a06, 0x31a7, 0x4a6a, 0x424a, 0x4a49, 0x4a6a, 0x0863, 0x10a4, 0x18c4, 0x0001, 0x20c3,
    0x1841, 0x2061, 0x61c8, 0x8b2e, 0x0842, 0x31a9, 0x6350, 0x42ae, 0x330f, 0x5df8, 0x4678, 0x4ed9, 0x56d9, 0x5f1a, 0x5d97, 0x522e,
    0xa2b4, 0x9252, 0x8211, 0x79af, 0x61ae, 0x28c9, 0x41ec, 0x2909, 0x9394, 0x51eb, 0x0822, 0xab52, 0xebd4, 0xdbf2, 0x61c8, 0x0000,
    0xa4cc, 0xc6d0, 0x44f2, 0x2d57, 0x3db8, 0x1aad, 0x39a8, 0xde39, 0xccf5, 0xbc53, 0x7acc, 0x28e4, 0x0000, 0x62cb, 0xfe9c, 0xfcb6,
    0xfcd6, 0xfcf6, 0xfcf6, 0xfd16, 0xfd16, 0xfd37, 0xfd36, 0xfd77, 0xdcb4, 0x38c3, 0x330d, 0x459a, 0x3db9, 0x226b, 0x2a6c, 0x3558,
    0x2cd6, 0x2cd7, 0x2cd7, 0x2cd6, 0x2cd6, 0x2cf7, 0x3457, 0x2af2, 0x83b0, 0xc46f, 0x1020, 0x08c3, 0x1985, 0x1164, 0x1145, 0x1124,
    0x0904, 0x0924, 0x0924, 0x0923, 0x0904, 0x0904, 0x0904, 0x08e4, 0x08e3, 0x0903, 0x00e3, 0x08e4, 0x08e4, 0x08e4, 0x08c3, 0x08e2,
    0x00c2, 0x00c3, 0x08a3, 0x08a3, 0x00a2, 0x00a2, 0x00a2, 0x00c2, 0x08a3, 0x08a4, 0x00a4, 0x08c3, 0x08c2, 0x00c2, 0x00a3, 0x0882,
    0x0062, 0x0063, 0x0062, 0x0061, 0x0081, 0x0062, 0x0042, 0x0062, 0x0041, 0x0882, 0x0061, 0x0041, 0x0042, 0x0022, 0x0042, 0x0021,
    0x0882, 0x0021, 0x0021, 0x0022, 0x0022, 0x0022, 0x0022, 0x0022, 0x0042, 0x0042, 0x0042, 0x0042, 0x0062, 0x0043, 0x0042, 0x0042,
    0x0022, 0x0042, 0x0042, 0x0042, 0x0042, 0x0042, 0x0042, 0x0062, 0x0063, 0x0863, 0x0083, 0x0883, 0x0884, 0x0883, 0x0883, 0x0082,
    0x0082, 0x0063, 0x0063, 0x0083, 0x0083, 0x0883, 0x0883, 0x00a3, 0x00a3, 0x08c3, 0x08c4, 0x08c4, 0x00c4, 0x00c3, 0x08c4, 0x08e4,
    0x08c4, 0x08c4, 0x08e4, 0x0904, 0x08c4, 0x08e4, 0x08e3, 0x08e4, 0x1105, 0x0904, 0x1105, 0x1104, 0x0904, 0x0904, 0x0924, 0x1124,
    0x1125, 0x0925, 0x1125, 0x1125, 0x1125, 0x1165, 0x1184, 0x1966, 0x1165, 0x1185, 0x1186, 0x11a6, 0x19c6, 0x11a6, 0x19a6, 0x11a6,
    0x19a6, 0x19a6, 0x19a6, 0x19c6, 0x19e6, 0x19e7, 0x2207, 0x1a06, 0x2267, 0x1104, 0x39a7, 0x5269, 0x3924, 0xcbea, 0xec26, 0xcb88,
    0x4103, 0x31a7, 0x634e, 0x39e8, 0x2945, 0xb5d7, 0xceba, 0xb5f6, 0xadd5, 0xf7de, 0x6b4d, 0x0842, 0x0863, 0x10a4, 0x1083, 0x18c4,
    0x18e5, 0x2146, 0x31c8, 0x3a09, 0x424a, 0x528b, 0x5acc, 0x5acc, 0x5acc, 0x52ac, 0x528c, 0x52ac, 0x420a, 0x39e9, 0x2987, 0x2126,
    0x1905, 0x0883, 0x0863, 0x10a4, 0x0000, 0x0000, 0x0000, 0x0000, 0x0001, 0x0001, 0x10c4, 0x10c4, 0x10a4, 0x18e5, 0x2106, 0x2987,
    0x39e9, 0x424a, 0x4a6b, 0x39c8, 0x3165, 0x4a07, 0x2146, 0x2987, 0x31c8, 0x10a3, 0x5aec, 0xc618, 0xb5d6, 0xad75, 0xa574, 0xad96,
    0xad96, 0xa555, 0xad96, 0x5aec, 0x2987, 0x39e9, 0x31a7, 0x31c8, 0x31a8, 0x2987, 0x31a8, 0x3985, 0xa44c, 0xdd8e, 0xdd4d, 0xd54d,
    0xb42a, 0xabea, 0xac09, 0xabe9, 0xb44c, 0x5a06, 0x2925, 0x94b2, 0xad74, 0xa512, 0xa512, 0x9cf2, 0x738d, 0x630b, 0x632c, 0x6b6d,
    0x6b6d, 0x6b6d, 0x630c, 0x5acb, 0x4a6a, 0x39e8, 0x3187, 0x2126, 0x18e5, 0x10a4, 0x0883, 0x0883, 0x0884, 0x10a5, 0x2146, 0x4a6a,
    0x52cb, 0x1062, 0x9bac, 0xbc4b, 0xbc2b, 0xbc2b, 0xb44b, 0xbc6b, 0xa3a9, 0xabea, 0x9baa, 0x7ae8, 0xbcac, 0xbc4a, 0xbc4a, 0xbc4a,
    0xbc4a, 0xbc4a, 0xbc4a, 0xbc4a, 0xbc6a, 0xbc6a, 0xbc4a, 0xbc4a, 0xbc4a, 0xbc4a, 0xbc4a, 0xbc4a, 0xbc4a, 0xbc4b, 0xbc4a, 0xbc4a,
    0xbc4b, 0xb42a, 0xb42a, 0xb42a, 0xb42a, 0xb42a, 0xc48c, 0x7aa8, 0x936a, 0xbc6c, 0xb42a, 0xb42a, 0xaba9, 0xa369, 0xa389, 0xa388,
    0xa3cb, 0x4164, 0x39e8, 0x4a6a, 0x424a, 0x4a6a, 0x31a8, 0x0022, 0x2947, 0x2146, 0x0000, 0xa3d0, 0xf578, 0xecd5, 0xf4f6, 0xfdb9,
    0x49a8, 0x10a4, 0x6bb2, 0x5b30, 0x21cb, 0x236e, 0x24b1, 0x1c4f, 0x1c0e, 0x140e, 0x2c30, 0x31ec, 0x9211, 0xb274, 0xbab6, 0xc2d6,
    0xcb57, 0x61ae, 0x314a, 0x2949, 0x6a70, 0x8b32, 0x0800, 0x726b, 0x8a6b, 0x2882, 0x0000, 0x0000, 0xb52c, 0xc6d0, 0x4513, 0x3557,
    0x3598, 0x44d6, 0x0906, 0x0842, 0x1083, 0x0822, 0x10e5, 0x2145, 0x0862, 0xddd8, 0xfcf7, 0xd3f2, 0xab6f, 0xfd17, 0xfcd6, 0xfd36,
    0xfd56, 0xfd57, 0xfd57, 0xfd96, 0xecd5, 0x71e9, 0x19a8, 0x4558, 0x3d39, 0x2aac, 0x1188, 0x3d17, 0x24d6, 0x2cb7, 0x2cd8, 0x2cd7,
    0x3497, 0x3c17, 0x2b34, 0x3291, 0x93f1, 0xbc4f, 0x1021, 0x1104, 0x1986, 0x1165, 0x1145, 0x1125, 0x0924, 0x0924, 0x0904, 0x0904,
    0x08e4, 0x08e4, 0x08e4, 0x08e4, 0x1105, 0x08e4, 0x08e4, 0x08e4, 0x08c3, 0x08c4, 0x08c4, 0x08e4, 0x08c4, 0x00a3, 0x0884, 0x08a4,
    0x00a3, 0x0083, 0x00a4, 0x00a3, 0x08a3, 0x08a4, 0x08a4, 0x0884, 0x08a3, 0x00a3, 0x0883, 0x0863, 0x0063, 0x0863, 0x0063, 0x0062,
    0x0042, 0x0043, 0x0042, 0x0042, 0x0042, 0x0042, 0x0063, 0x0043, 0x0042, 0x0042, 0x0022, 0x0042, 0x0042, 0x0043, 0x0022, 0x0022,
    0x0022, 0x0022, 0x0022, 0x0022, 0x0022, 0x0022, 0x0042, 0x0022, 0x0001, 0x0001, 0x0842, 0x0042, 0x0042, 0x0042, 0x0043, 0x0000,
    0x0000, 0x0022, 0x0023, 0x0062, 0x0063, 0x0863, 0x0041, 0x0021, 0x0062, 0x0883, 0x0083, 0x0883, 0x0863, 0x0042, 0x0042, 0x0083,
    0x0083, 0x0883, 0x0883, 0x08a3, 0x00a3, 0x08c3, 0x00a3, 0x0062, 0x00a3, 0x08c4, 0x08c4, 0x10c4, 0x08c4, 0x00e3, 0x00a2, 0x00c3,
    0x08e4, 0x08c4, 0x08e4, 0x08e4, 0x08c4, 0x00c3, 0x08e4, 0x1104, 0x10e4, 0x0905, 0x0944, 0x08e3, 0x0923, 0x1145, 0x1145, 0x1145,
    0x1166, 0x0944, 0x0944, 0x1165, 0x1185, 0x1185, 0x1166, 0x1185, 0x0964, 0x0944, 0x11a5, 0x11a6, 0x19a6, 0x19a6, 0x19c5, 0x11a4,
    0x11c6, 0x1a06, 0x1a07, 0x1a06, 0x2268, 0x1124, 0x3186, 0x5aaa, 0x28e3, 0x9aa6, 0xd325, 0xaac6, 0x30c2, 0x31e8, 0x3a09, 0x6baf,
    0x2125, 0x2986, 0x7c31, 0xbdf7, 0xf7be, 0x8451, 0x2966, 0x18e5, 0x39e9, 0x5acc, 0x2967, 0x18e5, 0x0883, 0x0843, 0x0001, 0x0001,
    0x0883, 0x0000, 0x0001, 0x0001, 0x0842, 0x10a3, 0x18c4, 0x2126, 0x2966, 0x3187, 0x39e9, 0x4a6b, 0x52ab, 0x52ab, 0x528b, 0x52ac,
    0x52ac, 0x4a8b, 0x424b, 0x422a, 0x4209, 0x39c8, 0x3a09, 0x31a8, 0x18e5, 0x10a4, 0x0863, 0x0022, 0x0001, 0x0000, 0x0042, 0x2105,
    0x3166, 0x4a08, 0x2146, 0x2967, 0x4229, 0x10c4, 0x5acc, 0xbdf8, 0xce79, 0xd6b9, 0xd6b9, 0xdefa, 0xce99, 0x9d13, 0xadb6, 0x6b8e,
    0x2966, 0x3a2a, 0x31c8, 0x39e8, 0x41e9, 0x2987, 0x3187, 0x3165, 0xac4c, 0xdd6e, 0xd54d, 0xd52d, 0xb42a, 0xb40a, 0xac0a, 0xb42a,
    0x93ca, 0x20e3, 0x630c, 0x7bce, 0x9cd2, 0xa533, 0xa512, 0xa512, 0x9cf2, 0x9491, 0x7bef, 0x632c, 0x4a6a, 0x39c8, 0x2146, 0x18e5,
    0x1084, 0x0023, 0x0023, 0x0002, 0x0002, 0x0002, 0x0023, 0x0023, 0x0023, 0x0023, 0x0023, 0x0863, 0x4209, 0x18e4, 0x5226, 0xc4ad,
    0xbc2a, 0xbc4b, 0xbc4a, 0xbc6b, 0xa389, 0xac09, 0x9baa, 0x7ae8, 0xc48c, 0xbc4a, 0xbc4a, 0xbc4a, 0xbc4a, 0xbc4a, 0xb44a, 0xbc4a,
    0xbc6a, 0xbc4a, 0xbc4a, 0xb44a, 0xbc4a, 0xb42a, 0xbc4b, 0xbc4b, 0xbc4a, 0xbc4a, 0xb42a, 0xbc4b, 0xb42a, 0xb42a, 0xbc4b, 0xb42a,
    0xb40a, 0xb40a, 0xbc6b, 0x72a8, 0x8b6a, 0xbc6b, 0xb40a, 0xb40a, 0xa389, 0xa369, 0x9b89, 0xa389, 0x9b8b, 0x3144, 0x4249, 0x4249,
    0x4a4a, 0x4a6b, 0x2106, 0x0823, 0x2126, 0x39e9, 0x0862, 0x1882, 0xabd1, 0xed16, 0xe517, 0xbc53, 0x1883, 0x31a9, 0x8494, 0x7c13,
    0x320c, 0x2acd, 0x5df6, 0x3e36, 0x3e56, 0x3e36, 0x3df6, 0x2bf1, 0x498d, 0x9a11, 0x8990, 0x896f, 0x916f, 0x616d, 0x28e9, 0x398b,
    0x396b, 0x9b54, 0x28c5, 0x0000, 0x0000, 0x08c3, 0x2966, 0x0000, 0xc5ad, 0xc6d1, 0x4533, 0x2d98, 0x3597, 0x3d78, 0x3d37, 0x3c53,
    0x3b4f, 0x29e9, 0x6d37, 0x19e9, 0x49c9, 0xfd98, 0xcbb2, 0x5167, 0xcc93, 0xfcf6, 0xfcf6, 0xfd37, 0xfd56, 0xfd57, 0xfd57, 0xfd77,
    0xf4b5, 0x926b, 0x10e6, 0x3c16, 0x3c97, 0x2a8d, 0x0927, 0x3c56, 0x2c35, 0x2c36, 0x2bf6, 0x2bb5, 0x2b33, 0x2ad3, 0x32d3, 0x4a8e,
    0xcd12, 0x8b09, 0x0001, 0x1946, 0x1985, 0x1165, 0x1145, 0x1125, 0x1124, 0x1124, 0x0903, 0x00e3, 0x0904, 0x08e5, 0x08e4, 0x0905,
    0x08c3, 0x00a2, 0x08c4, 0x08c4, 0x08c3, 0x08e4, 0x08c4, 0x0082, 0x0062, 0x00a2, 0x08a4, 0x08a4, 0x00c4, 0x00a3, 0x0082, 0x00a4,
    0x08a4, 0x08a3, 0x08c3, 0x0083, 0x0041, 0x0042, 0x0063, 0x0083, 0x0063, 0x0843, 0x0063, 0x0021, 0x0042, 0x0042, 0x0043, 0x0063,
    0x0042, 0x0001, 0x0021, 0x0062, 0x0062, 0x0042, 0x0042, 0x0002, 0x0000, 0x0022, 0x0022, 0x0022, 0x0022, 0x0022, 0x0022, 0x0022,
    0x0022, 0x0042, 0x0041, 0x08a2, 0x3227, 0x29c6, 0x0041, 0x0042, 0x0042, 0x0042, 0x0042, 0x29e6, 0x3a47, 0x08a2, 0x0042, 0x0083,
    0x0082, 0x0061, 0x29e6, 0x3268, 0x0903, 0x0062, 0x0883, 0x0083, 0x0041, 0x1943, 0x21a5, 0x0062, 0x0883, 0x0883, 0x0883, 0x08a3,
    0x08a3, 0x00a2, 0x1964, 0x3a88, 0x19a5, 0x08e3, 0x08e4, 0x10e5, 0x00c3, 0x0943, 0x3a88, 0x19e5, 0x08e3, 0x08e4, 0x08e3, 0x08c3,
    0x1985, 0x2206, 0x08e3, 0x1104, 0x1104, 0x0904, 0x0984, 0x3ac9, 0x2a67, 0x1164, 0x1165, 0x1185, 0x1185, 0x2a67, 0x3b09, 0x1a05,
    0x1165, 0x1185, 0x1165, 0x0984, 0x2a87, 0x32a8, 0x11a4, 0x1185, 0x11a5, 0x11a5, 0x11c4, 0x2aa7, 0x1a26, 0x1a06, 0x1a07, 0x1a06,
    0x2268, 0x1145, 0x2946, 0x5acb, 0x2146, 0x3904, 0x69e6, 0x30c2, 0x2925, 0x424a, 0x31c8, 0x424a, 0x73f0, 0x31c7, 0x10a3, 0x4208,
    0x4249, 0x2145, 0x4a6a, 0x1905, 0x18c4, 0x31a8, 0x4209, 0x422a, 0x4a8b, 0x52cc, 0x52cd, 0x52cc, 0x52cc, 0x4a4b, 0x39e9, 0x3187,
    0x2946, 0x2126, 0x18e4, 0x1905, 0x0042, 0x0001, 0x0001, 0x0000, 0x0000, 0x0000, 0x0022, 0x10a4, 0x0842, 0x1083, 0x1905, 0x2967,
    0x3187, 0x39e9, 0x4209, 0x422a, 0x4a4b, 0x52ac, 0x5aed, 0x5aed, 0x5aed, 0x5aed, 0x630e, 0x632d, 0x39a6, 0x4a08, 0x2946, 0x2967,
    0x4a6b, 0x2967, 0x4a6a, 0xc638, 0xffde, 0xfffe, 0xfffe, 0xfffe, 0xfffe, 0xd6b9, 0xef9d, 0x6bae, 0x2966, 0x3a0a, 0x3a29, 0x4a69,
    0x4249, 0x29a7, 0x31a7, 0x3144, 0xac4c, 0xdd6e, 0xd52d, 0xd52d, 0xb42a, 0xac0a, 0xb3ea, 0xb46c, 0x5205, 0x2945, 0x738e, 0x52aa,
    0x7bef, 0xad53, 0xa512, 0xa512, 0xa533, 0x7bcf, 0x4a49, 0x2125, 0x1083, 0x0022, 0x0002, 0x0002, 0x0023, 0x0023, 0x0023, 0x0023,
    0x0043, 0x0043, 0x0043, 0x0043, 0x0023, 0x0023, 0x0043, 0x0002, 0x18e5, 0x2987, 0x20c2, 0xb46d, 0xbc4b, 0xbc4a, 0xbc4a, 0xbc6b,
    0xa3a9, 0xac09, 0x9baa, 0x7ae8, 0xc48b, 0xbc4a, 0xbc4a, 0xbc4a, 0xbc4a, 0xbc4a, 0xbc4a, 0xbc4a, 0xbc4a, 0xb44a, 0xbc4a, 0xbc4a,
    0xb42a, 0xbc4a, 0xbc4a, 0xb42a, 0xbc4a, 0xb42a, 0xb42a, 0xb42a, 0xbc4b, 0xb42a, 0xb40a, 0xb40a, 0xb42a, 0xb40a, 0xbc6b, 0x72a8,
    0x8b6a, 0xbc4b, 0xb42b, 0xabea, 0x9b68, 0xa389, 0xa389, 0xa3aa, 0x832a, 0x20e3, 0x4a6a, 0x4249, 0x4a4a, 0x4a6b, 0x10a4, 0x1064,
    0x3187, 0x4a6a, 0x3a29, 0x10a3, 0x0000, 0x1842, 0x2884, 0x1043, 0x0003, 0x422c, 0x63b1, 0x6bd1, 0x4aae, 0x2188, 0x42c9, 0x4349,
    0x2b49, 0x2b6c, 0x2bed, 0x340f, 0x31eb, 0x9af3, 0xbb15, 0xc355, 0xc314, 0xb355, 0x496b, 0x398a, 0x2908, 0x8313, 0x51eb, 0x0000,
    0x1945, 0x3a69, 0x1945, 0x0000, 0xce2e, 0xc6d1, 0x4534, 0x2d98, 0x3577, 0x3557, 0x3537, 0x3d98, 0x3bf1, 0x2a6a, 0x5d77, 0x0188,
    0x3966, 0xecf6, 0x5967, 0x6a8b, 0xfd79, 0xfcb6, 0xfd38, 0xfd58, 0xfd78, 0xfd78, 0xfd98, 0xfd36, 0xec13, 0x9aac, 0x10c6, 0x3b13,
    0x3354, 0x29cd, 0x08a6, 0x32f1, 0x22d1, 0x22d1, 0x22b2, 0x2a92, 0x32b2, 0x32b1, 0x3a6e, 0xac2f, 0xdd10, 0x28c2, 0x0062, 0x1985,
    0x19c6, 0x1165, 0x1145, 0x1145, 0x1124, 0x0924, 0x19e6, 0x19c6, 0x0904, 0x0904, 0x0905, 0x08e4, 0x19a5, 0x3288, 0x19c5, 0x00c3,
    0x08e4, 0x08c4, 0x08c3, 0x2a06, 0x2a06, 0x08e2, 0x08a3, 0x08c3, 0x00a3, 0x08e2, 0x2205, 0x1124, 0x0883, 0x08a3, 0x0083, 0x00a2,
    0x2a06, 0x3227, 0x08a2, 0x0062, 0x0062, 0x0042, 0x08a2, 0x29e6, 0x08c2, 0x0042, 0x0063, 0x0062, 0x0082, 0x31e7, 0x29c6, 0x0061,
    0x0042, 0x0042, 0x0021, 0x2144, 0x3a48, 0x10c2, 0x0001, 0x0042, 0x0022, 0x0022, 0x0022, 0x0042, 0x0042, 0x0042, 0x0020, 0x534a,
    0x3226, 0x538a, 0x29c5, 0x0001, 0x0863, 0x0001, 0x3207, 0x4b2a, 0x42a8, 0x4b2a, 0x0020, 0x08a3, 0x0021, 0x3247, 0x430a, 0x3a87,
    0x4b29, 0x0021, 0x08a3, 0x0062, 0x10e3, 0x5bab, 0x5bca, 0x0062, 0x0883, 0x08a3, 0x0883, 0x08a3, 0x00a3, 0x08c3, 0x53ac, 0x3266,
    0x53ec, 0x1164, 0x08c4, 0x08c4, 0x0103, 0x4b8b, 0x2a66, 0x540c, 0x1984, 0x08e4, 0x08e3, 0x1144, 0x53cc, 0x53ab, 0x00e2, 0x1104,
    0x1125, 0x0103, 0x4b8b, 0x32c8, 0x540b, 0x2266, 0x0944, 0x1185, 0x1a46, 0x4beb, 0x3307, 0x4c0b, 0x0984, 0x1185, 0x0924, 0x32c7,
    0x4369, 0x3b29, 0x4349, 0x0964, 0x11a5, 0x11a5, 0x3b29, 0x546c, 0x2287, 0x19e6, 0x2227, 0x2207, 0x2267, 0x1165, 0x20e4, 0x5a8a,
    0x2967, 0x31c8, 0x2926, 0x3187, 0x3a29, 0x3a09, 0x3a29, 0x31e8, 0x4249, 0x73af, 0x6b6e, 0x424a, 0x424a, 0x4a8b, 0x4a6a, 0x2105,
    0x10a4, 0x2126, 0x0000, 0x0000, 0x0000, 0x0001, 0x0002, 0x1083, 0x2126, 0x2106, 0x3187, 0x39e9, 0x422a, 0x4a4a, 0x4a8b, 0x4a8b,
    0x52ac, 0x5acc, 0x52ac, 0x4a6b, 0x424a, 0x4209, 0x39e9, 0x39c8, 0x2106, 0x18e5, 0x10a4, 0x0863, 0x0042, 0x0000, 0x0842, 0x0001,
    0x0000, 0x0000, 0x0001, 0x0001, 0x0863, 0x18c5, 0x2146, 0x2105, 0x2925, 0x5228, 0x2946, 0x2967, 0x528b, 0x4a4a, 0x2946, 0xad76,
    0xef5c, 0xfffe, 0xf7dd, 0xfffe, 0xc637, 0xdefa, 0xf7be, 0x5aec, 0x3187, 0x424a, 0x2988, 0x3167, 0x3a09, 0x31a7, 0x39a7, 0x2924,
    0xac4c, 0xdd6e, 0xd52d, 0xd50d, 0xb40a, 0xabea, 0xb40a, 0xa40c, 0x2903, 0x526a, 0x632d, 0x5aeb, 0x632c, 0x8c50, 0x9491, 0xa534,
    0x6b4d, 0x2966, 0x1083, 0x0002, 0x0002, 0x0023, 0x0022, 0x0023, 0x0023, 0x0023, 0x0023, 0x0023, 0x0023, 0x0023, 0x0023, 0x0023,
    0x0023, 0x0023, 0x0023, 0x0023, 0x0022, 0x2987, 0x1882, 0x93ab, 0xbc6c, 0xbc4a, 0xbc4a, 0xbc6b, 0xa3a9, 0xabea, 0x9baa, 0x7ae7,
    0xc48c, 0xb44a, 0xbc4a, 0xbc4b, 0xbc2b, 0xb44a, 0xbc4a, 0xbc4b, 0xb42a, 0xbc4b, 0xbc4b, 0xb42a, 0xb42a, 0xbc4b, 0xb42a, 0xb40a,
    0xb42a, 0xb42a, 0xbc4b, 0xb42a, 0xb42a, 0xb42a, 0xb40a, 0xb42a, 0xb40a, 0xb40a, 0xbc6b, 0x72a8, 0x8b6a, 0xb44b, 0xb40a, 0xa389,
    0xa389, 0xa389, 0xa368, 0xabca, 0x6a88, 0x2124, 0x4a6a, 0x4249, 0x4a4a, 0x4229, 0x0843, 0x2126, 0x4209, 0x424a, 0x52ab, 0x2946,
    0x10a4, 0x4a4a, 0x18c4, 0x18a5, 0x528f, 0x2149, 0x31eb, 0x3a2b, 0x3a2d, 0x3188, 0x944d, 0xcdce, 0xc56c, 0xbd2d, 0xa4ca, 0x8c48,
    0x7bc8, 0x7b68, 0x7ae9, 0x7a89, 0x82a9, 0x92cc, 0x4969, 0x3149, 0x3129, 0x59ee, 0x82f1, 0x0801, 0x1904, 0x3268, 0x0903, 0x0840,
    0xd66f, 0xc6d0, 0x4533, 0x3598, 0x3577, 0x3557, 0x3536, 0x3d57, 0x2aed, 0x2a4a, 0x5db9, 0x22ee, 0x0000, 0x92ee, 0x2083, 0xa3d0,
    0xfd58, 0xf474, 0xe3f3, 0xec14, 0xec54, 0xec74, 0xe433, 0xdb91, 0xebf3, 0x824b, 0x10e8, 0x4b35, 0x3b34, 0x21ab, 0x10e7, 0x3af2,
    0x2a92, 0x2ab2, 0x2a91, 0x2a70, 0x3a6d, 0x52cc, 0xac8e, 0xe591, 0x61e6, 0x0000, 0x0904, 0x2226, 0x3288, 0x1185, 0x1144, 0x1145,
    0x0103, 0x2a27, 0x2a67, 0x2a67, 0x2a47, 0x00e3, 0x0904, 0x1164, 0x4b8b, 0x2a66, 0x53cb, 0x1143, 0x08c4, 0x0082, 0x3227, 0x4308,
    0x4308, 0x3ac8, 0x0082, 0x08e3, 0x00c3, 0x3aa8, 0x6c6d, 0x21c5, 0x0083, 0x08a3, 0x0042, 0x3267, 0x42e9, 0x42a8, 0x3a88, 0x0041,
    0x0082, 0x0061, 0x42c9, 0x6c6e, 0x1984, 0x0042, 0x0883, 0x0041, 0x42a9, 0x42a8, 0x42c9, 0x3247, 0x0001, 0x0022, 0x1923, 0x5b4b,
    0x3226, 0x5b8c, 0x0041, 0x0022, 0x0022, 0x0022, 0x0022, 0x0042, 0x0042, 0x0022, 0x0862, 0x5bab, 0x00a0, 0x4b69, 0x3a87, 0x0001,
    0x0863, 0x0001, 0x4b09, 0x21e4, 0x21e4, 0x5bec, 0x0061, 0x0884, 0x0001, 0x4b09, 0x1984, 0x1983, 0x53ab, 0x0041, 0x0083, 0x0063,
    0x0083, 0x1963, 0x4b8a, 0x0082, 0x08a3, 0x08a3, 0x0883, 0x08a3, 0x0063, 0x1964, 0x4b6a, 0x00c0, 0x540b, 0x21c5, 0x0083, 0x00c4,
    0x1184, 0x4b8a, 0x0120, 0x5c6c, 0x2205, 0x08c3, 0x1104, 0x0103, 0x11c4, 0x438a, 0x00e3, 0x1105, 0x0904, 0x0944, 0x4baa, 0x0141,
    0x4c2b, 0x3308, 0x0944, 0x0965, 0x2ac8, 0x3b68, 0x0a03, 0x544b, 0x11a4, 0x0964, 0x0123, 0x438a, 0x1a44, 0x2285, 0x53eb, 0x0984,
    0x11a5, 0x19c5, 0x1225, 0x43e9, 0x22a7, 0x1a06, 0x1a27, 0x1a07, 0x2247, 0x1985, 0x1083, 0x62cb, 0x2945, 0x31c8, 0x424a, 0x3a29,
    0x3a29, 0x3a09, 0x3a09, 0x3a2a, 0x3a09, 0x31e8, 0x426a, 0x4aab, 0x424a, 0x3a2a, 0x4a6b, 0x2105, 0x39c8, 0x6b6f, 0x5aed, 0x52ac,
    0x422a, 0x39e9, 0x3187, 0x2126, 0x2946, 0x0842, 0x0022, 0x0001, 0x0001, 0x0000, 0x0000, 0x0022, 0x0001, 0x0022, 0x0842, 0x10a4,
    0x2126, 0x2967, 0x31a8, 0x422a, 0x4a4b, 0x4a6b, 0x528b, 0x4a8a, 0x4a8a, 0x3a49, 0x31e7, 0x3a29, 0x3a29, 0x31c8, 0x3187, 0x3167,
    0x2126, 0x1084, 0x1905, 0x4209, 0x3986, 0x4a08, 0x2946, 0x2166, 0x424a, 0x6b6f, 0x10a3, 0x6b4d, 0xce78, 0xf7bd, 0xf7bd, 0xbdd5,
    0xb5b5, 0xfffe, 0xce79, 0x31c7, 0x4209, 0x3987, 0x3965, 0x4986, 0x41c8, 0x39e9, 0x31a7, 0x2903, 0xac2c, 0xdd4e, 0xd52d, 0xd4ec,
    0xb40a, 0xabe9, 0xbc2b, 0x832a, 0x2104, 0x62ec, 0x632c, 0x5b0c, 0x630b, 0x5aca, 0x738d, 0x6b4d, 0x2105, 0x0022, 0x0002, 0x0023,
    0x0023, 0x0023, 0x0023, 0x0023, 0x0023, 0x0023, 0x0023, 0x0023, 0x0023, 0x0023, 0x0023, 0x0023, 0x0023, 0x0023, 0x0023, 0x0043,
    0x0002, 0x2127, 0x18c3, 0x6aa8, 0xbc8c, 0xb42a, 0xb44a, 0xbc6b, 0xa3a9, 0xabeb, 0x9bcb, 0x8329, 0xc4ae, 0xbc8c, 0xbc4a, 0xbc2b,
    0xbc2b, 0xb44b, 0xb44a, 0xb42a, 0xb42a, 0xb42a, 0xbc4b, 0xb42a, 0xbc4b, 0xbc4b, 0xb42a, 0xb42a, 0xb42a, 0xb42a, 0xb40a, 0xb42a,
    0xb42a, 0xb42a, 0xb42a, 0xb40a, 0xb40a, 0xb40a, 0xbc6b, 0x72a8, 0x8b6a, 0xbc4b, 0xabca, 0xa369, 0xa389, 0xa369, 0xa368, 0xabeb,
    0x51e5, 0x2945, 0x4a6a, 0x4229, 0x4a6a, 0x3187, 0x0863, 0x31a8, 0x426a, 0x4a6a, 0x2105, 0x39a8, 0xbdb8, 0xbdd8, 0x6b4e, 0x0000,
    0x41cb, 0x524e, 0x316a, 0x2928, 0x2107, 0x2947, 0x2966, 0x39c5, 0x5a86, 0x7b68, 0x946a, 0xad4c, 0xc5ee, 0xce6e, 0xd68f, 0xde8e,
    0xce4d, 0xbdac, 0x7c0b, 0x1927, 0x39ab, 0x392a, 0x9334, 0x28e6, 0x0021, 0x3268, 0x0903, 0x1061, 0xde8f, 0xc6ef, 0x4553, 0x3598,
    0x3557, 0x3537, 0x2d16, 0x3557, 0x2aac, 0x326a, 0x4d99, 0x3c75, 0x220b, 0x0823, 0x0000, 0xabd0, 0xfd37, 0xcb70, 0x58c5, 0xbb2f,
    0xe3d3, 0xebd2, 0xebf2, 0xebf3, 0xd3d1, 0x2883, 0x19aa, 0x3b33, 0x4332, 0x1948, 0x1947, 0x42ef, 0x32ae, 0x3ace, 0x4b2d, 0x73ed,
    0xb50f, 0xddf0, 0xd50e, 0x51e5, 0x0000, 0x10a4, 0x1165, 0x0964, 0x2226, 0x1184, 0x0944, 0x1124, 0x0103, 0x3288, 0x11c4, 0x1a05,
    0x32a8, 0x0903, 0x08e4, 0x2206, 0x4309, 0x00e0, 0x5c2b, 0x21c5, 0x00a3, 0x0082, 0x3ae8, 0x11c3, 0x2aa6, 0x53ab, 0x00a2, 0x08c4,
    0x08e4, 0x00c2, 0x4b49, 0x21e5, 0x0062, 0x08a3, 0x0041, 0x42e9, 0x1143, 0x21a4, 0x4b4a, 0x0041, 0x0083, 0x00a3, 0x00a1, 0x4349,
    0x1984, 0x0043, 0x0884, 0x0041, 0x536b, 0x0921, 0x3286, 0x4b29, 0x0001, 0x0001, 0x29e6, 0x3a87, 0x08c1, 0x63ec, 0x08a2, 0x0022,
    0x0022, 0x0022, 0x0022, 0x0042, 0x0042, 0x0022, 0x0862, 0x5369, 0x29e5, 0x4b2a, 0x3267, 0x0001, 0x0063, 0x0001, 0x42e8, 0x3b08,
    0x3aa7, 0x4b8a, 0x0081, 0x0863, 0x0001, 0x3aa8, 0x3a87, 0x3227, 0x4b4a, 0x0881, 0x0062, 0x0884, 0x0042, 0x1164, 0x53ab, 0x0882,
    0x08a3, 0x08a3, 0x08a3, 0x08a3, 0x0063, 0x1984, 0x4369, 0x2205, 0x4b8a, 0x21c5, 0x0062, 0x00c3, 0x1184, 0x438a, 0x2aa6, 0x540b,
    0x2a26, 0x00a3, 0x08e4, 0x00e4, 0x11c5, 0x4baa, 0x0103, 0x1105, 0x0904, 0x1163, 0x3b48, 0x2225, 0x43a9, 0x32e7, 0x0924, 0x0925,
    0x2a87, 0x4389, 0x22a6, 0x43aa, 0x11c5, 0x0964, 0x0944, 0x3b49, 0x2ac6, 0x32e7, 0x4baa, 0x11a4, 0x19a5, 0x19c6, 0x11e4, 0x440a,
    0x22a7, 0x1a06, 0x1a07, 0x1a06, 0x1a47, 0x19a6, 0x1083, 0x630c, 0x39c7, 0x2966, 0x3a09, 0x3a29, 0x3a4a, 0x3a2a, 0x3a2a, 0x3a4a,
    0x3a2a, 0x424a, 0x422a, 0x3a29, 0x424a, 0x3a4a, 0x426a, 0x2946, 0x0001, 0x0863, 0x0883, 0x18e5, 0x2946, 0x39e9, 0x422a, 0x4a4a,
    0x4a6b, 0x52ac, 0x52ac, 0x52cc, 0x52ac, 0x4a6b, 0x422a, 0x422a, 0x31c8, 0x2146, 0x2105, 0x10c4, 0x0843, 0x0001, 0x0042, 0x10a4,
    0x0000, 0x0000, 0x0000, 0x0041, 0x42c9, 0x63cd, 0x63cd, 0x5b8d, 0x31e7, 0x2987, 0x39e9, 0x422a, 0x528c, 0x5b0d, 0x632e, 0x528c,
    0x3166, 0x4a08, 0x2125, 0x2966, 0x31a7, 0x634e, 0x4a8b, 0x0862, 0x9492, 0xbe18, 0xad95, 0xb5b6, 0xffff, 0xf7be, 0x6b6d, 0x31a7,
    0x4209, 0x51a6, 0xdd70, 0xbc09, 0x61c4, 0x2905, 0x31c7, 0x20c2, 0xac2c, 0xd52e, 0xd50c, 0xd4ec, 0xb40a, 0xb3ea, 0xb46c, 0x5a26,
    0x2925, 0x632c, 0x630c, 0x630c, 0x630c, 0x632c, 0x632c, 0x2966, 0x0001, 0x0002, 0x0023, 0x0002, 0x0002, 0x0002, 0x0023, 0x0023,
    0x0023, 0x0023, 0x0023, 0x0023, 0x0023, 0x0023, 0x0023, 0x0023, 0x0023, 0x0023, 0x0023, 0x0043, 0x0003, 0x10a5, 0x2126, 0x4165,
    0xbc8d, 0xb44a, 0xb44a, 0xbc6b, 0xa3a9, 0xa3ec, 0x7b09, 0x5206, 0x7ac9, 0x8b29, 0xb46b, 0xbc2a, 0xbc2b, 0xb44b, 0xb44a, 0xbc2a,
    0xb42a, 0xb40a, 0xb42a, 0xb42a, 0xb42a, 0xb42a, 0xb42a, 0xbc4b, 0xb42a, 0xb42a, 0xb42a, 0xb40a, 0xb40a, 0xb40a, 0xb42a, 0xb40a,
    0xb40a, 0xabe9, 0xbc6b, 0x72a8, 0x8b6a, 0xbc4b, 0xabca, 0xa3a9, 0xa3ca, 0xa3ca, 0x9b49, 0x8b4a, 0x3144, 0x3187, 0x424a, 0x4209,
    0x4a6a, 0x18e4, 0x18c4, 0x4209, 0x4a8b, 0x31a8, 0x2987, 0xb5d8, 0x632d, 0x634d, 0x7bef, 0x18e4, 0x0000, 0x20a6, 0x3969, 0x49cb,
    0x49eb, 0x49ec, 0x41ec, 0x39ab, 0x398a, 0x3149, 0x2927, 0x2948, 0x2947, 0x3186, 0x4206, 0x5286, 0x6327, 0x7bea, 0x7c2d, 0x2188,
    0x39cb, 0x2948, 0x7ad2, 0x624d, 0x0000, 0x3228, 0x1945, 0x1061, 0xde8f, 0xc6ef, 0x4533, 0x3577, 0x3536, 0x3517, 0x2cf6, 0x3d56,
    0x2a8b, 0x32ab, 0x45d9, 0x24d7, 0x4538, 0x3bf3, 0x0084, 0x61ea, 0xfd18, 0xec14, 0x822b, 0x4125, 0x69e9, 0x826c, 0x824b, 0x69e9,
    0x2882, 0x0881, 0x7492, 0x8535, 0x84d4, 0x2104, 0x9ccf, 0xce52, 0xce31, 0xd651, 0xe671, 0xd610, 0xb50d, 0x6ac7, 0x1861, 0x0000,
    0x10c4, 0x1166, 0x1144, 0x0943, 0x2206, 0x1164, 0x1124, 0x1124, 0x0103, 0x2a67, 0x2206, 0x2226, 0x2a87, 0x0924, 0x08c4, 0x1a05,
    0x4328, 0x29e5, 0x4baa, 0x21e5, 0x0082, 0x0082, 0x32e8, 0x2a86, 0x32e8, 0x4b8b, 0x00c3, 0x08c4, 0x08e4, 0x0082, 0x4b4a, 0x21a5,
    0x0042, 0x08a3, 0x0041, 0x3aa8, 0x2a06, 0x3246, 0x42e8, 0x0041, 0x0063, 0x0083, 0x0081, 0x4b8a, 0x1184, 0x0043, 0x0884, 0x0041,
    0x4309, 0x2a46, 0x42c8, 0x42c8, 0x0001, 0x0001, 0x21a5, 0x3ac7, 0x21a5, 0x4b29, 0x10e3, 0x0002, 0x0022, 0x0022, 0x0022, 0x0042,
    0x0042, 0x0022, 0x0062, 0x5beb, 0x29c5, 0x3226, 0x3aa7, 0x0000, 0x0063, 0x0001, 0x42e8, 0x4b89, 0x1963, 0x538a, 0x0061, 0x0083,
    0x0021, 0x3aa7, 0x4b2a, 0x1102, 0x4b4a, 0x0061, 0x0062, 0x0863, 0x0062, 0x1143, 0x538b, 0x0062, 0x08a3, 0x08a3, 0x08a3, 0x08a3,
    0x0083, 0x1144, 0x5c0c, 0x1984, 0x42e8, 0x29e6, 0x0082, 0x00c3, 0x1163, 0x5c2c, 0x19e4, 0x4369, 0x2a26, 0x00a3, 0x0904, 0x08e4,
    0x19a5, 0x53aa, 0x0123, 0x1125, 0x0904, 0x0943, 0x53cb, 0x2246, 0x2ac7, 0x3ae8, 0x0903, 0x0924, 0x2225, 0x53eb, 0x09a3, 0x4369,
    0x19c5, 0x1144, 0x0924, 0x4349, 0x3b69, 0x1224, 0x53eb, 0x11c5, 0x19c6, 0x19c6, 0x11e5, 0x43ea, 0x22a7, 0x1206, 0x1a07, 0x1a06,
    0x1a27, 0x19c6, 0x1062, 0x736d, 0x39c7, 0x4249, 0x2146, 0x29a7, 0x31c8, 0x31e9, 0x3a09, 0x3a29, 0x3a29, 0x422a, 0x424a, 0x4269,
    0x426a, 0x426a, 0x4aab, 0x2126, 0x3187, 0x632e, 0x2126, 0x1084, 0x0842, 0x0001, 0x0000, 0x0000, 0x0843, 0x0001, 0x0001, 0x0022,
    0x0842, 0x1083, 0x2105, 0x3187, 0x31a8, 0x422a, 0x4a8b, 0x52ac, 0x52ac, 0x5acd, 0x5acd, 0x52ac, 0x4a6b, 0x422a, 0x39c8, 0x3a28,
    0x5bcd, 0x6c8f, 0x74d0, 0x748f, 0x3208, 0x0000, 0x0000, 0x0000, 0x0000, 0x0001, 0x0042, 0x10a4, 0x28e4, 0x49e7, 0x2145, 0x2967,
    0x31c8, 0x3a09, 0x7bf1, 0x4209, 0x0862, 0x6b8e, 0xa555, 0xe73c, 0xce79, 0x5b0c, 0x31c7, 0x4a8b, 0x39a7, 0x8a86, 0xdc29, 0xd366,
    0xa2a5, 0x20a2, 0x3188, 0x20a2, 0xa40c, 0xdd4e, 0xccec, 0xd4ec, 0xb40a, 0xb3ea, 0xac4c, 0x3123, 0x41e7, 0x632c, 0x630c, 0x630c,
    0x5b0c, 0x634d, 0x4249, 0x0863, 0x0864, 0x0843, 0x0022, 0x0843, 0x1084, 0x1084, 0x0043, 0x0023, 0x0003, 0x0023, 0x0023, 0x0023,
    0x0043, 0x0023, 0x0023, 0x0023, 0x0023, 0x0023, 0x0023, 0x0023, 0x0023, 0x0843, 0x2967, 0x20a2, 0xac0c, 0xbc4b, 0xb42b, 0xbc4b,
    0xa3ea, 0x7ac8, 0x6a88, 0x83ad, 0x9bef, 0x5a06, 0xac4b, 0xbc6b, 0xbc2b, 0xbc2b, 0xb44a, 0xb42a, 0xb42a, 0xb42a, 0xb42a, 0xb42a,
    0xb42a, 0xbc4b, 0xb42a, 0xb42a, 0xb42a, 0xb42a, 0xb42a, 0xb40a, 0xb40a, 0xb40a, 0xb40a, 0xabe9, 0xabe9, 0xb3ea, 0xbc6c, 0x72c9,
    0x93cb, 0xbc4b, 0x9b69, 0x9308, 0x72a7, 0x6247, 0x6227, 0x6aa9, 0x18a2, 0x39e8, 0x4229, 0x4249, 0x4209, 0x0862, 0x2946, 0x422a,
    0x4a6b, 0x2105, 0xa555, 0x4229, 0x528a, 0xbdd7, 0x7bd0, 0x2966, 0x4249, 0x0842, 0x0842, 0x0000, 0x0822, 0x0843, 0x1885, 0x2908,
    0x3169, 0x39ab, 0x4a0d, 0x522e, 0x522e, 0x4a4d, 0x4a0c, 0x3969, 0x2948, 0x2106, 0x2105, 0x18c5, 0x314a, 0x41ab, 0x5a4f, 0x7b31,
    0x0001, 0x2a07, 0x1965, 0x0861, 0xd66e, 0xc6ce, 0x4512, 0x3537, 0x3516, 0x34f6, 0x2cf6, 0x3d37, 0x2a6c, 0x32cc, 0x4df9, 0x24f7,
    0x2538, 0x3d7a, 0x43f3, 0x0022, 0x69ea, 0xc3f3, 0xbbf3, 0x3105, 0x0000, 0x0843, 0x0023, 0x0022, 0x0000, 0x0841, 0x39e8, 0x3a28,
    0x2985, 0x0861, 0x6329, 0x7348, 0x6ae7, 0x5a87, 0x49c5, 0x2082, 0x0800, 0x0000, 0x0063, 0x1125, 0x1185, 0x0944, 0x1125, 0x0924,
    0x2206, 0x0944, 0x0904, 0x1125, 0x0903, 0x2a87, 0x2247, 0x1184, 0x2a87, 0x0904, 0x08e4, 0x19c5, 0x53eb, 0x1163, 0x3b49, 0x21e5,
    0x0882, 0x0082, 0x3ae8, 0x4328, 0x11a3, 0x538b, 0x00c3, 0x08c4, 0x08c4, 0x0062, 0x4309, 0x21a4, 0x0042, 0x08a4, 0x0041, 0x3aa7,
    0x42c9, 0x1983, 0x4328, 0x0021, 0x0863, 0x0083, 0x0061, 0x4b4a, 0x1184, 0x0042, 0x0883, 0x0041, 0x4b6a, 0x3a87, 0x1963, 0x4309,
    0x0001, 0x0001, 0x2184, 0x5beb, 0x08a2, 0x4309, 0x1103, 0x0001, 0x0023, 0x0022, 0x0022, 0x0022, 0x0042, 0x0042, 0x0021, 0x63ad,
    0x2184, 0x42c9, 0x3226, 0x0001, 0x0063, 0x0000, 0x3a88, 0x4b08, 0x21a4, 0x5b6b, 0x0021, 0x0883, 0x0021, 0x3a67, 0x4b2a, 0x1983,
    0x536a, 0x0041, 0x0863, 0x0063, 0x0082, 0x19a4, 0x5beb, 0x08c2, 0x08a3, 0x08a4, 0x0884, 0x08a3, 0x0083, 0x0903, 0x6c2e, 0x1162,
    0x536a, 0x1985, 0x00a3, 0x08c4, 0x0903, 0x5c0c, 0x0962, 0x53ab, 0x21c6, 0x08c3, 0x1104, 0x0103, 0x1a25, 0x540b, 0x0963, 0x0924,
    0x1104, 0x0102, 0x5bec, 0x2225, 0x4369, 0x2a87, 0x08e3, 0x0924, 0x19e5, 0x53cb, 0x11c3, 0x4bcb, 0x1164, 0x1164, 0x0943, 0x436a,
    0x4389, 0x22a5, 0x4beb, 0x11a4, 0x19e6, 0x19c6, 0x1a25, 0x4c2a, 0x2ae7, 0x11e6, 0x19e6, 0x1a06, 0x1a06, 0x21e7, 0x0041, 0x9c50,
    0x5a07, 0x4209, 0x528b, 0x526a, 0x52cc, 0x52cc, 0x4a8b, 0x4a8b, 0x4aac, 0x426a, 0x3a09, 0x3a2a, 0x3a09, 0x31e8, 0x3a09, 0x1925,
    0x18c4, 0x4209, 0x528b, 0x5acc, 0x52cc, 0x52ac, 0x52ac, 0x528b, 0x4a6b, 0x4229, 0x31c8, 0x2146, 0x1905, 0x10a4, 0x0022, 0x0863,
    0x0001, 0x0000, 0x0000, 0x0000, 0x0001, 0x0001, 0x0863, 0x18c4, 0x10a3, 0x18e4, 0x2126, 0x2966, 0x21a5, 0x42c9, 0x53ac, 0x4b4b,
    0x3a09, 0x52cc, 0x5b0d, 0x5acc, 0x528b, 0x424a, 0x4a8b, 0x52cc, 0x2945, 0x4a08, 0x2966, 0x2987, 0x39e9, 0x2126, 0x424a, 0x7bf0,
    0x5b0c, 0x18e4, 0x2104, 0x2946, 0x2945, 0x31c7, 0x4a8b, 0x424a, 0x39a7, 0x8225, 0xba83, 0xba62, 0xb2a6, 0x2881, 0x3167, 0x20c3,
    0x9beb, 0xd54e, 0xccec, 0xcccc, 0xb40a, 0xb40a, 0x93cc, 0x20e3, 0x4a69, 0x5b0c, 0x5b0b, 0x5aeb, 0x630c, 0x5aec, 0x2105, 0x0022,
    0x1084, 0x18c5, 0x2926, 0x2105, 0x10a4, 0x1084, 0x18c4, 0x18a4, 0x1084, 0x0884, 0x0022, 0x0002, 0x0003, 0x0023, 0x0023, 0x0023,
    0x0023, 0x0023, 0x0023, 0x0023, 0x0023, 0x0023, 0x2967, 0x1882, 0x938b, 0xbc4b, 0xb42a, 0xbc4a, 0xa3ea, 0x6a67, 0x93ee, 0x834a,
    0xbcd0, 0x5a68, 0xa40a, 0xbc4b, 0xbc2b, 0xbc0a, 0xbc4b, 0xb44a, 0xb40a, 0xb42a, 0xb42a, 0xb42a, 0xb42a, 0xb40a, 0xb40a, 0xb40a,
    0xb40a, 0xb42a, 0xb409, 0xb409, 0xb40a, 0xb40a, 0xb42b, 0xbc4c, 0xbc4b, 0xa3eb, 0x93ab, 0x51c5, 0x6247, 0x72a8, 0x72c9, 0x8b4a,
    0x93ac, 0xa3ec, 0xbc6e, 0xa44e, 0x2124, 0x3a29, 0x424a, 0x39c8, 0x0862, 0x1063, 0x3187, 0x4a6b, 0x2966, 0x632d, 0x7bf0, 0x1082,
    0x8c51, 0xce38, 0x83f0, 0x0000, 0x5aed, 0x630d, 0x738e, 0x73af, 0x0863, 0x2126, 0x20e5, 0x10a4, 0x0002, 0x0883, 0x0022, 0x0822,
    0x0822, 0x0842, 0x1083, 0x18a5, 0x2927, 0x3168, 0x39ca, 0x39ca, 0x522d, 0x522e, 0x520d, 0x3969, 0x0021, 0x3268, 0x1986, 0x0000,
    0xce2f, 0xdf91, 0x4d11, 0x2d16, 0x2d15, 0x2cf5, 0x2cd5, 0x3d16, 0x228c, 0x3acc, 0x4dda, 0x1cf7, 0x2d18, 0x2518, 0x4538, 0x3b92,
    0x00a6, 0x1085, 0x0824, 0x08a6, 0x324f, 0x42b1, 0x3ab1, 0x3ab0, 0x218a, 0x08a5, 0x0002, 0x0001, 0x1041, 0x28e4, 0x1042, 0x0000,
    0x0001, 0x0001, 0x0042, 0x08a3, 0x10e4, 0x1945, 0x1165, 0x1165, 0x1165, 0x1164, 0x1124, 0x0944, 0x2206, 0x1164, 0x0924, 0x1125,
    0x00e3, 0x2a87, 0x2246, 0x11c5, 0x3268, 0x00e3, 0x0904, 0x1164, 0x5bec, 0x1162, 0x4b8b, 0x1164, 0x08e3, 0x0081, 0x3ac9, 0x4308,
    0x21e4, 0x538b, 0x00a2, 0x08c4, 0x08c4, 0x08c2, 0x4b6a, 0x2a26, 0x0082, 0x08a4, 0x0041, 0x3aa8, 0x3aa7, 0x21c4, 0x532a, 0x0021,
    0x0883, 0x0083, 0x08a1, 0x4b8a, 0x2205, 0x0062, 0x0883, 0x0021, 0x4b2a, 0x2a26, 0x2a25, 0x42a8, 0x0001, 0x0022, 0x1923, 0x63ec,
    0x1122, 0x5bab, 0x08a1, 0x0021, 0x0023, 0x0022, 0x0022, 0x0022, 0x0042, 0x0042, 0x0021, 0x2145, 0x534b, 0x42a9, 0x0881, 0x0042,
    0x0043, 0x0042, 0x08a2, 0x4ae9, 0x532b, 0x1964, 0x0042, 0x0063, 0x0062, 0x08a2, 0x4aea, 0x536b, 0x21a4, 0x0062, 0x0883, 0x0063,
    0x1104, 0x4aea, 0x4b29, 0x3a48, 0x0082, 0x0883, 0x0884, 0x08a3, 0x08a3, 0x00a2, 0x2a27, 0x538b, 0x3aa8, 0x00c3, 0x08c4, 0x08e4,
    0x00c2, 0x2a46, 0x53ab, 0x3ae9, 0x08e3, 0x1104, 0x08e4, 0x1165, 0x434a, 0x4b8a, 0x32a8, 0x08e4, 0x1105, 0x0903, 0x21e5, 0x53ab,
    0x3b09, 0x0943, 0x1124, 0x1124, 0x0923, 0x32a8, 0x4bab, 0x2246, 0x0944, 0x1185, 0x11a4, 0x1a05, 0x4bcb, 0x4c0b, 0x2287, 0x11c5,
    0x19c6, 0x19c6, 0x32e9, 0x43aa, 0x438a, 0x1a06, 0x19c6, 0x19e6, 0x19e6, 0x21e7, 0x0021, 0x838c, 0xb48e, 0x51c5, 0x4185, 0x4185,
    0x39a6, 0x39a6, 0x3186, 0x39c7, 0x4229, 0x426a, 0x4aab, 0x5acc, 0x52ac, 0x4a6a, 0x4a8b, 0x422a, 0x0883, 0x2105, 0x0001, 0x0000,
    0x0001, 0x0822, 0x1082, 0x18c4, 0x2126, 0x2946, 0x31a8, 0x424a, 0x4a6b, 0x528b, 0x52ac, 0x52ac, 0x52ac, 0x4a6b, 0x424a, 0x4229,
    0x39e8, 0x2987, 0x2946, 0x2146, 0x0883, 0x0862, 0x0001, 0x0000, 0x0000, 0x0882, 0x08a2, 0x08a3, 0x0021, 0x0883, 0x10c4, 0x1905,
    0x2126, 0x2966, 0x2967, 0x2105, 0x20e4, 0x5228, 0x3186, 0x31c8, 0x3a09, 0x31c8, 0x39e9, 0x3a29, 0x632d, 0x7bf0, 0x632d, 0x52ab,
    0x4a8b, 0x4a8b, 0x4229, 0x424a, 0x4209, 0x4123, 0xb2e8, 0xbb28, 0x6183, 0x10a2, 0x31a7, 0x18c3, 0x9beb, 0xd52e, 0xd4ec, 0xcccc,
    0xb40a, 0xbc4b, 0x7b2a, 0x20e4, 0x528a, 0x5aec, 0x5aeb, 0x5aeb, 0x5b0c, 0x4a49, 0x0022, 0x10a4, 0x2947, 0x18e5, 0x0863, 0x10a4,
    0x2126, 0x2105, 0x31a7, 0x31a8, 0x2946, 0x4229, 0x31a7, 0x2146, 0x2106, 0x0022, 0x0002, 0x0043, 0x0023, 0x0023, 0x0023, 0x0023,
    0x0842, 0x0023, 0x2126, 0x18c3, 0x7b09, 0xbc4b, 0xb409, 0xb42a, 0xa3ca, 0x6a46, 0x9bee, 0x934a, 0xd571, 0x6268, 0xa40a, 0xb44b,
    0xb44a, 0xb42a, 0xb42a, 0xb42a, 0xb42a, 0xb42a, 0xb42a, 0xb40a, 0xb42a, 0xb429, 0xb409, 0xb40a, 0xb42b, 0xb44a, 0xbc4a, 0xbc6c,
    0xb42b, 0x9baa, 0x8329, 0x6287, 0x51e6, 0x5a47, 0x6a88, 0x7b2a, 0x9bcc, 0xac4d, 0xbc8e, 0xb46d, 0xb44c, 0xb40a, 0xb40b, 0x834a,
    0x20c3, 0x39e9, 0x18e4, 0x0022, 0x0842, 0x20e5, 0x39c8, 0x4a6a, 0x2145, 0x9cd4, 0x18c4, 0x3166, 0x9492, 0xce99, 0x7bef, 0x0000,
    0x2106, 0x738f, 0x5acc, 0xa515, 0x2946, 0x31c8, 0x422a, 0x422a, 0x1925, 0x434b, 0x32c9, 0x3288, 0x2206, 0x1984, 0x1143, 0x08e2,
    0x0061, 0x0001, 0x0001, 0x0002, 0x0823, 0x0844, 0x0023, 0x0023, 0x1985, 0x32a9, 0x19a5, 0x0000, 0x3164, 0x73ca, 0x544e, 0x3cb4,
    0x3d16, 0x3d16, 0x34f6, 0x3d37, 0x2acc, 0x32ed, 0x45fa, 0x24f8, 0x2d19, 0x2518, 0x2518, 0x3d19, 0x4497, 0x2af1, 0x2a70, 0x3af3,
    0x32f3, 0x32f4, 0x2af4, 0x32f4, 0x3af4, 0x3af3, 0x42b1, 0x5a90, 0x9b50, 0xab6f, 0x51c8, 0x0021, 0x1946, 0x21a7, 0x21a7, 0x1986,
    0x1986, 0x1185, 0x1165, 0x1165, 0x1165, 0x0944, 0x0944, 0x19a6, 0x21e6, 0x21e6, 0x1124, 0x1124, 0x0924, 0x1184, 0x2a88, 0x2a68,
    0x1165, 0x08e4, 0x0904, 0x00e3, 0x3267, 0x538b, 0x3267, 0x00c2, 0x08e3, 0x00c3, 0x1144, 0x4b4a, 0x536b, 0x1984, 0x00c2, 0x08c4,
    0x0083, 0x3268, 0x4b4a, 0x42e9, 0x1124, 0x0083, 0x0882, 0x08e2, 0x42e9, 0x534b, 0x1944, 0x0062, 0x0883, 0x0042, 0x3207, 0x4b29,
    0x4ae9, 0x10c3, 0x0042, 0x0041, 0x1924, 0x532b, 0x4b0a, 0x08c2, 0x0022, 0x0042, 0x0040, 0x3a27, 0x5b8c, 0x29c5, 0x0021, 0x0043,
    0x0023, 0x0022, 0x0022, 0x0022, 0x0042, 0x0042, 0x0042, 0x0021, 0x0041, 0x0020, 0x0042, 0x0042, 0x0022, 0x0042, 0x0041, 0x0041,
    0x0041, 0x0041, 0x0062, 0x0062, 0x0062, 0x0062, 0x0041, 0x0061, 0x0041, 0x0083, 0x0863, 0x0883, 0x0062, 0x0061, 0x0061, 0x0082,
    0x08a3, 0x0883, 0x0883, 0x08a3, 0x08a3, 0x08a3, 0x0082, 0x00c2, 0x00a2, 0x08c4, 0x08c4, 0x08c4, 0x08c3, 0x00a2, 0x00e2, 0x00e2,
    0x08e3, 0x08e3, 0x08e4, 0x08e4, 0x0103, 0x0102, 0x0923, 0x1105, 0x1105, 0x1124, 0x0903, 0x0923, 0x0903, 0x0923, 0x1124, 0x0924,
    0x0924, 0x0923, 0x0943, 0x0943, 0x1165, 0x1185, 0x1185, 0x11a5, 0x11a4, 0x11c4, 0x11c5, 0x19c6, 0x19c6, 0x19c6, 0x11a5, 0x11a4,
    0x11c4, 0x19c5, 0x19c6, 0x19e6, 0x19e6, 0x2227, 0x0020, 0x732a, 0xcd0d, 0xb42b, 0xac0b, 0xa3ca, 0x938a, 0x8309, 0x72a8, 0x6a67,
    0x51e5, 0x4164, 0x4164, 0x3964, 0x3965, 0x3165, 0x3986, 0x18e4, 0x18c4, 0x52ed, 0x424b, 0x31c8, 0x3187, 0x2966, 0x2125, 0x18e5,
    0x18e5, 0x0002, 0x0001, 0x0000, 0x0000, 0x0000, 0x0001, 0x0883, 0x0863, 0x10a4, 0x2125, 0x2966, 0x31a7, 0x31c8, 0x39e8, 0x424a,
    0x528b, 0x52ab, 0x52ac, 0x52cc, 0x52ac, 0x424a, 0x39e9, 0x31a8, 0x3188, 0x2126, 0x18c5, 0x1083, 0x0022, 0x0001, 0x0842, 0x2946,
    0x2945, 0x5228, 0x3186, 0x31c8, 0x3a29, 0x424a, 0x3a29, 0x3a09, 0x31e8, 0x31e8, 0x3a29, 0x3a29, 0x3a09, 0x3a09, 0x3a29, 0x3a29,
    0x422a, 0x39a8, 0x30e4, 0x38c3, 0x28e4, 0x31a7, 0x2987, 0x20e3, 0x9bcb, 0xd50d, 0xd4ec, 0xcccc, 0xac09, 0xb46c, 0x6247, 0x2946,
    0x5acb, 0x5aec, 0x5aeb, 0x5aeb, 0x5acb, 0x2105, 0x1083, 0x2126, 0x1083, 0x10a4, 0x2146, 0x2146, 0x31a8, 0x31a7, 0x39e8, 0x424a,
    0x4229, 0x528a, 0x4a6a, 0x4249, 0x52ab, 0x2145, 0x18c4, 0x0002, 0x0022, 0x0023, 0x0023, 0x0023, 0x0043, 0x0023, 0x18c5, 0x20e4,
    0x6246, 0xbc6c, 0xabe9, 0xb42b, 0x9baa, 0x6246, 0x8bad, 0x8b0a, 0xd531, 0x6248, 0xa3ca, 0xb44b, 0xb42b, 0xb40a, 0xb42a, 0xb40a,
    0xb42a, 0xb40a, 0xb40a, 0xb40a, 0xb42a, 0xbc4b, 0xbc6b, 0xbc6c, 0xac2b, 0x9b8a, 0x7ae8, 0x6246, 0x5a47, 0x6267, 0x6288, 0x72e9,
    0x93cc, 0xa44d, 0xb44d, 0xb44c, 0xb40b, 0xabc9, 0xa3a9, 0xabca, 0xabca, 0xabea, 0xbc8e, 0x72ea, 0x0801, 0x0843, 0x0002, 0x0863,
    0x18c4, 0x2926, 0x4209, 0x31c8, 0x4229, 0x8451, 0x0000, 0x4229, 0xa514, 0xd6ba, 0x73ae, 0x0000, 0x0822, 0x736e, 0x738e, 0x9493,
    0x528b, 0x2946, 0x41e9, 0x39e8, 0x1123, 0x334a, 0x2b49, 0x2b49, 0x2b49, 0x3349, 0x3329, 0x3309, 0x3309, 0x32a8, 0x2a47, 0x2206,
    0x1185, 0x1144, 0x1165, 0x2248, 0x2aa8, 0x2288, 0x21e6, 0x0000, 0x5aa8, 0x52a7, 0x1923, 0x1988, 0x19ca, 0x22ad, 0x3371, 0x4495,
    0x32ac, 0x42ed, 0x5e5b, 0x2d38, 0x3d79, 0x3559, 0x3539, 0x3518, 0x3d19, 0x44b8, 0x3b75, 0x3314, 0x3314, 0x32f3, 0x32b1, 0x2a70,
    0x29ef, 0x218d, 0x192b, 0x18e9, 0x4107, 0x5966, 0x2083, 0x0062, 0x19c6, 0x19a6, 0x1185, 0x1185, 0x1185, 0x1165, 0x1165, 0x1165,
    0x1145, 0x1144, 0x1144, 0x1144, 0x0924, 0x1144, 0x1124, 0x1124, 0x1124, 0x0904, 0x0924, 0x0903, 0x0904, 0x0904, 0x08e4, 0x0904,
    0x00e2, 0x0923, 0x00e3, 0x08e3, 0x08e4, 0x08e3, 0x00c3, 0x00e2, 0x00c2, 0x00a2, 0x08c3, 0x08c4, 0x08a3, 0x00a2, 0x0081, 0x0081,
    0x0083, 0x08a4, 0x08a3, 0x0083, 0x0082, 0x0082, 0x0042, 0x0083, 0x0083, 0x0863, 0x0062, 0x0060, 0x0041, 0x0042, 0x0062, 0x0062,
    0x0041, 0x0061, 0x0041, 0x0041, 0x0062, 0x0042, 0x0042, 0x0021, 0x0042, 0x0001, 0x0043, 0x0022, 0x0023, 0x0022, 0x0022, 0x0022,
    0x0022, 0x0042, 0x0042, 0x0042, 0x0042, 0x0042, 0x0042, 0x0042, 0x0042, 0x0042, 0x0043, 0x0043, 0x0043, 0x0043, 0x0042, 0x0062,
    0x0063, 0x0063, 0x0063, 0x0063, 0x0063, 0x0063, 0x0063, 0x0883, 0x0883, 0x0883, 0x08a3, 0x08a3, 0x0883, 0x0083, 0x08a3, 0x08a3,
    0x08a3, 0x08a3, 0x08c3, 0x08c3, 0x08c4, 0x08c4, 0x08c3, 0x08c4, 0x08c4, 0x08c4, 0x08c4, 0x08e4, 0x08e4, 0x08e3, 0x10e4, 0x10e4,
    0x0904, 0x0924, 0x0904, 0x1104, 0x0905, 0x1124, 0x1124, 0x1124, 0x1124, 0x1124, 0x1144, 0x1145, 0x1145, 0x1144, 0x1165, 0x1165,
    0x1165, 0x1165, 0x1185, 0x1185, 0x11a5, 0x11a5, 0x11a6, 0x11a6, 0x19a6, 0x19a6, 0x19a6, 0x19c6, 0x11c5, 0x11c5, 0x19c6, 0x19e6,
    0x1a06, 0x2a48, 0x0083, 0x6aca, 0xc4ee, 0xbc2a, 0xc44c, 0xc46c, 0xc46c, 0xc46c, 0xc46c, 0xbc4c, 0xbc4c, 0xb42c, 0xabeb, 0xa3cb,
    0x9bab, 0x8b6a, 0x8309, 0x72ea, 0x18a2, 0x18c3, 0x2925, 0x2945, 0x3166, 0x39c8, 0x39e9, 0x3a09, 0x4a2a, 0x4a6b, 0x528b, 0x4a6b,
    0x422a, 0x4209, 0x2967, 0x2967, 0x1905, 0x10a4, 0x0883, 0x0042, 0x0001, 0x0000, 0x0000, 0x0843, 0x0000, 0x0001, 0x0043, 0x10a5,
    0x18e5, 0x2126, 0x39c8, 0x39e9, 0x4209, 0x422a, 0x4a4a, 0x4a4a, 0x528b, 0x52ac, 0x630d, 0x52cc, 0x2925, 0x5228, 0x3186, 0x31c8,
    0x31e8, 0x426a, 0x3a29, 0x3a29, 0x3a4a, 0x3a09, 0x3209, 0x3a09, 0x3a09, 0x3a09, 0x3a09, 0x3a29, 0x3a09, 0x3a2a, 0x3a09, 0x39e8,
    0x426b, 0x39c9, 0x2986, 0x2104, 0x938a, 0xd50d, 0xccec, 0xcccc, 0xb40a, 0xb46d, 0x3944, 0x39c8, 0x52ab, 0x5acb, 0x52cb, 0x5aec,
    0x4229, 0x0021, 0x1083, 0x0863, 0x18c4, 0x3187, 0x2987, 0x31c8, 0x4229, 0x4a8a, 0x52ab, 0x52ab, 0x52ab, 0x5acb, 0x5aec, 0x5b0c,
    0x5b0c, 0x4a6a, 0x52ac, 0x2126, 0x0001, 0x0022, 0x0023, 0x0023, 0x0023, 0x0023, 0x10a4, 0x2105, 0x49c5, 0xbc6c, 0xabe9, 0xb42a,
    0x9baa, 0x6226, 0x7b4c, 0x72c9, 0x8b4b, 0x51c6, 0xac0c, 0xb42b, 0xb40b, 0xb40a, 0xb40a, 0xb40a, 0xb40a, 0xbc2b, 0xbc4c, 0xbc6c,
    0xb44c, 0x9baa, 0x7ae9, 0x6267, 0x5a26, 0x5a47, 0x6ae9, 0x8b8b, 0xa42d, 0xb48e, 0xb48d, 0xb44c, 0xabea, 0xa3a9, 0xa389, 0xa389,
    0xaba9, 0xb3ea, 0xb40b, 0xb42c, 0xa40c, 0x93ab, 0x6aa9, 0x20a2, 0x0802, 0x0844, 0x2126, 0x2106, 0x18c4, 0x3187, 0x4229, 0x2125,
    0x6b4d, 0x4209, 0x0000, 0x6b2d, 0xa4f4, 0x73ae, 0x736d, 0x0000, 0x4a4a, 0xbdd7, 0xb5b6, 0x8c72, 0x736e, 0x1905, 0x39a8, 0x39c8,
    0x10c3, 0x3308, 0x2b48, 0x2348, 0x2328, 0x2327, 0x2b28, 0x2308, 0x2308, 0x2308, 0x2308, 0x2b09, 0x2b09, 0x2ae9, 0x2ae8, 0x22c8,
    0x1aa7, 0x2287, 0x2207, 0x0000, 0x944a, 0xef71, 0x648f, 0x2b70, 0x2acf, 0x1a0c, 0x1989, 0x19ab, 0x1168, 0x1147, 0x2a8e, 0x228d,
    0x22ae, 0x2aad, 0x22ad, 0x228c, 0x226c, 0x222c, 0x198a, 0x1129, 0x10e9, 0x10e9, 0x10ea, 0x10ca, 0x10ca, 0x192c, 0x218e, 0x39cd,
    0x828e, 0xab6f, 0x30c4, 0x00c2, 0x19a6, 0x1185, 0x1185, 0x1185, 0x1165, 0x1165, 0x1165, 0x1165, 0x1165, 0x1145, 0x1144, 0x1144,
    0x1145, 0x1124, 0x1124, 0x1124, 0x1104, 0x0905, 0x0904, 0x0904, 0x0904, 0x10e4, 0x08e5, 0x08e4, 0x0904, 0x08e4, 0x08e4, 0x08c4,
    0x08c4, 0x08e4, 0x08c4, 0x08c4, 0x08c4, 0x08c4, 0x08c3, 0x08c4, 0x08c3, 0x08a3, 0x08a3, 0x08a3, 0x08a3, 0x0883, 0x0883, 0x0884,
    0x0883, 0x0082, 0x0083, 0x0883, 0x0083, 0x0863, 0x0863, 0x0083, 0x0083, 0x0063, 0x0062, 0x0062, 0x0062, 0x0042, 0x0042, 0x0043,
    0x0042, 0x0042, 0x0022, 0x0043, 0x0043, 0x0043, 0x0042, 0x0022, 0x0023, 0x0022, 0x0022, 0x0022, 0x0022, 0x0042, 0x0042, 0x0042,
    0x0023, 0x0023, 0x0022, 0x0042, 0x0042, 0x0042, 0x0043, 0x0043, 0x0043, 0x0043, 0x0042, 0x0042, 0x0062, 0x0063, 0x0063, 0x0063,
    0x0063, 0x0063, 0x0063, 0x0883, 0x0883, 0x0883, 0x0883, 0x0883, 0x0883, 0x00a3, 0x00a3, 0x08a3, 0x08a3, 0x08a3, 0x08a3, 0x08c3,
    0x08c4, 0x08c4, 0x08c4, 0x08c4, 0x08c4, 0x08c4, 0x08c4, 0x08e4, 0x08e4, 0x08e4, 0x10e4, 0x10e4, 0x08e4, 0x0904, 0x0904, 0x0904,
    0x0905, 0x1104, 0x1104, 0x1124, 0x1124, 0x1124, 0x1144, 0x1145, 0x1145, 0x1145, 0x1165, 0x1165, 0x1165, 0x1185, 0x1185, 0x1185,
    0x1185, 0x1185, 0x11a6, 0x11a6, 0x19a6, 0x19a6, 0x19a6, 0x19a6, 0x11c6, 0x19c6, 0x21e7, 0x21c6, 0x19c6, 0x21e7, 0x0082, 0x41c6,
    0xcd30, 0xbc2a, 0xc46b, 0xbc4b, 0xbc6a, 0xbc6a, 0xbc6b, 0xbc6b, 0xbc4b, 0xbc4b, 0xbc4b, 0xbc4b, 0xbc4b, 0xbc4b, 0xbc2b, 0xb44d,
    0x51c5, 0x6aa8, 0x7ac8, 0x6a46, 0x6226, 0x51e6, 0x4184, 0x3124, 0x2903, 0x20e3, 0x20e4, 0x2925, 0x3166, 0x31a6, 0x31a7, 0x39c8,
    0x4209, 0x4229, 0x4249, 0x4a4a, 0x4a6a, 0x4a6a, 0x424a, 0x424a, 0x31c8, 0x29a8, 0x2127, 0x10c5, 0x0883, 0x0042, 0x10a3, 0x0862,
    0x0000, 0x0000, 0x0000, 0x0000, 0x0001, 0x0001, 0x0863, 0x10a4, 0x2104, 0x5a69, 0x2946, 0x5aed, 0x39e8, 0x31e8, 0x3a29, 0x3a4a,
    0x3a2a, 0x3a4a, 0x3a2a, 0x3a29, 0x3a29, 0x3a29, 0x3a29, 0x3a29, 0x3a09, 0x3a08, 0x3a29, 0x4229, 0x3a4a, 0x39c8, 0x3186, 0x2904,
    0x938a, 0xd50d, 0xccec, 0xc4ab, 0xb42a, 0x9bec, 0x20c3, 0x424a, 0x4a8a, 0x52cb, 0x52cb, 0x52ab, 0x2966, 0x0001, 0x1084, 0x2947,
    0x2106, 0x31a7, 0x4209, 0x4229, 0x39e8, 0x39e8, 0x3a08, 0x31c7, 0x39e8, 0x3186, 0x3187, 0x39c8, 0x4209, 0x52cb, 0x5b0c, 0x424a,
    0x3a09, 0x0843, 0x0023, 0x0043, 0x0043, 0x0043, 0x1063, 0x2146, 0x3123, 0xb44c, 0xabe9, 0xb40a, 0x9b89, 0x6a87, 0x3944, 0x30e3,
    0x59e5, 0x8b6a, 0xb44b, 0xb42a, 0xbc4b, 0xbc6b, 0xbc8c, 0xbc8c, 0xac0b, 0x938a, 0x72c8, 0x4985, 0x2081, 0x0000, 0x0000, 0x6aca,
    0xac6e, 0xbc6d, 0xb46c, 0xb40b, 0xabea, 0xabca, 0xaba9, 0xabca, 0xabca, 0xabeb, 0xabeb, 0xac0c, 0x9bcb, 0x832a, 0x6aa8, 0x51e6,
    0x28e3, 0x1041, 0x0000, 0x0022, 0x18c6, 0x10a5, 0x2947, 0x2106, 0x2105, 0x39c8, 0x424a, 0x2966, 0x8431, 0x4a49, 0x3186, 0x9cd3,
    0x9471, 0x4a69, 0x9cf3, 0xa514, 0xc618, 0xc658, 0xb5b6, 0x9cf3, 0x7bd0, 0x18e5, 0x31a8, 0x39c9, 0x10a3, 0x32e9, 0x2b28, 0x2b28,
    0x2b28, 0x2b28, 0x2b28, 0x2b08, 0x2308, 0x2308, 0x22e8, 0x22e8, 0x22c8, 0x22c7, 0x22a7, 0x22a7, 0x22a7, 0x2287, 0x2a07, 0x0000,
    0x5a87, 0xde91, 0x6db2, 0x3576, 0x3db8, 0x3d79, 0x3d17, 0x4517, 0x3bd3, 0x220c, 0x33b3, 0x2b31, 0x2aaf, 0x226e, 0x224c, 0x1a0c,
    0x1a0b, 0x220c, 0x224c, 0x2a8e, 0x2ad0, 0x2ad1, 0x2ab3, 0x3ad4, 0x42f5, 0x4af5, 0x4336, 0x4b14, 0x9b93, 0x9b2f, 0x0821, 0x1104,
    0x1985, 0x1185, 0x1165, 0x1165, 0x1165, 0x1165, 0x1165, 0x1165, 0x1164, 0x1144, 0x1144, 0x1144, 0x1124, 0x1124, 0x1124, 0x1124,
    0x1104, 0x0905, 0x1105, 0x0904, 0x0904, 0x08e4, 0x08e5, 0x08e4, 0x08e4, 0x08e4, 0x08c4, 0x08c4, 0x08c4, 0x08c4, 0x08c4, 0x08c4,
    0x08c4, 0x08c4, 0x08c4, 0x08c4, 0x08a3, 0x08a3, 0x08a3, 0x08a3, 0x08a3, 0x0883, 0x0883, 0x0883, 0x0883, 0x0883, 0x0083, 0x0883,
    0x0083, 0x0083, 0x0863, 0x0063, 0x0063, 0x0063, 0x0062, 0x0062, 0x0043, 0x0043, 0x0043, 0x0043, 0x0042, 0x0042, 0x0042, 0x0042,
    0x0042, 0x0042, 0x0042, 0x0042, 0x0023, 0x0022, 0x0022, 0x0022, 0x0022, 0x0042, 0x0042, 0x0042, 0x0022, 0x0022, 0x0042, 0x0042,
    0x0042, 0x0042, 0x0042, 0x0062, 0x0062, 0x0042, 0x0042, 0x0042, 0x0063, 0x0063, 0x0062, 0x0063, 0x0063, 0x0062, 0x0083, 0x0083,
    0x0083, 0x0083, 0x0883, 0x0883, 0x0883, 0x00a3, 0x00a3, 0x08a3, 0x08a3, 0x08a3, 0x08a3, 0x08c3, 0x08c3, 0x08c4, 0x08c4, 0x08c4,
    0x08c4, 0x08c4, 0x08c4, 0x08c4, 0x08e4, 0x08e4, 0x08e4, 0x10e4, 0x08e4, 0x0904, 0x0904, 0x0904, 0x0904, 0x1104, 0x1104, 0x1124,
    0x1124, 0x1144, 0x1144, 0x1144, 0x1145, 0x1164, 0x1164, 0x1165, 0x1165, 0x1185, 0x1185, 0x1185, 0x1185, 0x1185, 0x11a5, 0x11a5,
    0x11a6, 0x19a6, 0x19c6, 0x19c5, 0x19e6, 0x1965, 0x0062, 0x0082, 0x0882, 0x10c3, 0x18e4, 0x2104, 0xa44e, 0xac0c, 0xb42c, 0xb44c,
    0xb42b, 0xb42b, 0xb42b, 0xac0b, 0xb40a, 0xb40a, 0xb40a, 0xb42a, 0xb44b, 0xb44a, 0xbc2a, 0xbc8d, 0x5206, 0x7ae9, 0xbcae, 0xb42c,
    0xb40b, 0xac0b, 0xabeb, 0x93ab, 0x6247, 0x49c6, 0x5227, 0x41a6, 0x41c6, 0x3965, 0x3144, 0x3144, 0x3144, 0x3124, 0x20e3, 0x28e4,
    0x2904, 0x20e3, 0x2104, 0x3166, 0x39c7, 0x3a08, 0x4209, 0x4a29, 0x4229, 0x424a, 0x4a6a, 0x424a, 0x3a09, 0x39e9, 0x3a09, 0x31c8,
    0x2967, 0x2125, 0x2987, 0x5b0d, 0x41e8, 0x5228, 0x2966, 0x5b0d, 0x8452, 0x52cc, 0x424a, 0x31e8, 0x31c8, 0x31c8, 0x31c8, 0x31c8,
    0x31c8, 0x31e8, 0x39e9, 0x39e9, 0x39e9, 0x3a09, 0x3a49, 0x3a2a, 0x424a, 0x3187, 0x39e8, 0x2944, 0x9389, 0xd50d, 0xccec, 0xc4ac,
    0xb44b, 0x8b4a, 0x2104, 0x4a6b, 0x4a6a, 0x52ab, 0x52ab, 0x4a6a, 0x10a4, 0x0863, 0x2967, 0x2967, 0x31a8, 0x39e8, 0x31a7, 0x39e8,
    0x6b4e, 0x528b, 0x7bf0, 0x738e, 0x8430, 0x73ae, 0x5acb, 0x2946, 0x52cb, 0x2986, 0x39e8, 0x630d, 0x6b6e, 0x422a, 0x0002, 0x0023,
    0x0043, 0x0044, 0x0842, 0x2147, 0x20c3, 0xa3eb, 0xabea, 0xb40a, 0x9328, 0x938a, 0x6267, 0x7287, 0xc4ce, 0xbc8c, 0xc48c, 0xbc6c,
    0xa3cb, 0x8b4a, 0x72a8, 0x41a5, 0x3985, 0x0841, 0x10c3, 0x29a7, 0x3229, 0x6bf0, 0x530c, 0x18a2, 0x938a, 0xaba9, 0xa389, 0xabc9,
    0xabea, 0xb42a, 0xb44b, 0xac2c, 0x9bcb, 0x8b4a, 0x6a88, 0x41a5, 0x18c2, 0x0021, 0x0001, 0x0000, 0x0001, 0x0022, 0x0023, 0x18c5,
    0x2106, 0x1083, 0x20e5, 0x18c4, 0x2146, 0x3a09, 0x4249, 0x31a7, 0x8c72, 0x9492, 0xb596, 0xce58, 0xbdd6, 0x5aca, 0xc617, 0xb5b6,
    0xb596, 0xbdf6, 0xb5d6, 0x9492, 0x83d0, 0x18c4, 0x31c8, 0x39c8, 0x10a2, 0x3308, 0x2b48, 0x2b28, 0x2b28, 0x2b27, 0x2b08, 0x2308,
    0x2308, 0x22e8, 0x22e7, 0x22e7, 0x22c7, 0x22c7, 0x22c7, 0x22a8, 0x2287, 0x2288, 0x2a47, 0x0062, 0x0000, 0x2923, 0x2aa9, 0x2bf1,
    0x3cd6, 0x3d59, 0x3d99, 0x3dda, 0x44f7, 0x2ab0, 0x453a, 0x2cd8, 0x2c98, 0x3478, 0x2c77, 0x3478, 0x2c78, 0x2c77, 0x2c78, 0x2c78,
    0x2c98, 0x3499, 0x3c79, 0x3bf7, 0x4356, 0x4314, 0x4314, 0x4291, 0x5a4c, 0x3925, 0x0800, 0x1104, 0x1185, 0x1165, 0x1165, 0x1165,
    0x1165, 0x1165, 0x1165, 0x1165, 0x1164, 0x1144, 0x1144, 0x1145, 0x1144, 0x1144, 0x1124, 0x1125, 0x1104, 0x0904, 0x1104, 0x0904,
    0x0904, 0x08e4, 0x08e5, 0x08e4, 0x08e4, 0x08e4, 0x08e4, 0x08c4, 0x08c4, 0x08c4, 0x08c4, 0x08c4, 0x08c4, 0x08c3, 0x08c4, 0x08c4,
    0x08a3, 0x08a3, 0x08a3, 0x08a3, 0x08a3, 0x08a3, 0x0883, 0x00a3, 0x00a3, 0x0083, 0x0083, 0x0864, 0x0063, 0x0083, 0x0083, 0x0063,
    0x0062, 0x0062, 0x0062, 0x0043, 0x0063, 0x0042, 0x0042, 0x0042, 0x0042, 0x0043, 0x0043, 0x0042, 0x0042, 0x0042, 0x0042, 0x0042,
    0x0022, 0x0022, 0x0022, 0x0022, 0x0022, 0x0042, 0x0042, 0x0022, 0x0042, 0x0023, 0x0042, 0x0042, 0x0042, 0x0042, 0x0042, 0x0042,
    0x0042, 0x0042, 0x0062, 0x0043, 0x0063, 0x0062, 0x0063, 0x0063, 0x0082, 0x0062, 0x0083, 0x0883, 0x0883, 0x0883, 0x0883, 0x0883,
    0x0083, 0x00a3, 0x00a3, 0x08a3, 0x08a3, 0x00a3, 0x00a3, 0x08c3, 0x08c3, 0x08c4, 0x00c4, 0x08c4, 0x08c4, 0x08c4, 0x08c4, 0x08c4,
    0x08e4, 0x08e4, 0x08e4, 0x08e4, 0x08e4, 0x0904, 0x0904, 0x0904, 0x1104, 0x1124, 0x1124, 0x1125, 0x1124, 0x0944, 0x1144, 0x1144,
    0x1144, 0x1164, 0x1164, 0x1165, 0x1165, 0x1165, 0x1185, 0x1185, 0x1185, 0x1185, 0x11a5, 0x11a5, 0x19a6, 0x19a6, 0x19c6, 0x19e6,
    0x1165, 0x0042, 0x52ab, 0x7bf0, 0x8c72, 0x9493, 0x6b6f, 0x18e4, 0x0000, 0x2082, 0x28e3, 0x3944, 0x49c5, 0x6226, 0x6a88, 0x7b09,
    0x8b6a, 0x9bab, 0xa3cb, 0xa40b, 0xac2b, 0xb42b, 0xb42b, 0xbc6d, 0x8b6a, 0x3923, 0x93ac, 0xa3ec, 0xac0c, 0xbc4c, 0xb42b, 0xa3eb,
    0x51a5, 0x4985, 0x5207, 0x5206, 0x5a48, 0x51e7, 0x5207, 0x5207, 0x5a48, 0x5a28, 0x5a08, 0x5a28, 0x7b0a, 0x6a88, 0x49a6, 0x41a6,
    0x49a6, 0x41a5, 0x3985, 0x3965, 0x3165, 0x2924, 0x20e4, 0x20e4, 0x2104, 0x2125, 0x2125, 0x31a7, 0x3a09, 0x424a, 0x528b, 0x52ab,
    0x20e4, 0x5228, 0x18c3, 0x1904, 0x31c7, 0x52ab, 0x528b, 0x5acc, 0x5b0d, 0x5b0d, 0x5aed, 0x52ec, 0x52cc, 0x52cc, 0x4a8b, 0x3a0a,
    0x3a09, 0x39e9, 0x29a8, 0x31c8, 0x29a7, 0x39c8, 0x2966, 0x51e6, 0x93aa, 0xcced, 0xccec, 0xc48b, 0xbc6c, 0x6288, 0x2925, 0x4a8b,
    0x4a6a, 0x52ab, 0x52ab, 0x39e9, 0x0022, 0x2106, 0x2967, 0x3187, 0x52ab, 0x5acb, 0x632d, 0x8410, 0x73ae, 0x8430, 0x9492, 0x9cf3,
    0x8c51, 0x738e, 0x4a6a, 0x4a49, 0x5acb, 0x630c, 0x3a08, 0x31a7, 0x632d, 0x5b0d, 0x31a8, 0x0042, 0x0043, 0x0043, 0x0023, 0x2126,
    0x18a2, 0x93aa, 0xabe9, 0xac2a, 0x9b88, 0x9beb, 0x8b49, 0x6a66, 0x9bab, 0x7ae9, 0x6247, 0x5a06, 0x6227, 0x834c, 0x49c6, 0x2146,
    0x528c, 0x39ea, 0x84f4, 0x6c31, 0x5bcf, 0x3208, 0x636e, 0x39e8, 0x6a87, 0xac4c, 0xabeb, 0xa3cb, 0x9bab, 0x832a, 0x5a48, 0x3165,
    0x1882, 0x1062, 0x0821, 0x0001, 0x0022, 0x0022, 0x0022, 0x0042, 0x0042, 0x10a5, 0x0863, 0x18c5, 0x1063, 0x18c4, 0x39c8, 0x2946,
    0x2946, 0x4229, 0x4229, 0x4249, 0x8c51, 0x9cf3, 0x8410, 0x6b6d, 0xc638, 0xa513, 0x8c71, 0x4228, 0x8410, 0xc638, 0xb5b6, 0x7bf0,
    0x8c31, 0x18e4, 0x39c8, 0x39c8, 0x08a2, 0x3328, 0x2b48, 0x2b48, 0x2b28, 0x2b27, 0x2307, 0x2307, 0x2307, 0x22e8, 0x22e7, 0x22e7,
    0x22c7, 0x22c7, 0x22c7, 0x22a7, 0x1aa7, 0x2287, 0x2a47, 0x0000, 0x62e8, 0xad2e, 0x29a6, 0x0906, 0x0949, 0x118a, 0x1a4c, 0x2aef,
    0x3350, 0x11eb, 0x3bb2, 0x2bd4, 0x2bf5, 0x2bf5, 0x2bf6, 0x2c16, 0x3417, 0x3417, 0x2c37, 0x2c17, 0x33f6, 0x33d5, 0x3373, 0x2ab0,
    0x19cd, 0x110a, 0x08aa, 0x1088, 0x4926, 0x69e6, 0x1021, 0x08e3, 0x1185, 0x1165, 0x1165, 0x1165, 0x1165, 0x1165, 0x1165, 0x1165,
    0x1144, 0x1145, 0x1145, 0x1125, 0x1124, 0x1124, 0x1124, 0x0904, 0x0904, 0x0904, 0x0904, 0x0904, 0x0904, 0x0904, 0x08e4, 0x08e4,
    0x08e4, 0x08e4, 0x08e4, 0x08e4, 0x08c4, 0x08c4, 0x08c4, 0x08e3, 0x08c3, 0x08c3, 0x08c3, 0x08c3, 0x08a3, 0x08a3, 0x00a3, 0x08a3,
    0x08a3, 0x0883, 0x08a3, 0x08a3, 0x00a3, 0x0083, 0x0883, 0x0863, 0x0063, 0x0083, 0x0062, 0x0063, 0x0062, 0x0062, 0x0062, 0x0063,
    0x0063, 0x0042, 0x0042, 0x0042, 0x0042, 0x0043, 0x0042, 0x0043, 0x0042, 0x0042, 0x0042, 0x0043, 0x0022, 0x0022, 0x0022, 0x0022,
    0x0022, 0x0042, 0x0042, 0x0022, 0x0042, 0x0023, 0x0042, 0x0042, 0x0822, 0x0042, 0x0023, 0x0042, 0x0042, 0x0042, 0x0062, 0x0043,
    0x0063, 0x0062, 0x0043, 0x0063, 0x0082, 0x0063, 0x0063, 0x0883, 0x0883, 0x0883, 0x0883, 0x0883, 0x0883, 0x00a3, 0x00a3, 0x08a3,
    0x08a3, 0x00a3, 0x08a3, 0x08a4, 0x08a4, 0x08c4, 0x08c4, 0x08c4, 0x08c4, 0x08c4, 0x08c4, 0x08c4, 0x08e4, 0x08e4, 0x08e4, 0x08e4,
    0x08e4, 0x08e4, 0x0904, 0x0904, 0x1104, 0x0924, 0x1124, 0x1125, 0x1125, 0x1124, 0x1125, 0x1144, 0x1144, 0x1144, 0x1165, 0x1165,
    0x1165, 0x1165, 0x1165, 0x1185, 0x1185, 0x1185, 0x1185, 0x11a5, 0x19a6, 0x19a6, 0x19a6, 0x21e7, 0x00a3, 0x31c9, 0x8c93, 0x8431,
    0x52cc, 0x2125, 0x52ab, 0x632d, 0x5aec, 0x4209, 0x2966, 0x18e3, 0x10a3, 0x0882, 0x0020, 0x0841, 0x0841, 0x1041, 0x1881, 0x3103,
    0x4185, 0x51e6, 0x6a87, 0x72e9, 0x8bac, 0x49e7, 0x1061, 0x18a3, 0x18a2, 0x49c5, 0xa40c, 0xa42c, 0x72c8, 0x5a07, 0x49e6, 0x49e5,
    0x49c6, 0x51e7, 0x41a6, 0x5207, 0x49e7, 0x51e7, 0x5a48, 0x4165, 0x934b, 0x9b8b, 0x49a5, 0x49e7, 0x49a6, 0x5207, 0x5207, 0x5207,
    0x5207, 0x49a5, 0x5a27, 0x6227, 0x5a27, 0x51e6, 0x5a27, 0x51e6, 0x49a5, 0x4165, 0x3144, 0x2904, 0x49e6, 0x7b2a, 0x20c2, 0x5a27,
    0x5a06, 0x49a5, 0x4184, 0x3964, 0x3985, 0x3944, 0x2904, 0x2945, 0x3186, 0x39a7, 0x39c8, 0x4a4a, 0x52ab, 0x52ab, 0x52ab, 0x52ec,
    0x426a, 0x2966, 0x1882, 0x9bec, 0x9369, 0xcccd, 0xcccc, 0xbc6b, 0xb44c, 0x49c6, 0x31a7, 0x4a8a, 0x4a6a, 0x4a8b, 0x52ab, 0x2946,
    0x0863, 0x3187, 0x31a8, 0x39e8, 0x632d, 0x5aec, 0x738e, 0x7bcf, 0x52ab, 0x4a29, 0x9cd3, 0x5acb, 0x4209, 0x39e8, 0x3187, 0x528b,
    0x8c72, 0x9cf3, 0x736e, 0x6b6e, 0x31a7, 0x630d, 0x636e, 0x2146, 0x0002, 0x0043, 0x0002, 0x2126, 0x1082, 0x8b4a, 0xac2c, 0xa3eb,
    0x72c8, 0x6268, 0x5207, 0x41a6, 0x6a89, 0x7aea, 0x93cc, 0xac6d, 0xbcae, 0xcd10, 0x5a26, 0x424a, 0x31c9, 0x42ad, 0x324a, 0x2904,
    0x2082, 0x3207, 0x2166, 0x1082, 0x5207, 0x832b, 0x51e6, 0x3103, 0x1882, 0x0821, 0x0001, 0x0002, 0x0003, 0x31c9, 0x1906, 0x0023,
    0x0843, 0x0843, 0x0863, 0x2126, 0x18a4, 0x18e5, 0x0843, 0x18c5, 0x10a4, 0x10a3, 0x2926, 0x18e5, 0x2946, 0x422a, 0x4209, 0x5aec,
    0x9492, 0xad55, 0x4a69, 0x6b4d, 0x9cd3, 0xa534, 0xa534, 0x31a6, 0x8410, 0xad55, 0x4a49, 0x73ae, 0x9492, 0x2105, 0x39c9, 0x39a8,
    0x08a2, 0x3308, 0x2b48, 0x2b28, 0x2b28, 0x2b08, 0x2308, 0x2308, 0x2308, 0x22e8, 0x22e7, 0x22c7, 0x22c7, 0x22c7, 0x22a7, 0x22a7,
    0x1a87, 0x2287, 0x2a47, 0x0000, 0x6b07, 0xef51, 0x53cd, 0x3c94, 0x3cb6, 0x2b72, 0x1aee, 0x1a2b, 0x11a9, 0x00c5, 0x08a5, 0x08a7,
    0x0887, 0x08a7, 0x08c8, 0x0908, 0x0909, 0x110a, 0x092a, 0x092a, 0x092a, 0x114a, 0x08e9, 0x190a, 0x10a9, 0x31ee, 0x2a50, 0x4a50,
    0xb30e, 0xcb4b, 0x20a2, 0x00a3, 0x1986, 0x1165, 0x1165, 0x1165, 0x1165, 0x1165, 0x1165, 0x1145, 0x1144, 0x1145, 0x1125, 0x1125,
    0x1124, 0x1124, 0x1124, 0x0904, 0x0904, 0x1104, 0x0904, 0x0904, 0x0904, 0x0904, 0x08e4, 0x08e4, 0x08e4, 0x08e4, 0x08e4, 0x08c4,
    0x08c4, 0x08c4, 0x08c4, 0x08c3, 0x08c4, 0x08c4, 0x08c3, 0x08c3, 0x08a3, 0x00a4, 0x08a3, 0x08a3, 0x0883, 0x0883, 0x08a3, 0x0883,
    0x0883, 0x0883, 0x0883, 0x0863, 0x0083, 0x0083, 0x0863, 0x0063, 0x0063, 0x0043, 0x0062, 0x0063, 0x0063, 0x0042, 0x0042, 0x0042,
    0x0042, 0x0042, 0x0062, 0x0043, 0x0043, 0x0042, 0x0042, 0x0023, 0x0022, 0x0022, 0x0022, 0x0022, 0x0022, 0x0042, 0x0042, 0x0042,
    0x0062, 0x0042, 0x0042, 0x0042, 0x0023, 0x0042, 0x0042, 0x0042, 0x0062, 0x0043, 0x0042, 0x0043, 0x0063, 0x0062, 0x0063, 0x0863,
    0x0062, 0x0063, 0x0063, 0x0063, 0x0083, 0x0883, 0x08a3, 0x0883, 0x0883, 0x08a3, 0x00a3, 0x0883, 0x08a3, 0x08a3, 0x08a4, 0x08c4,
    0x08a4, 0x08a3, 0x08c4, 0x08c4, 0x08c4, 0x08e4, 0x08e4, 0x08e4, 0x08e4, 0x08e4, 0x08e4, 0x08e4, 0x0904, 0x0904, 0x08e4, 0x0904,
    0x0904, 0x1104, 0x1124, 0x1125, 0x1125, 0x1125, 0x1125, 0x1144, 0x1144, 0x1165, 0x1165, 0x1165, 0x1165, 0x1165, 0x1165, 0x1165,
    0x1185, 0x1185, 0x1185, 0x11a5, 0x19a6, 0x19a6, 0x19a6, 0x21e7, 0x00a3, 0x3a2a, 0x52cc, 0x39e8, 0x1905, 0x31a7, 0x94d4, 0x9d15,
    0x9cf4, 0x9cf4, 0x9cd3, 0x94b3, 0x8c92, 0x8452, 0x7bd0, 0x738f, 0x630d, 0x526a, 0x4208, 0x31a7, 0x2125, 0x18a3, 0x1082, 0x1062,
    0x0842, 0x0021, 0x0883, 0x10a3, 0x0021, 0x0000, 0x2923, 0x72e9, 0x834a, 0x834c, 0x836b, 0x8b8b, 0x8b8b, 0x8b8c, 0x832b, 0x7aea,
    0x6a88, 0x72c9, 0x72a8, 0x51c5, 0x8309, 0x938b, 0x4185, 0x3145, 0x3945, 0x41c6, 0x41a6, 0x41a6, 0x3985, 0x41c6, 0x5207, 0x51e7,
    0x51e7, 0x6207, 0xa3ec, 0xabeb, 0xa3aa, 0x9b6a, 0x8b4a, 0x8b2a, 0x934a, 0x8309, 0x3944, 0x934a, 0xb42b, 0xabea, 0xa3ca, 0xa3ca,
    0x9baa, 0x9369, 0x8b29, 0x7ae9, 0x7287, 0x5a06, 0x51c5, 0x49a5, 0x4184, 0x3964, 0x3964, 0x3985, 0x3144, 0x3964, 0x836b, 0xbcae,
    0x9348, 0xcccc, 0xcccc, 0xbc6b, 0xac0c, 0x2903, 0x4208, 0x4a6a, 0x424a, 0x4a8b, 0x4a6b, 0x18c4, 0x2105, 0x31a8, 0x39e9, 0x630c,
    0x73af, 0x738f, 0x4209, 0x39e8, 0x20e5, 0x18c4, 0x10a3, 0x0842, 0x1062, 0x18e5, 0x3167, 0x4209, 0x4a6b, 0x632d, 0x8431, 0x6b4d,
    0x5acb, 0x39e8, 0x634d, 0x3a09, 0x0022, 0x0023, 0x0001, 0x2105, 0x10a3, 0x49c5, 0x6a47, 0x6288, 0x72c9, 0x834b, 0x9bcc, 0xac4e,
    0xac4d, 0xb44b, 0xb42b, 0xb3ea, 0xabc9, 0xb44c, 0x51c4, 0x422a, 0x2987, 0x4aed, 0x1926, 0x61c7, 0xb3ed, 0x39e7, 0x6430, 0x1923,
    0x0000, 0x0801, 0x0000, 0x0002, 0x0002, 0x0023, 0x0023, 0x0843, 0x0001, 0x3a0a, 0x31ca, 0x0002, 0x0843, 0x0843, 0x0002, 0x0001,
    0x0001, 0x18c5, 0x1084, 0x2105, 0x10a4, 0x10a3, 0x2105, 0x1083, 0x2146, 0x422a, 0x39e8, 0x5aec, 0x8c72, 0xad55, 0x8410, 0x738e,
    0x9cf3, 0xa514, 0xa514, 0x73af, 0x8431, 0x1082, 0x526a, 0x8430, 0x8431, 0x1904, 0x4209, 0x39c8, 0x08a2, 0x3308, 0x2b28, 0x2b28,
    0x2b28, 0x2b08, 0x2308, 0x22e8, 0x22e8, 0x22e8, 0x22e7, 0x22c7, 0x22c7, 0x22a7, 0x22a7, 0x2287, 0x2287, 0x2287, 0x2a68, 0x0000,
    0x6b28, 0xad8e, 0x22cb, 0x3d78, 0x2d99, 0x355a, 0x3578, 0x3517, 0x3cf6, 0x224b, 0x3b2f, 0x3412, 0x228e, 0x2acf, 0x2b10, 0x22f0,
    0x22f1, 0x2b11, 0x2b52, 0x2b73, 0x33d4, 0x4435, 0x2a90, 0x42b1, 0x29ce, 0x29ef, 0x32f4, 0x3a2f, 0xa22c, 0xd2ea, 0x38e3, 0x0062,
    0x1986, 0x1165, 0x1165, 0x1165, 0x1165, 0x1145, 0x1145, 0x1145, 0x1144, 0x1145, 0x1124, 0x1124, 0x1124, 0x1124, 0x1124, 0x0904,
    0x1104, 0x1104, 0x1104, 0x08e4, 0x08e4, 0x08e4, 0x08e4, 0x08e4, 0x08e4, 0x08e4, 0x08e4, 0x08c4, 0x08c4, 0x08c4, 0x08c4, 0x08e4,
    0x08c4, 0x08c4, 0x08c4, 0x08c4, 0x08a3, 0x08a4, 0x08a3, 0x08a3, 0x0883, 0x0883, 0x0883, 0x0883, 0x0883, 0x0883, 0x0863, 0x0863,
    0x0083, 0x0083, 0x0863, 0x0063, 0x0063, 0x0063, 0x0063, 0x0043, 0x0042, 0x0042, 0x0043, 0x0042, 0x0042, 0x0042, 0x0042, 0x0043,
    0x0043, 0x0043, 0x0042, 0x0022, 0x0022, 0x0022, 0x0022, 0x0022, 0x0022, 0x0022, 0x0042, 0x0021, 0x0000, 0x0021, 0x0042, 0x0022,
    0x0022, 0x0042, 0x0062, 0x0021, 0x0001, 0x0042, 0x0062, 0x0042, 0x0043, 0x0062, 0x0041, 0x0021, 0x0863, 0x0062, 0x0063, 0x0083,
    0x0063, 0x0041, 0x0041, 0x0062, 0x0083, 0x0883, 0x0883, 0x0883, 0x0883, 0x08a3, 0x0083, 0x0062, 0x0082, 0x08c3, 0x08a4, 0x08c4,
    0x08c4, 0x00c3, 0x0081, 0x00a2, 0x08e4, 0x08c4, 0x08e4, 0x08e3, 0x00a2, 0x00a2, 0x08e4, 0x0904, 0x0904, 0x0904, 0x0924, 0x0103,
    0x0924, 0x1125, 0x1125, 0x1145, 0x1164, 0x0923, 0x0923, 0x0964, 0x1165, 0x1165, 0x1165, 0x1165, 0x0964, 0x0964, 0x1185, 0x11a5,
    0x19a6, 0x19a6, 0x19a6, 0x19e7, 0x00a3, 0x3a09, 0x632d, 0x4229, 0x2125, 0x2146, 0x39e9, 0x29a7, 0x31e8, 0x4229, 0x426a, 0x52cb,
    0x634d, 0x6b6e, 0x73af, 0x8410, 0x8c72, 0x94b3, 0x9cf4, 0x9cf4, 0x9cf4, 0x9cb3, 0x9472, 0x8411, 0x73cf, 0x632d, 0x5acb, 0x4228,
    0x3187, 0x2946, 0x18c3, 0x1081, 0x1881, 0x1882, 0x20c2, 0x3123, 0x3964, 0x49a5, 0x5a07, 0x6a88, 0x7aea, 0x834b, 0x8b6b, 0x93ac,
    0x9bcc, 0xa3ec, 0x8b6b, 0x72ea, 0x7ac9, 0x6a88, 0x6247, 0x5a27, 0x5a27, 0x5a07, 0x5207, 0x49c6, 0x49c6, 0x51e5, 0x9369, 0xb40a,
    0xabc9, 0xac0a, 0xb40b, 0xb40b, 0xa3aa, 0x8b4a, 0x4185, 0x8308, 0xc48c, 0xbc6b, 0xbc6b, 0xbc6b, 0xbc6c, 0xbc6c, 0xbc6c, 0xbc6c,
    0xbc6c, 0xbc6c, 0xbc6c, 0xb44c, 0xb42c, 0xabeb, 0xa3cb, 0x9b8b, 0x9bab, 0xac0c, 0xbc8c, 0xc4ad, 0x9368, 0xcccc, 0xcccc, 0xc48c,
    0x8b6a, 0x20c3, 0x4a49, 0x4249, 0x426a, 0x4a8b, 0x41e9, 0x0842, 0x31a7, 0x39e8, 0x5aec, 0xad76, 0x6b6e, 0x4229, 0x2966, 0x0862,
    0x18c4, 0x41e8, 0x62ec, 0x6b6e, 0x6b6e, 0x528a, 0x2125, 0x1083, 0x2946, 0x31a7, 0x4a6a, 0x94d3, 0x73af, 0x39e8, 0x3a08, 0x5b0d,
    0x31a8, 0x0001, 0x0002, 0x20e5, 0x18c4, 0x6289, 0xb48e, 0xb48d, 0xb48d, 0xb44c, 0xac0a, 0xaba9, 0xa3a9, 0xa3aa, 0xabca, 0xabc9,
    0xb3ea, 0xc48e, 0x6a88, 0x420a, 0x422a, 0x31ea, 0x4aad, 0x1000, 0xa34a, 0x8b08, 0x29e6, 0x6cd2, 0x08a3, 0x0001, 0x0022, 0x0002,
    0x0002, 0x0003, 0x0823, 0x0843, 0x0001, 0x18e5, 0x424b, 0x0001, 0x0001, 0x0001, 0x31a8, 0x7bd0, 0x528b, 0x1063, 0x0863, 0x2105,
    0x18a4, 0x2126, 0x3187, 0x18e5, 0x2105, 0x422a, 0x31c8, 0x630d, 0x6b6e, 0x4208, 0xb596, 0xb596, 0x94b2, 0x9cf3, 0x9492, 0x9493,
    0x1083, 0x0021, 0x9472, 0x8c51, 0x73af, 0x18e4, 0x4a2a, 0x39a8, 0x10e2, 0x3329, 0x2348, 0x2348, 0x2327, 0x2307, 0x2307, 0x22e7,
    0x22e8, 0x22e7, 0x22c7, 0x22c7, 0x22c7, 0x22a7, 0x22a7, 0x2287, 0x2287, 0x2287, 0x2a68, 0x0001, 0x5ac8, 0x5baa, 0x2baf, 0x3558,
    0x2536, 0x2cf6, 0x24f7, 0x24d6, 0x2cf6, 0x1a8d, 0x2b2f, 0x3557, 0x23b2, 0x3476, 0x3519, 0x2cf9, 0x2cf9, 0x2cf9, 0x2cf9, 0x2cd9,
    0x2cd9, 0x2cb9, 0x3395, 0x19ae, 0x42b1, 0x10c9, 0x29ce, 0x424f, 0x922c, 0xdb0b, 0x4903, 0x0041, 0x1986, 0x1165, 0x1165, 0x1165,
    0x1165, 0x1145, 0x1145, 0x1145, 0x1144, 0x1145, 0x1124, 0x1124, 0x0924, 0x0924, 0x0924, 0x0904, 0x1104, 0x0904, 0x08e4, 0x08e4,
    0x08e4, 0x08c4, 0x08c4, 0x08e4, 0x00c3, 0x00a3, 0x08e4, 0x08e4, 0x08c4, 0x08e4, 0x08c4, 0x0082, 0x00a2, 0x08c3, 0x08c4, 0x08a4,
    0x08c4, 0x0083, 0x0061, 0x0082, 0x00a3, 0x0083, 0x0083, 0x0883, 0x0062, 0x0041, 0x0883, 0x0863, 0x0063, 0x0083, 0x0063, 0x0021,
    0x0021, 0x0062, 0x0042, 0x0043, 0x0042, 0x0042, 0x0021, 0x0022, 0x0042, 0x0042, 0x0042, 0x0043, 0x0022, 0x0001, 0x0042, 0x0042,
    0x0022, 0x0022, 0x0022, 0x0022, 0x0022, 0x0042, 0x0021, 0x10c2, 0x42a9, 0x29e6, 0x0041, 0x0043, 0x0042, 0x0042, 0x0061, 0x3207,
    0x4289, 0x08c2, 0x0062, 0x0062, 0x0063, 0x0042, 0x1984, 0x29e6, 0x0042, 0x0863, 0x0063, 0x0062, 0x0082, 0x3227, 0x42a9, 0x08c3,
    0x0062, 0x08a3, 0x08a3, 0x0883, 0x00a3, 0x0082, 0x1965, 0x4b0a, 0x21e6, 0x00a2, 0x08c4, 0x08c4, 0x00c3, 0x19a5, 0x432a, 0x2a26,
    0x08c3, 0x08e4, 0x08e4, 0x00e2, 0x2a47, 0x3ac9, 0x0923, 0x00e3, 0x0904, 0x0904, 0x0923, 0x2a87, 0x19c6, 0x1105, 0x1145, 0x1145,
    0x0944, 0x2247, 0x432a, 0x1a05, 0x0964, 0x1165, 0x1165, 0x0944, 0x1a06, 0x2287, 0x1184, 0x11a6, 0x19a6, 0x19a6, 0x19a6, 0x19e6,
    0x00a3, 0x39e9, 0x5b0d, 0x3a09, 0x2105, 0x2105, 0x4a6b, 0x3a29, 0x3a29, 0x3a29, 0x3a09, 0x3a09, 0x31e8, 0x3208, 0x3208, 0x3208,
    0x3208, 0x3a09, 0x4249, 0x4a8b, 0x52ec, 0x632d, 0x6b8f, 0x73f0, 0x7c31, 0x8c51, 0x8c72, 0x8cb3, 0x94b4, 0x8c94, 0x9492, 0x8c71,
    0x7c31, 0x73cf, 0x632d, 0x5acb, 0x4a49, 0x39e8, 0x2945, 0x18e3, 0x18c3, 0x1082, 0x18a2, 0x20c3, 0x20c3, 0x3943, 0x49c6, 0x49e7,
    0x5a27, 0x6a88, 0x7aea, 0x834b, 0x8b6b, 0x8b6b, 0x938b, 0x936b, 0x936b, 0x8b29, 0xabca, 0xb40b, 0xac0b, 0x8329, 0x6267, 0x7ae9,
    0x834b, 0x7b0a, 0x3103, 0x8308, 0xb40a, 0xb40a, 0xbc2a, 0xbc4b, 0xc46b, 0xc46b, 0xc48b, 0xcc8b, 0xcc8b, 0xcc8c, 0xc48c, 0xc4ac,
    0xc48c, 0xc48b, 0xc46b, 0xbc6c, 0xbc4b, 0xc48b, 0xc4ab, 0xc48c, 0x9348, 0xc4ac, 0xcccc, 0xc4ac, 0x72c9, 0x2104, 0x4a6a, 0x4229,
    0x4229, 0x4a6b, 0x2966, 0x0842, 0x2966, 0x8c52, 0xa535, 0x738e, 0x4a6a, 0x18c4, 0x18c3, 0x6b4d, 0xbdb7, 0xbdd7, 0xad55, 0x9cf3,
    0xad55, 0xc638, 0xce59, 0x8c52, 0x2125, 0x18c4, 0x39c8, 0x4a49, 0x8c71, 0x9cd3, 0x2986, 0x4a4a, 0x52ab, 0x0863, 0x0001, 0x18e5,
    0x2105, 0x6ac9, 0xb44c, 0xaba9, 0xabc9, 0xabc9, 0xaba9, 0xabc9, 0xabea, 0xb40b, 0xac0b, 0xa40b, 0x938b, 0x730a, 0x3986, 0x18c4,
    0x2947, 0x0003, 0x18c6, 0x0001, 0x30a1, 0xd48d, 0x4143, 0x436c, 0x5c0f, 0x0000, 0x18c4, 0x10e3, 0x10c3, 0x0883, 0x0001, 0x0001,
    0x0001, 0x0842, 0x31a7, 0x4229, 0x632d, 0x52cc, 0x3187, 0x9cf4, 0x8c93, 0x2967, 0x0842, 0x2926, 0x18c4, 0x10a3, 0x18e4, 0x1063,
    0x2105, 0x39e9, 0x31a7, 0x62ec, 0x6b4d, 0x0821, 0x8c72, 0xbdf7, 0x9492, 0x9cd3, 0x8c71, 0x8c31, 0x0000, 0x3186, 0xb596, 0xa514,
    0x73ae, 0x2125, 0x4a4a, 0x2967, 0x1124, 0x3b6b, 0x2b49, 0x2b48, 0x2327, 0x2307, 0x2307, 0x2ae7, 0x22e7, 0x22c8, 0x22c7, 0x22c7,
    0x22a7, 0x22a7, 0x22a7, 0x2287, 0x2267, 0x2267, 0x2247, 0x0022, 0x2942, 0x956e, 0x6db4, 0x24d6, 0x2517, 0x2cf6, 0x2cf7, 0x2cd5,
    0x2cf5, 0x230e, 0x2aad, 0x3517, 0x23f3, 0x2c35, 0x2cf9, 0x24d8, 0x24d8, 0x2cb8, 0x2cb8, 0x2cb8, 0x2c98, 0x2c57, 0x3437, 0x222f,
    0x216c, 0x4290, 0x18ea, 0x214a, 0x81ea, 0xdb2b, 0x5964, 0x0022, 0x1986, 0x1165, 0x1165, 0x1165, 0x1165, 0x1145, 0x1145, 0x1144,
    0x1144, 0x1145, 0x1124, 0x1124, 0x0924, 0x0924, 0x0904, 0x1105, 0x08e4, 0x0924, 0x1985, 0x0904, 0x08e4, 0x08e4, 0x08e4, 0x08e3,
    0x1185, 0x21e6, 0x08c3, 0x08c4, 0x08c4, 0x08c3, 0x08e3, 0x2a48, 0x2a06, 0x00e2, 0x00c3, 0x08a4, 0x00a3, 0x1123, 0x3a68, 0x21a5,
    0x0082, 0x00a3, 0x08a3, 0x0083, 0x08e3, 0x21c5, 0x0082, 0x0063, 0x0063, 0x0062, 0x0062, 0x31e7, 0x3207, 0x0082, 0x0042, 0x0022,
    0x0042, 0x0041, 0x1965, 0x10e3, 0x0042, 0x0043, 0x0043, 0x0022, 0x0062, 0x2185, 0x0082, 0x0022, 0x0022, 0x0022, 0x0022, 0x0022,
    0x0022, 0x0042, 0x0020, 0x532a, 0x3206, 0x536a, 0x29a5, 0x0001, 0x0062, 0x0001, 0x3247, 0x4ae9, 0x42c9, 0x4b2a, 0x0020, 0x0883,
    0x0042, 0x1125, 0x53ab, 0x536a, 0x0041, 0x0062, 0x0063, 0x0021, 0x3228, 0x4aea, 0x42c8, 0x4aea, 0x0041, 0x08a3, 0x0083, 0x00a3,
    0x00a3, 0x08e2, 0x5bcc, 0x2a46, 0x640d, 0x1144, 0x08c3, 0x08c4, 0x0923, 0x5bcc, 0x2245, 0x5c0d, 0x1985, 0x08c3, 0x00a2, 0x3267,
    0x4329, 0x3ae8, 0x4329, 0x00c1, 0x0904, 0x08c3, 0x2a47, 0x5c4c, 0x2287, 0x08e3, 0x1145, 0x0923, 0x19e5, 0x4bab, 0x22a6, 0x540b,
    0x0964, 0x1165, 0x0964, 0x19e6, 0x53ec, 0x43ca, 0x0984, 0x11a6, 0x19a6, 0x19c6, 0x19a6, 0x19e7, 0x00a3, 0x31a8, 0x52cc, 0x39e8,
    0x2105, 0x18e5, 0x424a, 0x3a29, 0x3a2a, 0x422a, 0x3a2a, 0x3a4a, 0x424a, 0x424a, 0x424a, 0x424a, 0x424a, 0x424a, 0x422a, 0x3a29,
    0x3a09, 0x3a09, 0x3a09, 0x3209, 0x31e8, 0x3a09, 0x3a09, 0x3a29, 0x424a, 0x4aac, 0x5b2d, 0x6b6e, 0x73d0, 0x8451, 0x8c92, 0x9493,
    0x94d3, 0x9cf3, 0x9cf4, 0x94d3, 0x8c92, 0x8431, 0x73cf, 0x634e, 0x52ec, 0x4a8a, 0x31c7, 0x2146, 0x2104, 0x1083, 0x1062, 0x1082,
    0x1882, 0x20e3, 0x3123, 0x3944, 0x49a5, 0x6227, 0x6267, 0x72c9, 0x5207, 0x0800, 0x0000, 0x0862, 0x18a3, 0x20a3, 0x20a2, 0x93ac,
    0xa3cb, 0xabcb, 0xabeb, 0xabea, 0xabca, 0xabca, 0xabea, 0xb3ea, 0xb40a, 0xb40a, 0xb42a, 0xbc4b, 0xbc4b, 0xc46b, 0xc46b, 0xbc8b,
    0xbc8b, 0xbc8b, 0xc48c, 0xbc8c, 0x8b28, 0xbc8c, 0xc46b, 0xbc8c, 0x5206, 0x2966, 0x4a6a, 0x4229, 0x424a, 0x424a, 0x1063, 0x18a4,
    0x5acc, 0x52ab, 0x6b8e, 0x39c7, 0x10a3, 0x3186, 0xb5b6, 0xb596, 0x6b6d, 0x52aa, 0x5aeb, 0x5aeb, 0x4229, 0x4228, 0x738e, 0xc5f8,
    0xd67a, 0x4229, 0x0863, 0x3187, 0x52ab, 0x6b8e, 0x4a6a, 0x39e8, 0x630c, 0x31a8, 0x0001, 0x18c5, 0x2105, 0x6a87, 0xbc4b, 0xabea,
    0xb40a, 0xb42b, 0xb42c, 0xabec, 0x936a, 0x72a7, 0x49c5, 0x2924, 0x1041, 0x0000, 0x0000, 0x0001, 0x0000, 0x0042, 0x0062, 0x1965,
    0x0021, 0x8aa7, 0xb3cb, 0x08a1, 0x6d32, 0x29c7, 0x29a6, 0x3a88, 0x29a6, 0x2145, 0x2966, 0x4229, 0x5aec, 0x738e, 0x73af, 0x6b4e,
    0x4a6a, 0x2966, 0x2146, 0x39e8, 0x3a09, 0x2126, 0x0863, 0x2946, 0x20e5, 0x2125, 0x31a7, 0x18e4, 0x2126, 0x31c8, 0x31a7, 0x5acb,
    0x6b6e, 0x10a3, 0xa514, 0x8410, 0x6b6e, 0x8c72, 0x4208, 0x8410, 0x1082, 0x4a8a, 0xc618, 0xad54, 0x6b4d, 0x2145, 0x424a, 0x2946,
    0x0862, 0x21e6, 0x2247, 0x32e9, 0x3329, 0x2b28, 0x22e7, 0x22e7, 0x22e7, 0x22c8, 0x22c7, 0x22a7, 0x22a7, 0x2287, 0x2287, 0x1a87,
    0x2287, 0x2267, 0x2a48, 0x0001, 0x41c4, 0xdf10, 0x6d2f, 0x2cb5, 0x2517, 0x2cd7, 0x2cd6, 0x2cd6, 0x24b6, 0x2c13, 0x1a0c, 0x3cb6,
    0x2c75, 0x2c15, 0x34f9, 0x2cd8, 0x24d8, 0x2cb8, 0x2cb8, 0x2cb7, 0x2c97, 0x2477, 0x2c57, 0x3bb5, 0x19ad, 0x192a, 0x3a4f, 0x21ac,
    0x5148, 0xcaca, 0x69c6, 0x0001, 0x1985, 0x1165, 0x1165, 0x1165, 0x1165, 0x1145, 0x1144, 0x1144, 0x1144, 0x1124, 0x1124, 0x1124,
    0x0924, 0x0904, 0x1105, 0x1105, 0x0904, 0x2207, 0x2a27, 0x0904, 0x0904, 0x08e4, 0x08e3, 0x1165, 0x4b4b, 0x4329, 0x08c2, 0x10c4,
    0x08c4, 0x00c2, 0x2a87, 0x2a87, 0x4329, 0x2a46, 0x0082, 0x08c4, 0x08a2, 0x432a, 0x2225, 0x4b4a, 0x1143, 0x0082, 0x0883, 0x08e3,
    0x42e9, 0x536b, 0x00a2, 0x0063, 0x0863, 0x0021, 0x3227, 0x3a88, 0x3a88, 0x3268, 0x0001, 0x0063, 0x0022, 0x21a6, 0x5b8c, 0x29e6,
    0x0001, 0x0063, 0x0043, 0x0062, 0x3a68, 0x5b8c, 0x08c2, 0x0022, 0x0022, 0x0022, 0x0022, 0x0022, 0x0022, 0x0022, 0x0882, 0x536a,
    0x00a0, 0x4b49, 0x3227, 0x0000, 0x0042, 0x0001, 0x4b0a, 0x1983, 0x2a26, 0x5bab, 0x0041, 0x0883, 0x0863, 0x0062, 0x11a3, 0x4b49,
    0x0020, 0x0062, 0x0063, 0x0000, 0x42a9, 0x1943, 0x29e5, 0x534b, 0x0020, 0x0883, 0x0883, 0x00a3, 0x0082, 0x19a5, 0x4b6a, 0x0121,
    0x646d, 0x19c5, 0x00a3, 0x08c3, 0x19a5, 0x4b8a, 0x0141, 0x5c2c, 0x21c5, 0x00a2, 0x0082, 0x4309, 0x19e4, 0x2a46, 0x53ab, 0x00c1,
    0x0904, 0x08e4, 0x00e2, 0x32e7, 0x2266, 0x00e3, 0x0924, 0x08e3, 0x2a46, 0x3308, 0x11c2, 0x544c, 0x11a5, 0x0945, 0x1185, 0x1185,
    0x2266, 0x43ca, 0x0984, 0x19a6, 0x19a6, 0x19a6, 0x19a6, 0x19e6, 0x00a2, 0x31a7, 0x52ab, 0x39a8, 0x2105, 0x18e5, 0x424a, 0x3a29,
    0x422a, 0x424a, 0x424a, 0x424a, 0x424a, 0x4249, 0x424a, 0x424a, 0x424a, 0x422a, 0x422a, 0x424a, 0x424a, 0x422a, 0x424a, 0x424a,
    0x424a, 0x424a, 0x4249, 0x4229, 0x4229, 0x3a29, 0x3a29, 0x3a09, 0x39e8, 0x3a08, 0x3a09, 0x3a09, 0x422a, 0x426a, 0x4a8b, 0x52cc,
    0x632d, 0x6b8f, 0x73d0, 0x7c31, 0x8c72, 0x8c92, 0x8c92, 0x8cb3, 0x8c93, 0x8c72, 0x8431, 0x73d0, 0x6b6e, 0x5b0c, 0x4a6a, 0x3a09,
    0x31a7, 0x2125, 0x18e3, 0x10a3, 0x0841, 0x0021, 0x0862, 0x0883, 0x0863, 0x1062, 0x0821, 0x1882, 0x3103, 0x49a5, 0x5a06, 0x6a68,
    0x7ae9, 0x832a, 0x8b6a, 0x9b8a, 0x9bab, 0xa3cb, 0xa3ea, 0xa3ea, 0xa3ca, 0xabca, 0xabca, 0xabe9, 0xb40a, 0xb40a, 0xbc2b, 0xb44b,
    0x8b28, 0xbc6c, 0xbc6b, 0xbc8c, 0x3964, 0x4209, 0x528b, 0x4a4a, 0x31c8, 0x10a3, 0x0842, 0x2926, 0x632d, 0x8c51, 0x31c7, 0x10a3,
    0x4208, 0xce7a, 0x8411, 0x2966, 0x632d, 0xbdd7, 0xbdd6, 0xbdf7, 0x5aec, 0x4a4a, 0x5aec, 0x39c8, 0x8431, 0xdedb, 0x4229, 0x0842,
    0x39c7, 0x8c51, 0x8410, 0x4229, 0x4a6a, 0x424a, 0x0023, 0x0843, 0x1062, 0x93ac, 0xb46d, 0xa3ec, 0x936a, 0x72a8, 0x51e6, 0x28e3,
    0x1042, 0x0002, 0x0001, 0x18e5, 0x18c4, 0x0021, 0x0882, 0x1144, 0x21e6, 0x2a88, 0x3b6b, 0x4c4e, 0x2a68, 0x30c2, 0xdcae, 0x30c1,
    0x32ca, 0x64d1, 0x0040, 0x4a6a, 0x6b6e, 0x83f0, 0x7bd0, 0x630d, 0x3a09, 0x2125, 0x1905, 0x2126, 0x3187, 0x422a, 0x422a, 0x39e9,
    0x18e5, 0x0863, 0x18c4, 0x2926, 0x2126, 0x2926, 0x3187, 0x18c4, 0x2126, 0x31c8, 0x31a7, 0x4a4a, 0x6b4d, 0x3186, 0xad76, 0x4208,
    0x39c7, 0x73af, 0x4a69, 0x7bcf, 0x632c, 0x6b4d, 0xce59, 0x9cf3, 0x52cb, 0x2966, 0x4209, 0x2105, 0x20a4, 0x3906, 0x20a4, 0x0882,
    0x1124, 0x2a68, 0x3309, 0x2ae7, 0x22c7, 0x22c7, 0x22a7, 0x22a7, 0x22a7, 0x2287, 0x2287, 0x2287, 0x2287, 0x2267, 0x2a68, 0x0001,
    0x41e4, 0xdecd, 0x754e, 0x2cb5, 0x2cf7, 0x2cd7, 0x24d6, 0x24f6, 0x2cd7, 0x2cd6, 0x23f3, 0x1b31, 0x2372, 0x23b3, 0x2cf9, 0x24b8,
    0x2cb8, 0x24b8, 0x24b8, 0x2c98, 0x2497, 0x2498, 0x2477, 0x2c37, 0x33d5, 0x222f, 0x08eb, 0x198d, 0x622e, 0xdc10, 0x8a89, 0x0000,
    0x1965, 0x1165, 0x1165, 0x1165, 0x1165, 0x1145, 0x1145, 0x1144, 0x1144, 0x1124, 0x1124, 0x0924, 0x0924, 0x0905, 0x1105, 0x08e4,
    0x0904, 0x0924, 0x21e6, 0x0904, 0x08e4, 0x08e4, 0x0904, 0x08e3, 0x1184, 0x4308, 0x08c2, 0x08c5, 0x10c5, 0x00e2, 0x3b29, 0x0962,
    0x32e7, 0x3ac8, 0x0081, 0x0083, 0x1124, 0x3b09, 0x00a0, 0x4b8b, 0x2206, 0x0062, 0x0083, 0x00a2, 0x1123, 0x4b09, 0x00a2, 0x0043,
    0x0062, 0x0000, 0x3aa8, 0x1943, 0x29e5, 0x42e9, 0x0021, 0x0042, 0x0043, 0x0041, 0x29e5, 0x2a06, 0x0001, 0x0043, 0x0042, 0x0062,
    0x0081, 0x3aa8, 0x08e2, 0x0022, 0x0022, 0x0022, 0x0022, 0x0022, 0x0022, 0x0022, 0x0882, 0x4b69, 0x2a06, 0x3b08, 0x2a26, 0x0000,
    0x0042, 0x0001, 0x42c8, 0x3aa7, 0x3aa8, 0x4b4a, 0x0041, 0x0063, 0x0063, 0x0022, 0x19a4, 0x4b89, 0x0020, 0x0062, 0x0063, 0x0000,
    0x3a87, 0x3267, 0x3247, 0x42c9, 0x0040, 0x0883, 0x0883, 0x00a3, 0x0062, 0x19c5, 0x4389, 0x2a46, 0x53eb, 0x21c6, 0x0883, 0x00a3,
    0x11a4, 0x438a, 0x2a86, 0x53ea, 0x29e5, 0x00a2, 0x0082, 0x3ac8, 0x32a6, 0x3267, 0x4b6a, 0x00c2, 0x0904, 0x1105, 0x00a2, 0x3ae8,
    0x2a47, 0x00e3, 0x1124, 0x08a4, 0x2225, 0x4369, 0x2a66, 0x4bca, 0x11e5, 0x0945, 0x1185, 0x0965, 0x2267, 0x43eb, 0x0984, 0x19a6,
    0x11a5, 0x11a5, 0x11a5, 0x19c6, 0x08c2, 0x2105, 0x528b, 0x39c9, 0x2126, 0x18c5, 0x3a0a, 0x3a09, 0x422a, 0x422a, 0x422a, 0x424a,
    0x424a, 0x424a, 0x424a, 0x424a, 0x424a, 0x424a, 0x424a, 0x424a, 0x424a, 0x422a, 0x424a, 0x424a, 0x424a, 0x4229, 0x4229, 0x422a,
    0x424a, 0x424a, 0x424a, 0x424a, 0x424a, 0x424a, 0x424a, 0x424a, 0x424a, 0x422a, 0x3a29, 0x3a09, 0x3a09, 0x31e8, 0x31e8, 0x3a08,
    0x4229, 0x4249, 0x4a6a, 0x4a8b, 0x52cb, 0x632d, 0x6b6e, 0x73cf, 0x8431, 0x8c72, 0x8c93, 0x94d3, 0x94b3, 0x8c93, 0x8c92, 0x8452,
    0x7c11, 0x7bd0, 0x6b6e, 0x630c, 0x5acc, 0x4a6a, 0x39e8, 0x31a7, 0x2946, 0x18c3, 0x0862, 0x0841, 0x0820, 0x0800, 0x1040, 0x1881,
    0x20c2, 0x3103, 0x3943, 0x51e5, 0x5a47, 0x6a87, 0x7ae8, 0x8b29, 0x938a, 0x9b8a, 0x936a, 0x8b6a, 0x6a67, 0x834b, 0x936a, 0x6a67,
    0x1062, 0x39e9, 0x3188, 0x10a4, 0x0001, 0x1063, 0x20e5, 0x528a, 0x6b4d, 0x4a6a, 0x1904, 0x2966, 0xce79, 0x6b2d, 0x0000, 0x39c8,
    0x83f0, 0xb5b6, 0xb595, 0xbdd6, 0x39e7, 0x0000, 0x4a4a, 0x6b4e, 0x39c7, 0x8410, 0xce7a, 0x2104, 0x2105, 0x52ab, 0x8c72, 0x5b0b,
    0x5aec, 0x632d, 0x18c5, 0x0002, 0x0822, 0x2904, 0x3144, 0x1881, 0x0821, 0x0001, 0x0001, 0x0002, 0x0002, 0x0042, 0x0022, 0x2126,
    0x2146, 0x1944, 0x432a, 0x3b6a, 0x3b8b, 0x334a, 0x2aa8, 0x2226, 0x1985, 0x0820, 0xc40c, 0x69e5, 0x00a3, 0x7d93, 0x21a5, 0x528b,
    0x4229, 0x2966, 0x1925, 0x2125, 0x31a8, 0x39e9, 0x39e9, 0x31a9, 0x2926, 0x18e5, 0x1084, 0x0843, 0x0022, 0x2926, 0x18a4, 0x2126,
    0x2105, 0x18c4, 0x2926, 0x18a4, 0x2126, 0x31c8, 0x39e9, 0x39a7, 0x7bcf, 0x5acb, 0xc618, 0x6b4d, 0x7bcf, 0xd6ba, 0x94b2, 0xad75,
    0xc617, 0x9cb2, 0xce59, 0x9cd3, 0x3a08, 0x39e8, 0x4209, 0x1083, 0x4988, 0x8aef, 0x92ef, 0x8ace, 0x5989, 0x1863, 0x1144, 0x32e8,
    0x22e8, 0x22c7, 0x22a7, 0x22a7, 0x22a7, 0x2287, 0x2287, 0x2287, 0x2286, 0x2267, 0x2a48, 0x0021, 0x41c4, 0xe6ad, 0x756e, 0x24b5,
    0x2cf7, 0x24d7, 0x2cd7, 0x2434, 0x2393, 0x3497, 0x359a, 0x3539, 0x2c15, 0x2c36, 0x2cd9, 0x24b8, 0x2c98, 0x24b8, 0x2497, 0x2c77,
    0x2c98, 0x2c77, 0x2477, 0x2c57, 0x3437, 0x33b6, 0x3292, 0x21ce, 0x310a, 0x79c7, 0x5944, 0x0801, 0x1145, 0x1185, 0x0965, 0x1165,
    0x1165, 0x1164, 0x1145, 0x1125, 0x1124, 0x1124, 0x1124, 0x1124, 0x0925, 0x0905, 0x0905, 0x08e4, 0x0904, 0x0904, 0x21c7, 0x0904,
    0x08e4, 0x08e4, 0x08e4, 0x08c4, 0x1185, 0x4309, 0x08c2, 0x08e5, 0x08c4, 0x08c2, 0x3b08, 0x3287, 0x32c7, 0x32a7, 0x0062, 0x0062,
    0x1123, 0x3ae8, 0x2185, 0x4349, 0x2a46, 0x0043, 0x0083, 0x0063, 0x08e3, 0x4b2a, 0x00c2, 0x0063, 0x0062, 0x0000, 0x3287, 0x2a27,
    0x29e5, 0x3ac8, 0x0042, 0x0041, 0x0043, 0x0001, 0x3206, 0x3227, 0x0021, 0x0043, 0x0042, 0x0043, 0x0041, 0x42c9, 0x08e2, 0x0022,
    0x0022, 0x0022, 0x0022, 0x0022, 0x0022, 0x0022, 0x0041, 0x53cb, 0x21e5, 0x2a05, 0x3267, 0x0000, 0x0022, 0x0001, 0x3aa8, 0x4328,
    0x1983, 0x534a, 0x0041, 0x0063, 0x0063, 0x0022, 0x1183, 0x4b89, 0x0020, 0x0062, 0x0863, 0x0020, 0x3a87, 0x42e8, 0x1143, 0x4ae9,
    0x0020, 0x0863, 0x0883, 0x00a3, 0x0083, 0x1184, 0x5c2c, 0x19a3, 0x4349, 0x21e6, 0x0083, 0x00c4, 0x1163, 0x5c2c, 0x19e3, 0x3b28,
    0x2a06, 0x00a2, 0x0082, 0x3b08, 0x4368, 0x1162, 0x4b8a, 0x00c2, 0x0904, 0x0905, 0x00a2, 0x32c8, 0x2226, 0x00c2, 0x1124, 0x08a3,
    0x2205, 0x540b, 0x0982, 0x43a9, 0x19e5, 0x0945, 0x1185, 0x0964, 0x1a45, 0x43ca, 0x0983, 0x11a5, 0x1185, 0x11a5, 0x11a5, 0x11a5,
    0x1945, 0x0021, 0x1082, 0x20e5, 0x18c4, 0x0001, 0x0863, 0x1084, 0x10c4, 0x18e5, 0x2947, 0x3188, 0x31a8, 0x39e9, 0x39e9, 0x3a09,
    0x3a09, 0x422a, 0x422a, 0x422a, 0x422a, 0x422a, 0x422a, 0x422a, 0x424a, 0x424a, 0x422a, 0x424a, 0x424a, 0x424a, 0x424a, 0x424a,
    0x424a, 0x424a, 0x424a, 0x424a, 0x424a, 0x424a, 0x424a, 0x424a, 0x424a, 0x424a, 0x424a, 0x424a, 0x4229, 0x4229, 0x4229, 0x4229,
    0x3a09, 0x3a09, 0x3a08, 0x39e8, 0x39e8, 0x3a08, 0x4229, 0x426a, 0x4a8a, 0x52ab, 0x5aec, 0x632d, 0x6b8e, 0x73af, 0x8411, 0x8c93,
    0x94b3, 0x9cd4, 0x9cf4, 0x9cd4, 0x94b3, 0x8c72, 0x8431, 0x73cf, 0x634d, 0x5acb, 0x424a, 0x39e8, 0x2967, 0x1905, 0x18c4, 0x10a3,
    0x0862, 0x0821, 0x1062, 0x1062, 0x0800, 0x1041, 0x20c3, 0x2924, 0x2925, 0x2945, 0x3165, 0x2945, 0x2987, 0x2126, 0x0001, 0x1084,
    0x2926, 0x3187, 0x2126, 0x6b4d, 0x8410, 0x2125, 0x1083, 0xb5b7, 0x6b4d, 0x0000, 0x0002, 0x3187, 0x8410, 0xbdd7, 0xb5b5, 0xc617,
    0x4a49, 0x0000, 0x0022, 0x4a4a, 0x6b6e, 0x39e8, 0x9cf4, 0x9cb3, 0x0842, 0x2966, 0x6b6e, 0x7bef, 0x4a49, 0x528a, 0x3187, 0x0002,
    0x0823, 0x0802, 0x18a4, 0x2947, 0x0843, 0x0863, 0x08c4, 0x1145, 0x19e6, 0x3aea, 0x1945, 0x0863, 0x39e8, 0x08e2, 0x2a67, 0x19a5,
    0x0902, 0x10e2, 0x2965, 0x4228, 0x6b4d, 0x1862, 0xa36a, 0x7aa8, 0x0000, 0x646f, 0x4b8c, 0x0883, 0x39e9, 0x3a0a, 0x424a, 0x422a,
    0x3187, 0x18e4, 0x0882, 0x08c3, 0x1965, 0x10e4, 0x0002, 0x2927, 0x18c5, 0x2126, 0x18a4, 0x20e5, 0x20e5, 0x2105, 0x39e9, 0x2947,
    0x2126, 0x31c8, 0x422a, 0x2966, 0x83f0, 0x73ae, 0xc618, 0xce59, 0x9492, 0x4a49, 0xc618, 0xdefb, 0xdeda, 0xbdd6, 0xb5b6, 0x9492,
    0x3186, 0x4a4a, 0x39e9, 0x0841, 0x10c3, 0x10a3, 0x20a4, 0x5147, 0x92ae, 0xa2f0, 0x38e6, 0x08e3, 0x32a9, 0x22a7, 0x22a7, 0x22a7,
    0x22a7, 0x2287, 0x2267, 0x2267, 0x2267, 0x2267, 0x2a68, 0x0041, 0x3983, 0xe6ad, 0x7d8e, 0x24b5, 0x2cf7, 0x24f8, 0x2d18, 0x2c97,
    0x1a90, 0x19ad, 0x1a4f, 0x33f5, 0x3d19, 0x351a, 0x2cb8, 0x24b8, 0x24b8, 0x24b8, 0x2c78, 0x2c77, 0x2c98, 0x2c77, 0x2477, 0x2c77,
    0x2c57, 0x3417, 0x2af3, 0x32d3, 0x5a70, 0xbbae, 0x9ae9, 0x0000, 0x1104, 0x1165, 0x1165, 0x1145, 0x1145, 0x1144, 0x1145, 0x1125,
    0x1124, 0x1124, 0x1124, 0x1124, 0x1104, 0x1105, 0x0904, 0x08e4, 0x0904, 0x0903, 0x21e6, 0x0903, 0x08e4, 0x08e4, 0x08e4, 0x00c3,
    0x1164, 0x3ae8, 0x00a1, 0x08c4, 0x08c4, 0x00a2, 0x4329, 0x3b08, 0x11c2, 0x3ac9, 0x0062, 0x0062, 0x08e2, 0x4b8a, 0x1963, 0x2a86,
    0x2a46, 0x0042, 0x08a3, 0x0083, 0x00e2, 0x4329, 0x00a1, 0x0063, 0x0063, 0x0001, 0x32a7, 0x32a8, 0x10e1, 0x3ac8, 0x0041, 0x0022,
    0x0043, 0x0000, 0x2a05, 0x2a06, 0x0001, 0x0043, 0x0022, 0x0043, 0x0021, 0x3aa8, 0x08c2, 0x0022, 0x0022, 0x0022, 0x0022, 0x0022,
    0x0022, 0x0022, 0x0021, 0x5bab, 0x21c4, 0x42c8, 0x2a06, 0x0001, 0x0023, 0x0001, 0x3a87, 0x4329, 0x29e5, 0x532a, 0x0021, 0x0063,
    0x0063, 0x0062, 0x2a26, 0x53eb, 0x10e3, 0x0062, 0x0883, 0x0020, 0x3a67, 0x4309, 0x21c5, 0x4aea, 0x0021, 0x0863, 0x0883, 0x00a3,
    0x0083, 0x0903, 0x642d, 0x19a4, 0x53cb, 0x1985, 0x00a4, 0x08c4, 0x0923, 0x642d, 0x19a3, 0x4b8a, 0x19a5, 0x00a3, 0x0082, 0x3b08,
    0x43a9, 0x2265, 0x4b8b, 0x00c2, 0x1104, 0x08e4, 0x0923, 0x4349, 0x32c8, 0x0103, 0x0904, 0x08c4, 0x19c5, 0x53cb, 0x11a3, 0x4beb,
    0x1185, 0x0945, 0x1184, 0x0984, 0x2ac7, 0x4c0b, 0x11c5, 0x1185, 0x1185, 0x1185, 0x1185, 0x1185, 0x19a6, 0x1965, 0x08c3, 0x0882,
    0x0862, 0x08a3, 0x1905, 0x1104, 0x08c4, 0x08a3, 0x0043, 0x0022, 0x0843, 0x0863, 0x0863, 0x1083, 0x10c4, 0x18e5, 0x2126, 0x2967,
    0x31a8, 0x31c8, 0x39e9, 0x420a, 0x424a, 0x4a4a, 0x4a4a, 0x424a, 0x424a, 0x424a, 0x424a, 0x424a, 0x424a, 0x424a, 0x424a, 0x422a,
    0x4249, 0x422a, 0x422a, 0x422a, 0x422a, 0x422a, 0x422a, 0x424a, 0x424a, 0x424a, 0x424a, 0x424a, 0x424a, 0x424a, 0x4249, 0x4249,
    0x4249, 0x4249, 0x4229, 0x4229, 0x3a29, 0x3a09, 0x3a08, 0x3a08, 0x3a08, 0x39e8, 0x39e8, 0x3a09, 0x4229, 0x4a8a, 0x52ab, 0x5aec,
    0x632d, 0x6b8e, 0x73d0, 0x7c11, 0x8452, 0x8c73, 0x8c93, 0x9493, 0x94b3, 0x8c93, 0x8c92, 0x8451, 0x7bf0, 0x73cf, 0x634d, 0x1904,
    0x4249, 0x6b8e, 0x8431, 0x8431, 0x8451, 0x7c51, 0x8431, 0x7bf1, 0x6b8e, 0x528b, 0x0843, 0x2126, 0x31a8, 0x2946, 0x31a7, 0x73af,
    0x632d, 0x0021, 0x8431, 0x9cd3, 0x0000, 0x0842, 0x0002, 0x31a7, 0x8c51, 0xbdd7, 0xb595, 0xc617, 0x4209, 0x0002, 0x0003, 0x0863,
    0x632d, 0x632d, 0x4a6a, 0xc639, 0x4229, 0x10a3, 0x632d, 0x94b3, 0x7bcf, 0x5aec, 0x4a4a, 0x0001, 0x1084, 0x2947, 0x2947, 0x39e9,
    0x39e9, 0x0882, 0x430b, 0x4bac, 0x43eb, 0x43ec, 0x32ca, 0x0042, 0x2946, 0x2125, 0x3a08, 0x5aec, 0x630c, 0x734d, 0x7bcf, 0x632c,
    0x4a49, 0x0820, 0x92e9, 0x82c9, 0x0841, 0x42ca, 0x64d0, 0x10c4, 0x31a8, 0x18e5, 0x1083, 0x08a3, 0x1124, 0x2206, 0x32e9, 0x3b6a,
    0x4c0b, 0x32c8, 0x0042, 0x2947, 0x20e5, 0x2105, 0x18c5, 0x18c5, 0x2926, 0x18a4, 0x2926, 0x18c4, 0x2105, 0x39c8, 0x4a4a, 0x2966,
    0x73ae, 0x9cb2, 0xbdf7, 0xc638, 0x39c7, 0x0000, 0x6b6d, 0xd69a, 0xdeda, 0xdeda, 0xb595, 0x736e, 0x3187, 0x4a8b, 0x2987, 0x0861,
    0x3ac9, 0x32c9, 0x2a27, 0x1164, 0x1062, 0x6189, 0xab51, 0x3906, 0x1965, 0x2ac8, 0x22a7, 0x22a7, 0x2287, 0x2287, 0x2267, 0x2267,
    0x2267, 0x2267, 0x2a68, 0x0082, 0x3163, 0xe68d, 0x858e, 0x2cb4, 0x2d18, 0x2d18, 0x2d18, 0x3519, 0x3c57, 0x32f3, 0x298d, 0x10a9,
    0x0908, 0x226d, 0x33d4, 0x3477, 0x2c98, 0x2c97, 0x2c78, 0x2c78, 0x2c78, 0x2c57, 0x2c57, 0x2477, 0x2477, 0x3478, 0x2b75, 0x2ab3,
    0x4a4f, 0xbbce, 0xc3eb, 0x1020, 0x08c3, 0x1165, 0x1165, 0x1145, 0x1144, 0x1144, 0x1145, 0x1125, 0x1124, 0x1124, 0x1124, 0x1124,
    0x1104, 0x1105, 0x10e4, 0x08e4, 0x0904, 0x1144, 0x2206, 0x0944, 0x08e4, 0x08e4, 0x08e4, 0x08e3, 0x21e5, 0x4329, 0x0923, 0x08c3,
    0x10c4, 0x0082, 0x3ae8, 0x32e6, 0x2a86, 0x32a9, 0x0062, 0x0883, 0x0081, 0x4b6a, 0x1963, 0x3b08, 0x1985, 0x0042, 0x0883, 0x00a3,
    0x1184, 0x4b8b, 0x0943, 0x0082, 0x0063, 0x0001, 0x3287, 0x3267, 0x2183, 0x3aa8, 0x0021, 0x0042, 0x0042, 0x0061, 0x3287, 0x3aa8,
    0x0062, 0x0022, 0x0042, 0x0042, 0x08c2, 0x4b09, 0x1964, 0x0042, 0x0022, 0x0022, 0x0022, 0x0022, 0x0022, 0x0042, 0x0001, 0x2164,
    0x534b, 0x4aea, 0x08a1, 0x0042, 0x0843, 0x0022, 0x08c2, 0x42e9, 0x532b, 0x1924, 0x0021, 0x0063, 0x0041, 0x1124, 0x530a, 0x4b4a,
    0x3a48, 0x0042, 0x0883, 0x0042, 0x08e3, 0x4aea, 0x532a, 0x1944, 0x0042, 0x0863, 0x0883, 0x0883, 0x08a3, 0x0082, 0x3247, 0x5b6b,
    0x3288, 0x00c2, 0x08c4, 0x08c4, 0x00a2, 0x2206, 0x534b, 0x3aa8, 0x08e3, 0x08e4, 0x00c3, 0x1184, 0x4b6a, 0x538b, 0x19c5, 0x08e3,
    0x1124, 0x08c3, 0x3247, 0x4b4a, 0x4b4a, 0x21c6, 0x08c3, 0x0904, 0x0903, 0x32a8, 0x4b6b, 0x2246, 0x0923, 0x1145, 0x0964, 0x19e6,
    0x434a, 0x438a, 0x32c9, 0x1185, 0x1185, 0x1185, 0x11a5, 0x11a6, 0x11a6, 0x19c6, 0x19e6, 0x21c6, 0x21c6, 0x21e7, 0x2207, 0x2207,
    0x2227, 0x2a48, 0x1965, 0x0842, 0x3167, 0x10a4, 0x10a4, 0x0822, 0x0843, 0x0002, 0x0002, 0x0022, 0x0022, 0x0843, 0x1084, 0x18c5,
    0x10c4, 0x20e5, 0x2126, 0x2967, 0x31a8, 0x31c8, 0x3a09, 0x3a09, 0x3a2a, 0x422a, 0x422a, 0x422a, 0x424a, 0x424a, 0x424a, 0x424a,
    0x424a, 0x424a, 0x424a, 0x424a, 0x424a, 0x424a, 0x424a, 0x424a, 0x424a, 0x424a, 0x424a, 0x4229, 0x4229, 0x4229, 0x4229, 0x4229,
    0x4249, 0x4249, 0x4229, 0x424a, 0x424a, 0x424a, 0x424a, 0x424a, 0x424a, 0x3a29, 0x3a29, 0x3a09, 0x3a08, 0x39e8, 0x39e8, 0x39e8,
    0x3a08, 0x4229, 0x424a, 0x4a8a, 0x52cc, 0x5b2d, 0x636e, 0x6baf, 0x73f0, 0x8451, 0x52cb, 0x39e8, 0x73d0, 0x6b8f, 0x6b8e, 0x6b6f,
    0x634e, 0x52cc, 0x424a, 0x39c9, 0x3166, 0x39a8, 0x1083, 0x2105, 0x3188, 0x3187, 0x2966, 0x2967, 0x2125, 0x2966, 0xc618, 0x18e4,
    0x0001, 0x0843, 0x0002, 0x39c8, 0x9472, 0xc618, 0xc618, 0xc618, 0x39c8, 0x0002, 0x0845, 0x0002, 0x2967, 0x6b4e, 0x4a49, 0x9492,
    0x9cf4, 0x0841, 0x52ab, 0x634d, 0x31a8, 0x39e9, 0x4a6a, 0x0001, 0x2105, 0x2967, 0x2967, 0x2126, 0x4229, 0x2125, 0x08a2, 0x1124,
    0x0923, 0x0903, 0x08c3, 0x0022, 0x0843, 0x2126, 0x4229, 0x6b6e, 0x632d, 0x39c7, 0x20e4, 0x18c4, 0x2987, 0x0862, 0x8287, 0x7aa8,
    0x0841, 0x21a6, 0x7552, 0x08a2, 0x08c2, 0x19c5, 0x2a88, 0x3329, 0x3bab, 0x3c0b, 0x3c0a, 0x33e9, 0x33c9, 0x3b49, 0x0061, 0x1084,
    0x1083, 0x18e5, 0x2106, 0x18c4, 0x2946, 0x1063, 0x2926, 0x18e5, 0x18c5, 0x31a8, 0x4a4a, 0x39a8, 0x528b, 0xb5b6, 0xbdd6, 0xbdd6,
    0x18e4, 0x0000, 0x4208, 0xa534, 0xe71b, 0xbdf7, 0xb576, 0x4a49, 0x422a, 0x4a6b, 0x1925, 0x1143, 0x3329, 0x22e8, 0x2b08, 0x3309,
    0x3288, 0x0061, 0x69a9, 0x9acf, 0x18e4, 0x2a87, 0x22a7, 0x22a7, 0x2287, 0x2267, 0x2267, 0x2267, 0x2267, 0x1a47, 0x2a67, 0x08a3,
    0x20e2, 0xde4c, 0x95ce, 0x2cd4, 0x2d38, 0x2d18, 0x2518, 0x2d19, 0x34d9, 0x2b76, 0x4315, 0x3a71, 0x1908, 0x0003, 0x0065, 0x2a8e,
    0x3c15, 0x3477, 0x2c77, 0x2477, 0x2c77, 0x2c57, 0x2c77, 0x2c98, 0x2477, 0x2c78, 0x33b6, 0x2ab3, 0x4250, 0x9b2c, 0xdc4c, 0x2881,
    0x0062, 0x1945, 0x1165, 0x1145, 0x1144, 0x1144, 0x1144, 0x1124, 0x1124, 0x1124, 0x1124, 0x0924, 0x1104, 0x1104, 0x08e4, 0x08e4,
    0x1124, 0x21c6, 0x21e6, 0x19a6, 0x0904, 0x08e5, 0x08e4, 0x1145, 0x3a89, 0x3ac9, 0x3268, 0x08c3, 0x08c3, 0x0081, 0x2a47, 0x4b6a,
    0x3ac9, 0x0904, 0x00a3, 0x08a3, 0x0062, 0x1984, 0x4aea, 0x3247, 0x0081, 0x0063, 0x0063, 0x08c3, 0x3a89, 0x42e9, 0x3247, 0x0082,
    0x0062, 0x0042, 0x08e3, 0x4289, 0x42a9, 0x1103, 0x0022, 0x0042, 0x0001, 0x2186, 0x42a8, 0x42c9, 0x1925, 0x0001, 0x0042, 0x0041,
    0x3207, 0x42c9, 0x3a68, 0x08a2, 0x0022, 0x0022, 0x0022, 0x0022, 0x0022, 0x0022, 0x0023, 0x0021, 0x0021, 0x0001, 0x0041, 0x0042,
    0x0023, 0x0042, 0x0021, 0x0020, 0x0021, 0x0021, 0x0042, 0x0042, 0x0042, 0x0061, 0x0021, 0x0041, 0x0062, 0x0063, 0x0863, 0x0063,
    0x0063, 0x0062, 0x0061, 0x0062, 0x0063, 0x0863, 0x0083, 0x0083, 0x0883, 0x08a3, 0x0082, 0x0082, 0x0082, 0x00a3, 0x08c4, 0x08a3,
    0x00c3, 0x00a2, 0x08a2, 0x00a2, 0x08c4, 0x08c4, 0x08c4, 0x08e3, 0x08e3, 0x00e3, 0x08e4, 0x0904, 0x0904, 0x0904, 0x0903, 0x00e2,
    0x00c2, 0x08e3, 0x0904, 0x0904, 0x1124, 0x0903, 0x0102, 0x0903, 0x1124, 0x1125, 0x1144, 0x0944, 0x0923, 0x0943, 0x0964, 0x1185,
    0x1185, 0x11a5, 0x11a5, 0x11a5, 0x11a5, 0x11c5, 0x19c6, 0x19c6, 0x19c6, 0x19c6, 0x19e6, 0x19e6, 0x19e6, 0x2207, 0x1965, 0x0842,
    0x3187, 0x18a4, 0x20e5, 0x1083, 0x2105, 0x10a4, 0x2926, 0x18e5, 0x0023, 0x0823, 0x0023, 0x0823, 0x10a4, 0x1084, 0x0863, 0x0842,
    0x0022, 0x0843, 0x0863, 0x10a4, 0x18c5, 0x1905, 0x2126, 0x2967, 0x2987, 0x31a8, 0x39e9, 0x3a09, 0x422a, 0x422a, 0x422a, 0x424a,
    0x424a, 0x424a, 0x424a, 0x424a, 0x424a, 0x424a, 0x422a, 0x422a, 0x424a, 0x422a, 0x422a, 0x422a, 0x424a, 0x424a, 0x3a4a, 0x424a,
    0x424a, 0x424a, 0x424a, 0x424a, 0x424a, 0x424a, 0x424a, 0x424a, 0x424a, 0x424a, 0x424a, 0x424a, 0x424a, 0x424a, 0x4229, 0x3a29,
    0x3a29, 0x3a08, 0x39e8, 0x3a08, 0x39e8, 0x3a09, 0x2125, 0x39c8, 0x424a, 0x39e9, 0x39e9, 0x39e9, 0x39c9, 0x3188, 0x2946, 0x3187,
    0x3188, 0x39c8, 0x1083, 0x2106, 0x39a8, 0x3187, 0x31a7, 0x31a8, 0x1083, 0x9492, 0x83f0, 0x0000, 0x0863, 0x0023, 0x0002, 0x4229,
    0xa514, 0x9cd3, 0x6b4d, 0xbdf8, 0x39c8, 0x0001, 0x0003, 0x0002, 0x2946, 0x8c72, 0x9cf3, 0x5acb, 0xc618, 0x2125, 0x2946, 0x2967,
    0x2967, 0x31a7, 0x4229, 0x0022, 0x18c4, 0x2966, 0x2946, 0x2947, 0x39c9, 0x2126, 0x4209, 0x73d0, 0x6b6e, 0x738e, 0x73f0, 0x94d3,
    0xad76, 0x7c11, 0x2966, 0x2105, 0x3187, 0x39e9, 0x4a4a, 0x4a6b, 0x3a2a, 0x0841, 0x7a88, 0x7288, 0x0041, 0x1104, 0x6d12, 0x1124,
    0x3ae9, 0x444c, 0x340a, 0x33c9, 0x2ba9, 0x2ba9, 0x33a9, 0x33c9, 0x33c8, 0x3b8a, 0x08c3, 0x1083, 0x2126, 0x18a4, 0x2926, 0x18a4,
    0x2946, 0x10a4, 0x2946, 0x2946, 0x10a4, 0x2967, 0x3a09, 0x4a4a, 0x2966, 0xa534, 0xad75, 0xa514, 0x0021, 0x0000, 0x1082, 0x8c51,
    0xd699, 0xb575, 0x9492, 0x2966, 0x528b, 0x4229, 0x10a3, 0x2206, 0x3308, 0x22e7, 0x2ae8, 0x22c7, 0x2ae8, 0x2227, 0x2063, 0xa2af,
    0x4126, 0x1a06, 0x22a8, 0x1aa7, 0x2287, 0x2267, 0x2267, 0x2266, 0x1a47, 0x1a47, 0x2247, 0x08e4, 0x1061, 0xd60c, 0x9e0e, 0x2cd4,
    0x2539, 0x2d38, 0x2d38, 0x2538, 0x3519, 0x2b76, 0x32b4, 0x2a11, 0x320f, 0x39cb, 0x0000, 0x1905, 0x63d2, 0x3c14, 0x2c97, 0x2c77,
    0x2c78, 0x2c78, 0x2c78, 0x2c98, 0x2c77, 0x2c78, 0x33f6, 0x32b3, 0x3251, 0x82cc, 0xe48d, 0x4943, 0x0021, 0x1145, 0x1165, 0x1144,
    0x1144, 0x1144, 0x0924, 0x1124, 0x1124, 0x0924, 0x1124, 0x0904, 0x0904, 0x0904, 0x08e4, 0x08e4, 0x1105, 0x08e4, 0x08e4, 0x08e4,
    0x08e4, 0x08e4, 0x08e4, 0x08c3, 0x08a2, 0x00a2, 0x00c2, 0x08e3, 0x0041, 0x19c6, 0x430a, 0x08e2, 0x0082, 0x08a3, 0x00a3, 0x00a3,
    0x0883, 0x0082, 0x0061, 0x0041, 0x0083, 0x0083, 0x0062, 0x0062, 0x0061, 0x0061, 0x0062, 0x0062, 0x0063, 0x0062, 0x0042, 0x0041,
    0x0041, 0x0041, 0x0063, 0x0042, 0x0042, 0x0022, 0x0020, 0x0020, 0x0022, 0x0042, 0x0021, 0x0022, 0x0021, 0x0020, 0x0021, 0x0022,
    0x0022, 0x0022, 0x0022, 0x0022, 0x0022, 0x0022, 0x0023, 0x0043, 0x0042, 0x0823, 0x0042, 0x0022, 0x0023, 0x0042, 0x0042, 0x0042,
    0x0863, 0x0042, 0x0022, 0x0023, 0x0042, 0x0042, 0x0843, 0x0883, 0x0083, 0x0062, 0x0062, 0x0063, 0x0063, 0x0884, 0x0883, 0x00a3,
    0x0883, 0x0883, 0x0083, 0x0083, 0x0883, 0x0883, 0x08a4, 0x08a3, 0x08a4, 0x08a4, 0x08c3, 0x00a3, 0x08a4, 0x08c4, 0x10c4, 0x08e4,
    0x08c4, 0x08c4, 0x08c4, 0x08c4, 0x1104, 0x08e4, 0x08e5, 0x08e4, 0x0905, 0x1105, 0x0904, 0x0925, 0x1125, 0x1105, 0x1104, 0x1104,
    0x1105, 0x1145, 0x1144, 0x1145, 0x1124, 0x1124, 0x1124, 0x1144, 0x1165, 0x1165, 0x1165, 0x1185, 0x1185, 0x1185, 0x11a5, 0x11a5,
    0x19a5, 0x19c5, 0x19c6, 0x19c6, 0x19e6, 0x19e6, 0x19c6, 0x19e6, 0x19e6, 0x1a07, 0x1965, 0x0862, 0x5aac, 0x2966, 0x2966, 0x1083,
    0x18c4, 0x1063, 0x2105, 0x20e5, 0x0843, 0x0843, 0x0823, 0x0843, 0x39e9, 0x422a, 0x39e9, 0x39c9, 0x18c4, 0x18c5, 0x0002, 0x0002,
    0x0002, 0x0022, 0x0022, 0x0022, 0x0022, 0x0022, 0x0042, 0x0863, 0x10a4, 0x18c5, 0x2106, 0x2146, 0x2987, 0x31a8, 0x31c8, 0x39e9,
    0x3a09, 0x3a09, 0x4229, 0x422a, 0x422a, 0x422a, 0x422a, 0x422a, 0x424a, 0x424a, 0x424a, 0x424a, 0x424a, 0x424a, 0x424a, 0x424a,
    0x424a, 0x424a, 0x424a, 0x424a, 0x424a, 0x424a, 0x424a, 0x424a, 0x424a, 0x424a, 0x424a, 0x424a, 0x424a, 0x424a, 0x424a, 0x424a,
    0x424a, 0x426a, 0x2966, 0x31c8, 0x4a8b, 0x3a2a, 0x424a, 0x3a29, 0x422a, 0x39e9, 0x2987, 0x2987, 0x3187, 0x39a8, 0x1083, 0x2126,
    0x39c9, 0x31a8, 0x39c8, 0x2987, 0x2105, 0xbdf8, 0x2965, 0x0000, 0x0000, 0x0000, 0x18e4, 0x6b6e, 0xb5b7, 0x4a6a, 0x4a49, 0x8410,
    0x73ae, 0x0821, 0x31a8, 0x7bf0, 0xd69a, 0xdefb, 0xdeda, 0x6b6d, 0xb5b7, 0x5acc, 0x2105, 0x39e8, 0x31a7, 0x3187, 0x52ab, 0x18c4,
    0x1084, 0x2967, 0x2946, 0x2926, 0x39a8, 0x2105, 0x3a09, 0x8431, 0x8411, 0x8c72, 0x8472, 0x73f0, 0x632d, 0x52cb, 0x52ab, 0x4a6b,
    0x4209, 0x2966, 0x18e4, 0x0883, 0x08c3, 0x0041, 0x8ac9, 0x6a46, 0x31a7, 0x29a6, 0x64b0, 0x21c6, 0x2a67, 0x33ea, 0x2ba8, 0x33a8,
    0x33a9, 0x2bc9, 0x33a9, 0x2b88, 0x2b88, 0x3baa, 0x19a6, 0x0022, 0x2947, 0x10a4, 0x2105, 0x10a4, 0x2926, 0x1084, 0x18a4, 0x18e5,
    0x1084, 0x2967, 0x31c8, 0x4a6b, 0x2946, 0x738e, 0xc638, 0x5aec, 0x0000, 0x2966, 0x8431, 0xc658, 0xa514, 0xbdd6, 0x39c7, 0x4208,
    0x4a4a, 0x2967, 0x0062, 0x2aa8, 0x2ae8, 0x2ae7, 0x2ac7, 0x22c7, 0x22c8, 0x2ac9, 0x18a3, 0x928e, 0x51a9, 0x19c5, 0x2ac8, 0x1a87,
    0x2267, 0x2267, 0x1a67, 0x1a66, 0x1a46, 0x1a46, 0x2a88, 0x1105, 0x0821, 0xcdec, 0xa62f, 0x2cd4, 0x2539, 0x2d38, 0x2d18, 0x2d18,
    0x3518, 0x2bb5, 0x3a93, 0x29cf, 0x3250, 0x29cb, 0x0002, 0x0000, 0x732c, 0x7472, 0x3455, 0x2c78, 0x2c77, 0x2c77, 0x2c77, 0x2497,
    0x2c77, 0x2c77, 0x3437, 0x32d3, 0x3272, 0x628d, 0xdc8d, 0x6a25, 0x0000, 0x1125, 0x1144, 0x0945, 0x1144, 0x1144, 0x1124, 0x0924,
    0x0924, 0x0924, 0x0924, 0x0904, 0x0904, 0x0904, 0x0904, 0x08e4, 0x08e4, 0x08e4, 0x08e4, 0x08e4, 0x08e4, 0x10e4, 0x08e4, 0x08e4,
    0x08c4, 0x08c4, 0x08e4, 0x0021, 0x1986, 0x4b6c, 0x19a5, 0x0062, 0x08c4, 0x0883, 0x0883, 0x08a3, 0x08a4, 0x0884, 0x0083, 0x0883,
    0x0863, 0x0063, 0x0063, 0x0062, 0x0883, 0x0883, 0x0063, 0x0843, 0x0063, 0x0063, 0x0043, 0x0063, 0x0063, 0x0063, 0x0042, 0x0042,
    0x0043, 0x0023, 0x0043, 0x0042, 0x0023, 0x0022, 0x0022, 0x0042, 0x0042, 0x0042, 0x0042, 0x0022, 0x0022, 0x0022, 0x0022, 0x0022,
    0x0022, 0x0022, 0x0022, 0x0022, 0x0000, 0x0001, 0x0022, 0x0022, 0x0022, 0x0042, 0x0042, 0x0001, 0x0001, 0x0022, 0x0042, 0x0042,
    0x0042, 0x0042, 0x0021, 0x0001, 0x0062, 0x0863, 0x0062, 0x0063, 0x0883, 0x0042, 0x0042, 0x00a3, 0x0883, 0x0883, 0x0083, 0x0083,
    0x0082, 0x0882, 0x0082, 0x0021, 0x0082, 0x08a3, 0x08a3, 0x00a3, 0x08a4, 0x08a4, 0x00a2, 0x00a3, 0x08c4, 0x08c4, 0x08a3, 0x08c4,
    0x00a2, 0x00a2, 0x08e4, 0x08e4, 0x1104, 0x10e4, 0x1105, 0x08e4, 0x0924, 0x1125, 0x1104, 0x1104, 0x0924, 0x0904, 0x08e3, 0x0903,
    0x0944, 0x1124, 0x1124, 0x1144, 0x0103, 0x0103, 0x0964, 0x1165, 0x1185, 0x1185, 0x11a5, 0x1184, 0x11a5, 0x19c6, 0x19c6, 0x19c6,
    0x19e5, 0x11c5, 0x19c6, 0x19c6, 0x19c6, 0x19e6, 0x19a5, 0x0021, 0x2947, 0x2105, 0x3187, 0x2926, 0x39a8, 0x18c4, 0x20e5, 0x18a4,
    0x0843, 0x0043, 0x0844, 0x0043, 0x2106, 0x3188, 0x3187, 0x39c8, 0x18e5, 0x1084, 0x0022, 0x0043, 0x0043, 0x0043, 0x0043, 0x0043,
    0x0823, 0x18e5, 0x2105, 0x18a4, 0x1084, 0x0863, 0x0822, 0x0002, 0x0002, 0x0002, 0x0022, 0x0842, 0x0863, 0x10a4, 0x18e5, 0x2106,
    0x2146, 0x2967, 0x31a8, 0x31c8, 0x39e9, 0x3a09, 0x3a09, 0x4229, 0x424a, 0x422a, 0x424a, 0x422a, 0x424a, 0x424a, 0x424a, 0x424a,
    0x424a, 0x424a, 0x424a, 0x424a, 0x4249, 0x424a, 0x424a, 0x3a49, 0x4249, 0x424a, 0x3a49, 0x3a49, 0x3a49, 0x426a, 0x2966, 0x31a8,
    0x424a, 0x3a09, 0x3a09, 0x4229, 0x422a, 0x39e9, 0x3187, 0x3187, 0x3187, 0x39c8, 0x1083, 0x2126, 0x39c8, 0x31a8, 0x39e9, 0x2105,
    0x632d, 0xa534, 0x6b4c, 0x9cf3, 0x52ab, 0x39c7, 0x630c, 0xb576, 0xb5b6, 0x39c7, 0x528b, 0x5aec, 0xce79, 0xad76, 0xdefb, 0xe71b,
    0xce78, 0xbdd6, 0xc658, 0x8c71, 0x9cd3, 0x8c52, 0x18c4, 0x39e9, 0x31a8, 0x2987, 0x52ab, 0x18c4, 0x1083, 0x3167, 0x2946, 0x2146,
    0x39a8, 0x2126, 0x18c4, 0x39e9, 0x39c8, 0x39e9, 0x39c8, 0x31a8, 0x31a8, 0x2987, 0x2125, 0x10a3, 0x0883, 0x1924, 0x29e6, 0x3ac9,
    0x53cd, 0x10e3, 0x932a, 0x6206, 0x4aaa, 0x29c6, 0x648f, 0x2a27, 0x2226, 0x3c0b, 0x2bc9, 0x33c9, 0x33c9, 0x2ba9, 0x3389, 0x2b88,
    0x2b89, 0x33aa, 0x2a67, 0x0001, 0x10a5, 0x1063, 0x2105, 0x18e4, 0x2105, 0x18c5, 0x18a4, 0x3187, 0x2105, 0x2126, 0x2987, 0x4209,
    0x4a4a, 0x18e4, 0xbdf7, 0x94b2, 0x5aeb, 0x9cd3, 0xb5b6, 0x9cf3, 0xce59, 0x5acb, 0x2945, 0x4a6a, 0x39e9, 0x18c4, 0x10e2, 0x3309,
    0x2307, 0x22e7, 0x22c7, 0x22c7, 0x22c8, 0x2aa8, 0x18a3, 0x9acf, 0x51a8, 0x11a5, 0x2aa8, 0x2267, 0x2267, 0x1a67, 0x2266, 0x1a66,
    0x2246, 0x2a68, 0x1144, 0x0000, 0x1061, 0xcdac, 0xae4f, 0x34f4, 0x2d18, 0x2518, 0x2518, 0x2518, 0x2d18, 0x2bb6, 0x3a93, 0x29ce,
    0x3270, 0x29ab, 0x0001, 0x0000, 0x3123, 0xacf1, 0x4c13, 0x2c78, 0x2c77, 0x3477, 0x2c77, 0x2497, 0x2c77, 0x2c77, 0x3457, 0x2b14,
    0x3272, 0x522d, 0xd44d, 0x9b07, 0x0000, 0x1104, 0x1144, 0x0945, 0x0964, 0x0925, 0x1125, 0x0924, 0x0924, 0x0924, 0x0904, 0x0904,
    0x0904, 0x0904, 0x0904, 0x08e4, 0x0904, 0x08e4, 0x08e4, 0x08e4, 0x08e4, 0x08e4, 0x08e4, 0x08c4, 0x10e5, 0x0883, 0x0021, 0x3a89,
    0x4bcd, 0x21c7, 0x0061, 0x0042, 0x0062, 0x00a3, 0x0883, 0x08a4, 0x00a3, 0x0883, 0x0082, 0x0063, 0x0863, 0x0082, 0x0062, 0x0062,
    0x0041, 0x0022, 0x0062, 0x0043, 0x0042, 0x0063, 0x0062, 0x0022, 0x0022, 0x0042, 0x0042, 0x0843, 0x0043, 0x0022, 0x0001, 0x0001,
    0x0022, 0x0022, 0x0022, 0x0022, 0x0022, 0x0021, 0x0042, 0x0022, 0x0022, 0x0022, 0x0022, 0x0022, 0x0022, 0x0022, 0x0001, 0x0882,
    0x3a48, 0x2185, 0x0021, 0x0022, 0x0022, 0x0042, 0x0020, 0x29c6, 0x3207, 0x0061, 0x0041, 0x0042, 0x0042, 0x0021, 0x29c6, 0x3a68,
    0x08a2, 0x0043, 0x0063, 0x0063, 0x0081, 0x3226, 0x3a88, 0x00c2, 0x0083, 0x0883, 0x0083, 0x0084, 0x0083, 0x0061, 0x10e3, 0x3a89,
    0x1144, 0x0082, 0x08a3, 0x00a3, 0x0883, 0x0082, 0x21e5, 0x0903, 0x08a3, 0x08c4, 0x08c3, 0x00c2, 0x2a27, 0x3a88, 0x0903, 0x0904,
    0x08e4, 0x0904, 0x0903, 0x2206, 0x19c6, 0x0904, 0x1125, 0x1125, 0x0103, 0x19c5, 0x3ac9, 0x1184, 0x0903, 0x1104, 0x1124, 0x0923,
    0x2226, 0x3288, 0x0963, 0x0945, 0x1185, 0x1185, 0x09a4, 0x2aa7, 0x11e5, 0x11a6, 0x11c6, 0x19c5, 0x2226, 0x2a88, 0x1a06, 0x11a5,
    0x19c6, 0x19c6, 0x19c6, 0x0042, 0x3188, 0x2926, 0x31a7, 0x2105, 0x41e9, 0x2946, 0x41e9, 0x39e9, 0x0843, 0x0043, 0x0844, 0x0043,
    0x0022, 0x0022, 0x0022, 0x1083, 0x0843, 0x0022, 0x0023, 0x0823, 0x0823, 0x0043, 0x0043, 0x0043, 0x0023, 0x1084, 0x2947, 0x2987,
    0x2967, 0x2987, 0x2987, 0x2967, 0x2967, 0x2926, 0x18e5, 0x18c5, 0x1084, 0x0863, 0x0843, 0x0842, 0x0022, 0x0022, 0x0022, 0x0022,
    0x0863, 0x1084, 0x18c5, 0x18e5, 0x2126, 0x2947, 0x2988, 0x31a8, 0x31c8, 0x3a09, 0x3a09, 0x3a29, 0x424a, 0x422a, 0x424a, 0x424a,
    0x4249, 0x4249, 0x4249, 0x424a, 0x424a, 0x424a, 0x424a, 0x424a, 0x422a, 0x4a6a, 0x2966, 0x31a7, 0x424a, 0x39e8, 0x3a09, 0x4209,
    0x422a, 0x39e9, 0x3187, 0x3187, 0x3187, 0x39c8, 0x1083, 0x2126, 0x39e9, 0x31a8, 0x39e9, 0x18e4, 0x9cd3, 0x7bef, 0x8c91, 0xbdf7,
    0xce59, 0xce7a, 0xc638, 0xd6ba, 0xc638, 0x738e, 0x4208, 0xa534, 0xce79, 0xb596, 0xa535, 0xc617, 0xbdf6, 0xbdf7, 0xc638, 0x9cf3,
    0x8c51, 0x9cd3, 0x18c4, 0x39e9, 0x31c8, 0x2987, 0x4a6a, 0x2105, 0x1083, 0x2967, 0x2946, 0x2946, 0x31a8, 0x2946, 0x0022, 0x0883,
    0x0883, 0x0883, 0x0883, 0x0883, 0x0882, 0x0883, 0x08a3, 0x1124, 0x19a6, 0x21e7, 0x21e6, 0x1a06, 0x19e6, 0x0040, 0x9b6b, 0x59c5,
    0x2987, 0x1944, 0x64d1, 0x3268, 0x21e5, 0x3b8a, 0x3369, 0x3369, 0x338a, 0x338a, 0x3389, 0x3389, 0x33aa, 0x33aa, 0x434a, 0x08a3,
    0x1084, 0x2126, 0x18a4, 0x2146, 0x18c4, 0x2947, 0x1063, 0x2105, 0x18a4, 0x18c4, 0x2967, 0x31a8, 0x4a6a, 0x4208, 0x2966, 0xc618,
    0xdedb, 0xbdd7, 0xc5f8, 0xce59, 0x630c, 0x2125, 0x4a6a, 0x4209, 0x2967, 0x0041, 0x21e6, 0x2ae8, 0x22e7, 0x22c7, 0x22c7, 0x22c7,
    0x22e8, 0x2247, 0x20c4, 0xa351, 0x3927, 0x19e5, 0x2286, 0x2266, 0x2267, 0x1a66, 0x2266, 0x2a87, 0x2227, 0x0062, 0x20e2, 0x52a9,
    0x0841, 0xc56c, 0xb64f, 0x34f4, 0x2d18, 0x2518, 0x2518, 0x2518, 0x2cf8, 0x2bb6, 0x3293, 0x29ce, 0x3ab1, 0x29ab, 0x0843, 0x18e5,
    0x0000, 0x93ed, 0x8cf3, 0x3436, 0x2c98, 0x2c77, 0x2c77, 0x2c77, 0x2c57, 0x2c77, 0x3457, 0x2b54, 0x3272, 0x422f, 0xbbcd, 0xbbaa,
    0x0000, 0x08c3, 0x1144, 0x1145, 0x0944, 0x1125, 0x1125, 0x1125, 0x1104, 0x1104, 0x1104, 0x1104, 0x0904, 0x0904, 0x10e5, 0x08e4,
    0x08e4, 0x0925, 0x1165, 0x0904, 0x08e4, 0x08c5, 0x10c5, 0x10c5, 0x0022, 0x0881, 0x5c0b, 0x7510, 0x19a6, 0x0022, 0x0083, 0x29c6,
    0x2185, 0x0081, 0x0083, 0x0883, 0x0083, 0x0062, 0x1985, 0x08e3, 0x0063, 0x0082, 0x0063, 0x0061, 0x1923, 0x29e7, 0x00a2, 0x0042,
    0x0042, 0x0063, 0x0082, 0x21a6, 0x21a6, 0x0061, 0x0042, 0x0843, 0x0022, 0x0061, 0x29c7, 0x1944, 0x0021, 0x0022, 0x0022, 0x0021,
    0x0040, 0x1944, 0x0061, 0x0022, 0x0022, 0x0022, 0x0022, 0x0022, 0x0022, 0x0022, 0x0021, 0x530a, 0x3a47, 0x536a, 0x1944, 0x0001,
    0x0042, 0x0000, 0x29a5, 0x4ae9, 0x4ac9, 0x42a8, 0x0020, 0x0863, 0x0001, 0x29e6, 0x4b09, 0x42c9, 0x4b29, 0x0021, 0x0863, 0x0022,
    0x29e6, 0x536a, 0x4b49, 0x42c9, 0x0042, 0x08a3, 0x0083, 0x0083, 0x0083, 0x00a2, 0x534b, 0x3a88, 0x5bab, 0x08e2, 0x0083, 0x00a3,
    0x0083, 0x3227, 0x5c2d, 0x1184, 0x0082, 0x08a4, 0x0082, 0x2a06, 0x4309, 0x4b29, 0x3ac8, 0x00c3, 0x1105, 0x0904, 0x2267, 0x646e,
    0x2a47, 0x00e3, 0x1125, 0x0904, 0x11c5, 0x4b8b, 0x3287, 0x4bab, 0x0923, 0x1104, 0x08e3, 0x3287, 0x3b08, 0x3b08, 0x430a, 0x0924,
    0x1165, 0x11a5, 0x3b29, 0x544c, 0x1a05, 0x11a6, 0x11c6, 0x11e5, 0x32c8, 0x2246, 0x32c8, 0x11a5, 0x19a6, 0x11c6, 0x21e6, 0x0062,
    0x2947, 0x4209, 0x39c8, 0x2126, 0x39c8, 0x31a7, 0x3187, 0x39c8, 0x1084, 0x0023, 0x0043, 0x0023, 0x0843, 0x0043, 0x0022, 0x2106,
    0x10a4, 0x0002, 0x0022, 0x0843, 0x0823, 0x0823, 0x0843, 0x0043, 0x0843, 0x0043, 0x0042, 0x0043, 0x0843, 0x0863, 0x0884, 0x1084,
    0x10a4, 0x18e5, 0x2126, 0x2126, 0x2926, 0x2947, 0x2946, 0x2946, 0x2126, 0x2105, 0x18e5, 0x18c5, 0x1084, 0x1063, 0x0822, 0x0022,
    0x1084, 0x0863, 0x0843, 0x0843, 0x0863, 0x0863, 0x10a4, 0x18e5, 0x1906, 0x2147, 0x2967, 0x31a8, 0x31e9, 0x39e9, 0x3a09, 0x422a,
    0x422a, 0x422a, 0x424a, 0x422a, 0x422a, 0x4a6a, 0x2967, 0x3187, 0x424a, 0x39e9, 0x3a09, 0x4209, 0x4209, 0x39e9, 0x3187, 0x3187,
    0x3187, 0x39c8, 0x1083, 0x2126, 0x39e9, 0x31c8, 0x39c8, 0x2125, 0xb596, 0x738d, 0xad95, 0xad75, 0xb595, 0x8c71, 0x4a69, 0x9cf3,
    0xce79, 0xce58, 0xbdb6, 0xbdd6, 0xad55, 0x39e8, 0x31a7, 0x8c50, 0xc637, 0xbdd6, 0xce79, 0xb5b6, 0x7bcf, 0xa535, 0x2105, 0x39e8,
    0x31c8, 0x2987, 0x4a4a, 0x2946, 0x1063, 0x2967, 0x2946, 0x2946, 0x31a8, 0x2966, 0x0062, 0x1125, 0x0904, 0x1104, 0x1124, 0x1145,
    0x1145, 0x1966, 0x1986, 0x11a6, 0x1185, 0x1165, 0x0964, 0x0944, 0x0103, 0x1040, 0xa36b, 0x4164, 0x0883, 0x10e4, 0x6533, 0x3289,
    0x00c2, 0x11c5, 0x11c4, 0x11c5, 0x11e5, 0x1206, 0x1a26, 0x1a46, 0x1a66, 0x1a66, 0x2a88, 0x1965, 0x0001, 0x20e5, 0x1083, 0x2126,
    0x10a4, 0x2947, 0x10a4, 0x18a4, 0x2126, 0x10a4, 0x2146, 0x2966, 0x4209, 0x52ab, 0x4229, 0x2104, 0x630c, 0x9cd3, 0x7bf0, 0x31a7,
    0x2966, 0x52ab, 0x4a6a, 0x39e8, 0x18c4, 0x0062, 0x2aa8, 0x22a7, 0x22a7, 0x22c7, 0x22c7, 0x22c7, 0x2ae8, 0x21e6, 0x3926, 0xa351,
    0x28e5, 0x2246, 0x1a87, 0x2266, 0x1a67, 0x2288, 0x2a68, 0x1144, 0x0021, 0x5a47, 0xe673, 0x9c4d, 0x0000, 0xb4eb, 0xbe6e, 0x3cf3,
    0x2d18, 0x2518, 0x24f8, 0x24f8, 0x2cf8, 0x2bd6, 0x3273, 0x21ce, 0x42f2, 0x218a, 0x0863, 0x532d, 0x0041, 0x49a5, 0xc592, 0x5453,
    0x2c78, 0x2c97, 0x2c77, 0x2c58, 0x2c57, 0x2c77, 0x2c57, 0x3395, 0x2a92, 0x3210, 0x9b4d, 0xdc4c, 0x2041, 0x0863, 0x1966, 0x1925,
    0x1125, 0x1125, 0x1125, 0x0924, 0x0924, 0x0904, 0x0904, 0x0904, 0x0905, 0x0905, 0x10e4, 0x10e4, 0x0923, 0x2a47, 0x3288, 0x0904,
    0x0903, 0x08e4, 0x0042, 0x0021, 0x31e5, 0x850f, 0x750f, 0x1944, 0x0022, 0x0062, 0x2a47, 0x3a88, 0x3aa8, 0x21a5, 0x0041, 0x0883,
    0x0063, 0x2a07, 0x53cc, 0x1984, 0x0062, 0x00a3, 0x0042, 0x1144, 0x42c8, 0x3267, 0x3aa8, 0x0020, 0x0063, 0x0022, 0x3207, 0x42e9,
    0x3aa8, 0x2a27, 0x0001, 0x0043, 0x0021, 0x3a68, 0x3206, 0x4ae9, 0x1944, 0x0001, 0x0022, 0x0041, 0x3a68, 0x536b, 0x08a1, 0x0002,
    0x0022, 0x0022, 0x0022, 0x0022, 0x0022, 0x0022, 0x0862, 0x5b8b, 0x0060, 0x4308, 0x3227, 0x0000, 0x0041, 0x0000, 0x42a8, 0x1983,
    0x21c4, 0x5b8b, 0x0020, 0x0863, 0x0001, 0x4b29, 0x19a4, 0x21c4, 0x5beb, 0x0040, 0x0062, 0x0001, 0x42e9, 0x21c4, 0x2204, 0x53ab,
    0x0061, 0x0883, 0x0883, 0x0883, 0x0062, 0x1965, 0x4b49, 0x00a0, 0x5beb, 0x1984, 0x0062, 0x08a3, 0x08a3, 0x08e2, 0x3b28, 0x19a4,
    0x0062, 0x08c4, 0x0062, 0x42e8, 0x11a2, 0x2224, 0x53cb, 0x00a3, 0x08e4, 0x0904, 0x0983, 0x3328, 0x2a66, 0x0103, 0x1125, 0x00e4,
    0x2a67, 0x3b28, 0x0141, 0x540b, 0x0943, 0x0904, 0x00e2, 0x434a, 0x11e3, 0x2265, 0x53cb, 0x0123, 0x1164, 0x1185, 0x11e4, 0x43a9,
    0x1a25, 0x1185, 0x11a5, 0x19e5, 0x2a87, 0x0182, 0x32c8, 0x19e5, 0x11a5, 0x19c6, 0x21e7, 0x08e4, 0x0863, 0x2967, 0x3167, 0x3187,
    0x2967, 0x39c8, 0x2946, 0x3187, 0x1084, 0x0023, 0x0023, 0x0023, 0x0023, 0x0043, 0x0023, 0x10a4, 0x2126, 0x0883, 0x08a3, 0x0022,
    0x0863, 0x0043, 0x0043, 0x0043, 0x0043, 0x0043, 0x0023, 0x0023, 0x0023, 0x0003, 0x0002, 0x0002, 0x0002, 0x0002, 0x0823, 0x0022,
    0x0823, 0x0843, 0x0863, 0x1083, 0x2126, 0x2926, 0x2926, 0x2947, 0x2946, 0x2946, 0x20e5, 0x1083, 0x4209, 0x39e8, 0x39c8, 0x2946,
    0x1063, 0x2926, 0x1084, 0x0002, 0x0023, 0x0023, 0x0023, 0x0843, 0x0864, 0x0864, 0x10a4, 0x18c5, 0x18e5, 0x2126, 0x2967, 0x2988,
    0x31a8, 0x39e9, 0x2946, 0x31a7, 0x4a4a, 0x3a09, 0x4209, 0x4209, 0x4209, 0x39c8, 0x3187, 0x3187, 0x39c8, 0x31a8, 0x0842, 0x2946,
    0x39c8, 0x39c8, 0x31a8, 0x31a7, 0xb596, 0x738e, 0xbdd7, 0xb596, 0xb5b6, 0x4208, 0x52aa, 0x4a49, 0xc617, 0xad54, 0xc617, 0xb5b6,
    0x738e, 0x52ab, 0x632d, 0x632c, 0xce78, 0xc618, 0x8c72, 0x6b4d, 0x7bcf, 0xad55, 0x2105, 0x31c8, 0x31c8, 0x31a7, 0x424a, 0x2966,
    0x0863, 0x3167, 0x2946, 0x2946, 0x31a8, 0x2946, 0x08a3, 0x1986, 0x1186, 0x11a5, 0x11a5, 0x1185, 0x1185, 0x1185, 0x1185, 0x1185,
    0x1185, 0x1185, 0x1185, 0x1985, 0x0904, 0x20a2, 0xab8c, 0x3123, 0x08a4, 0x1125, 0x6573, 0x19a6, 0x08c3, 0x1185, 0x1164, 0x1165,
    0x0965, 0x0965, 0x1165, 0x0964, 0x0964, 0x0964, 0x0964, 0x1145, 0x0021, 0x18c4, 0x2106, 0x18c5, 0x2105, 0x18c4, 0x2105, 0x1083,
    0x2946, 0x10a4, 0x18e5, 0x2967, 0x2987, 0x4229, 0x52ab, 0x52ab, 0x31a7, 0x2966, 0x3187, 0x4a4a, 0x5aec, 0x528b, 0x424a, 0x31a7,
    0x0842, 0x1966, 0x2ac9, 0x2aa8, 0x2aa8, 0x2aa8, 0x2ac8, 0x2aa8, 0x2ae9, 0x19a5, 0x49a8, 0x9310, 0x20e5, 0x2288, 0x1a87, 0x2267,
    0x2a68, 0x1185, 0x0081, 0x2923, 0xacad, 0xee93, 0x8389, 0x1061, 0x0000, 0xa469, 0xc66e, 0x3cf2, 0x2518, 0x24f8, 0x2cf8, 0x24f8,
    0x2cf8, 0x2bd6, 0x3273, 0x2a0f, 0x4b33, 0x214a, 0x0043, 0x3289, 0x10e4, 0x1822, 0xbcce, 0x8d11, 0x3435, 0x2c97, 0x2c77, 0x2c58,
    0x2c57, 0x2457, 0x2c37, 0x33f6, 0x2ab3, 0x3252, 0x7aad, 0xecce, 0x5123, 0x0001, 0x0062, 0x08e4, 0x0905, 0x1145, 0x1145, 0x1144,
    0x1125, 0x0924, 0x0905, 0x0905, 0x0924, 0x0904, 0x10e4, 0x10e4, 0x1104, 0x19a5, 0x3247, 0x08a2, 0x0021, 0x0021, 0x2984, 0x7c2b,
    0x9d6f, 0x4b29, 0x0882, 0x0002, 0x0884, 0x0082, 0x3b09, 0x0921, 0x3266, 0x3aa8, 0x0041, 0x0883, 0x0883, 0x08e2, 0x3ac8, 0x19a4,
    0x0042, 0x00a3, 0x0041, 0x2a46, 0x2204, 0x1142, 0x4b6a, 0x0040, 0x0062, 0x0001, 0x42c9, 0x1163, 0x21e4, 0x4309, 0x0001, 0x0042,
    0x0061, 0x3ac8, 0x0060, 0x4309, 0x3227, 0x0001, 0x0042, 0x0042, 0x08e2, 0x42c8, 0x08c2, 0x0002, 0x0022, 0x0022, 0x0022, 0x0022,
    0x0022, 0x0022, 0x0882, 0x534a, 0x29e5, 0x4b49, 0x3227, 0x0000, 0x0061, 0x0000, 0x3a67, 0x3a87, 0x3a67, 0x42e9, 0x0041, 0x0043,
    0x0001, 0x3ac7, 0x3ac7, 0x42c8, 0x4b89, 0x0881, 0x0842, 0x0001, 0x3a87, 0x3ac8, 0x3aa8, 0x4349, 0x0082, 0x0083, 0x0883, 0x0883,
    0x0042, 0x21a5, 0x4349, 0x3246, 0x53cb, 0x21a5, 0x0063, 0x08c3, 0x0883, 0x0060, 0x4329, 0x1984, 0x0062, 0x08c4, 0x0061, 0x3ae8,
    0x2a66, 0x42e8, 0x4b89, 0x00a3, 0x08e4, 0x08e5, 0x00c1, 0x3b08, 0x2a87, 0x00e3, 0x0904, 0x00e4, 0x2266, 0x4389, 0x2ac7, 0x4bea,
    0x1184, 0x0904, 0x0102, 0x3b29, 0x2aa6, 0x32e7, 0x4b8a, 0x0923, 0x0924, 0x1145, 0x0963, 0x43a9, 0x11e5, 0x1165, 0x0964, 0x19e5,
    0x2a67, 0x11e4, 0x2aa8, 0x1a25, 0x11a5, 0x19e6, 0x2207, 0x1965, 0x0042, 0x422a, 0x3167, 0x39c8, 0x2926, 0x3167, 0x3167, 0x4a6b,
    0x2947, 0x0002, 0x0023, 0x0023, 0x0023, 0x0043, 0x0023, 0x0023, 0x2947, 0x1905, 0x428a, 0x1125, 0x0021, 0x0043, 0x0043, 0x0043,
    0x0043, 0x0043, 0x0023, 0x0002, 0x18c5, 0x2106, 0x18e6, 0x0864, 0x20e6, 0x1084, 0x0823, 0x0843, 0x0823, 0x0023, 0x0022, 0x0002,
    0x0022, 0x2106, 0x2926, 0x2926, 0x2926, 0x2926, 0x2105, 0x0842, 0x31a7, 0x41e9, 0x4209, 0x39c8, 0x18a4, 0x39c8, 0x0883, 0x0022,
    0x0022, 0x0001, 0x0002, 0x0002, 0x0002, 0x0002, 0x0022, 0x0022, 0x0022, 0x0022, 0x0022, 0x0022, 0x0022, 0x0863, 0x0843, 0x1905,
    0x39e9, 0x31c8, 0x31c8, 0x31a8, 0x31a8, 0x2967, 0x2926, 0x18e5, 0x10a4, 0x0842, 0x10a4, 0x39c8, 0x31a8, 0x39c8, 0x2967, 0x39e8,
    0xad55, 0x73ae, 0xce79, 0xbdd7, 0xb596, 0x39e7, 0x6b8e, 0x5aeb, 0xad75, 0xbdd6, 0xce58, 0xce58, 0x9cd2, 0x4229, 0x3187, 0xb5b7,
    0xa514, 0x39e8, 0x39c8, 0x630c, 0x7bef, 0xad55, 0x2104, 0x31c8, 0x31c8, 0x31a7, 0x422a, 0x2146, 0x1083, 0x3167, 0x2946, 0x2946,
    0x31a8, 0x2967, 0x08a3, 0x1185, 0x1185, 0x1165, 0x1185, 0x1185, 0x1185, 0x1185, 0x1165, 0x1165, 0x1185, 0x1185, 0x1165, 0x1165,
    0x08e3, 0x28e3, 0xb3ab, 0x28e3, 0x0043, 0x21e7, 0x6553, 0x08c2, 0x1124, 0x1185, 0x0965, 0x1165, 0x1165, 0x1165, 0x1165, 0x1185,
    0x1165, 0x1165, 0x1165, 0x1165, 0x08c3, 0x0021, 0x2105, 0x1084, 0x2105, 0x1084, 0x2126, 0x1083, 0x18e5, 0x2967, 0x18a4, 0x2967,
    0x2947, 0x3187, 0x3a09, 0x4a6a, 0x52ab, 0x5acc, 0x5acc, 0x5acb, 0x52ab, 0x4a4a, 0x39c8, 0x18e5, 0x0022, 0x1945, 0x1185, 0x11a5,
    0x19c5, 0x19e6, 0x2227, 0x2247, 0x32c9, 0x19a6, 0x3146, 0xa371, 0x2084, 0x21e7, 0x2aa8, 0x19a5, 0x0882, 0x18c2, 0x8bca, 0xee93,
    0xb4ed, 0x3122, 0x0000, 0x0883, 0x0000, 0x8ba8, 0xce8e, 0x3cd2, 0x24f8, 0x2cf9, 0x2cf8, 0x24f8, 0x2cf8, 0x2bd6, 0x3273, 0x3250,
    0x4b54, 0x1909, 0x0063, 0x19c6, 0x1945, 0x0001, 0x6aa8, 0xc5b1, 0x4bf1, 0x2c57, 0x2c57, 0x2c57, 0x2457, 0x2437, 0x2c37, 0x2bf7,
    0x2ad3, 0x3272, 0x5a4d, 0xe4cf, 0x7226, 0x0842, 0x4aeb, 0x1965, 0x08a2, 0x0061, 0x0061, 0x00a2, 0x08e3, 0x1104, 0x1104, 0x10e4,
    0x10e4, 0x08e4, 0x08c4, 0x08a4, 0x0063, 0x0041, 0x0861, 0x18c2, 0x4a46, 0x948c, 0xad8f, 0x73eb, 0x1903, 0x0041, 0x1104, 0x08c3,
    0x08a4, 0x08a2, 0x32c8, 0x2225, 0x32c7, 0x3288, 0x0061, 0x0883, 0x0083, 0x0020, 0x3ac8, 0x21a4, 0x0042, 0x0083, 0x0041, 0x2a46,
    0x3286, 0x2a25, 0x4309, 0x0882, 0x0042, 0x0001, 0x3aa7, 0x29e5, 0x3266, 0x3ac8, 0x0021, 0x0021, 0x0082, 0x3287, 0x2184, 0x3ac8,
    0x3226, 0x0001, 0x0042, 0x0022, 0x0040, 0x42c8, 0x08c2, 0x0002, 0x0022, 0x0022, 0x0022, 0x0022, 0x0022, 0x0022, 0x0081, 0x5bab,
    0x29e6, 0x3266, 0x3a47, 0x0000, 0x0061, 0x0000, 0x3a87, 0x4b29, 0x1943, 0x4b09, 0x0021, 0x0063, 0x0001, 0x3ac7, 0x538a, 0x1963,
    0x4b89, 0x0061, 0x0043, 0x0001, 0x3a87, 0x538a, 0x1983, 0x4349, 0x0082, 0x0883, 0x0883, 0x0883, 0x0062, 0x1144, 0x5c2c, 0x21e5,
    0x4328, 0x21c5, 0x0063, 0x00a3, 0x0883, 0x0081, 0x4309, 0x1984, 0x0062, 0x00c3, 0x0061, 0x3b08, 0x4329, 0x1983, 0x4b69, 0x0082,
    0x08e4, 0x08e5, 0x00a2, 0x32e8, 0x2a67, 0x00e2, 0x1104, 0x08e4, 0x2245, 0x542b, 0x1204, 0x4bca, 0x19a5, 0x0924, 0x0102, 0x434a,
    0x4369, 0x11e3, 0x4baa, 0x0923, 0x1124, 0x1124, 0x0943, 0x3b69, 0x11c4, 0x0944, 0x0944, 0x11a5, 0x32c8, 0x11c4, 0x2a87, 0x2226,
    0x11a5, 0x19e6, 0x19e6, 0x21e7, 0x0062, 0x3187, 0x3187, 0x39c8, 0x2926, 0x39c8, 0x2105, 0x39a7, 0x2946, 0x0022, 0x0023, 0x0023,
    0x0023, 0x0043, 0x0843, 0x0002, 0x18e5, 0x2125, 0x29e6, 0x534c, 0x21a7, 0x0063, 0x0043, 0x0043, 0x0043, 0x0022, 0x0822, 0x18c4,
    0x3167, 0x39a8, 0x2946, 0x2106, 0x2968, 0x0823, 0x0823, 0x0823, 0x0823, 0x0823, 0x0023, 0x0843, 0x0883, 0x0042, 0x2125, 0x2926,
    0x2926, 0x2106, 0x2126, 0x10a4, 0x0022, 0x0863, 0x18a5, 0x18c5, 0x0863, 0x0042, 0x1103, 0x3268, 0x2207, 0x21c6, 0x1965, 0x1124,
    0x08c3, 0x0083, 0x0063, 0x0042, 0x0042, 0x0022, 0x0002, 0x0022, 0x0043, 0x0023, 0x0022, 0x0002, 0x0842, 0x0863, 0x0883, 0x1084,
    0x0863, 0x0842, 0x0022, 0x0842, 0x0863, 0x1084, 0x31a8, 0x31a8, 0x31a8, 0x39e9, 0x2946, 0x4229, 0xad55, 0x18c3, 0x6b4e, 0xad55,
    0xc659, 0x8c51, 0x4229, 0xa534, 0xad75, 0xb595, 0xb595, 0xb5b5, 0x9491, 0x8410, 0xbdf8, 0x6b6e, 0x0020, 0x0000, 0x630d, 0x6b4e,
    0x7bcf, 0xa535, 0x2105, 0x31c8, 0x39e8, 0x3187, 0x4229, 0x2125, 0x1083, 0x3187, 0x2966, 0x2946, 0x31a8, 0x2987, 0x0082, 0x1165,
    0x1165, 0x1165, 0x1165, 0x1165, 0x1165, 0x1165, 0x1165, 0x0965, 0x1165, 0x1165, 0x1185, 0x1185, 0x00e3, 0x3103, 0xb3ac, 0x28c3,
    0x0001, 0x4bee, 0x4c2e, 0x0061, 0x1165, 0x0985, 0x0965, 0x1165, 0x1165, 0x1184, 0x0985, 0x0985, 0x1165, 0x1165, 0x1165, 0x1165,
    0x1145, 0x0042, 0x0863, 0x2126, 0x18c5, 0x2105, 0x18c4, 0x2106, 0x1083, 0x2126, 0x10a4, 0x18e5, 0x2967, 0x2946, 0x3187, 0x39c8,
    0x4229, 0x4a4a, 0x4a6a, 0x4a6a, 0x4209, 0x31c8, 0x2967, 0x0023, 0x08c4, 0x0904, 0x0903, 0x0103, 0x0103, 0x0103, 0x0103, 0x0103,
    0x1164, 0x2207, 0x0821, 0x930f, 0x72ad, 0x0062, 0x08a2, 0x18c2, 0x838a, 0xe632, 0xd590, 0x5a67, 0x10a3, 0x31e9, 0x6bb1, 0x73d1,
    0x0000, 0x7b67, 0xd6ae, 0x44f1, 0x24f8, 0x24f8, 0x24f8, 0x24f8, 0x2cf8, 0x2bd6, 0x2a52, 0x3250, 0x4b74, 0x1109, 0x0083, 0x21e7,
    0x19c7, 0x0042, 0x20a2, 0xc52e, 0x7470, 0x2bf5, 0x2c16, 0x2c37, 0x2c56, 0x2c37, 0x3437, 0x3438, 0x2af3, 0x3272, 0x524e, 0xd48e,
    0xa328, 0x0000, 0x7490, 0x9df5, 0x8532, 0x6c2e, 0x4aa9, 0x29a5, 0x10c2, 0x08a2, 0x0882, 0x0862, 0x0861, 0x0861, 0x0862, 0x10a2,
    0x3184, 0x5aa7, 0x8c2b, 0xb56f, 0xad4e, 0x7389, 0x2123, 0x0000, 0x08a3, 0x1164, 0x2206, 0x00a3, 0x00c4, 0x00a1, 0x3b08, 0x32a7,
    0x19c3, 0x3ac9, 0x0061, 0x00a3, 0x0083, 0x0041, 0x3a88, 0x2184, 0x0022, 0x0084, 0x0041, 0x2226, 0x4b8a, 0x1162, 0x4309, 0x0882,
    0x0042, 0x0021, 0x3aa7, 0x3a68, 0x1163, 0x3aa8, 0x0021, 0x0041, 0x0061, 0x3b09, 0x3206, 0x21c4, 0x3267, 0x0000, 0x0042, 0x0023,
    0x0041, 0x42a9, 0x08c2, 0x0002, 0x0022, 0x0022, 0x0022, 0x0022, 0x0022, 0x0022, 0x0041, 0x640d, 0x1102, 0x42a7, 0x3227, 0x0000,
    0x0863, 0x0001, 0x42a8, 0x42c8, 0x1122, 0x5b4b, 0x0021, 0x0043, 0x0000, 0x42a8, 0x4b09, 0x0921, 0x538a, 0x0000, 0x0063, 0x0001,
    0x42a8, 0x4b09, 0x1183, 0x536a, 0x0061, 0x08a4, 0x0883, 0x0883, 0x0062, 0x0903, 0x6c4d, 0x00e0, 0x538a, 0x1985, 0x0063, 0x08a4,
    0x08c3, 0x00a1, 0x4b29, 0x19c4, 0x0081, 0x08c4, 0x0041, 0x42e8, 0x3ae7, 0x1963, 0x538a, 0x0081, 0x08e4, 0x08e4, 0x0081, 0x32e7,
    0x2a66, 0x00e2, 0x1104, 0x00e3, 0x2246, 0x5c4c, 0x0181, 0x540b, 0x1164, 0x0924, 0x0102, 0x434a, 0x3b48, 0x1223, 0x53eb, 0x0122,
    0x1124, 0x0904, 0x0922, 0x3b68, 0x11e4, 0x0944, 0x0944, 0x1184, 0x3ae9, 0x09a3, 0x2aa7, 0x2226, 0x11c5, 0x19e6, 0x19e6, 0x2207,
    0x0904, 0x0863, 0x2947, 0x2946, 0x2946, 0x31a8, 0x2926, 0x2105, 0x2946, 0x0843, 0x0023, 0x0023, 0x0843, 0x0843, 0x0043, 0x0043,
    0x0023, 0x2967, 0x2105, 0x29c7, 0x3249, 0x10c4, 0x0022, 0x0023, 0x0843, 0x1084, 0x18e5, 0x2967, 0x3187, 0x2105, 0x10a4, 0x3188,
    0x0864, 0x0023, 0x0843, 0x0043, 0x0043, 0x0023, 0x0003, 0x08a3, 0x3aea, 0x1123, 0x0001, 0x18c4, 0x2906, 0x2926, 0x2146, 0x2146,
    0x2126, 0x2106, 0x18c5, 0x0001, 0x08e3, 0x2227, 0x334a, 0x338a, 0x3369, 0x338a, 0x338a, 0x336a, 0x3349, 0x3329, 0x3309, 0x32a8,
    0x2a67, 0x2226, 0x21c6, 0x08a3, 0x0823, 0x2947, 0x20e5, 0x0843, 0x18e5, 0x0863, 0x0863, 0x0863, 0x1084, 0x10a4, 0x1084, 0x18e5,
    0x1084, 0x18c5, 0x31a8, 0x31a8, 0x31c8, 0x39e9, 0x2126, 0x4a6a, 0xa535, 0x0001, 0x0002, 0x2127, 0x73af, 0xb5d6, 0xbdd6, 0xbdd6,
    0xa514, 0xad54, 0xa554, 0xad54, 0x8c50, 0x8430, 0x8c71, 0x0000, 0x0001, 0x0863, 0x5aec, 0x8410, 0x8410, 0x9cd3, 0x18e4, 0x39e8,
    0x39c8, 0x31a8, 0x4209, 0x10a4, 0x18c4, 0x3167, 0x2967, 0x2946, 0x31a8, 0x2987, 0x0082, 0x1165, 0x0964, 0x0965, 0x0965, 0x0965,
    0x1165, 0x1165, 0x0965, 0x0965, 0x1165, 0x1165, 0x1185, 0x1185, 0x00e3, 0x3904, 0xb3ed, 0x1861, 0x0945, 0x6d94, 0x1985, 0x00c2,
    0x1165, 0x1144, 0x1165, 0x1165, 0x1165, 0x1165, 0x0964, 0x0964, 0x0964, 0x0964, 0x0964, 0x0964, 0x1145, 0x1124, 0x0042, 0x10a4,
    0x18c5, 0x18c5, 0x18c4, 0x20e5, 0x18c5, 0x10a4, 0x3167, 0x10a4, 0x2126, 0x2967, 0x2946, 0x2967, 0x2987, 0x31a8, 0x31c8, 0x3187,
    0x3188, 0x2968, 0x0043, 0x08a4, 0x1125, 0x1125, 0x0924, 0x0924, 0x0904, 0x0903, 0x0903, 0x0103, 0x0984, 0x3269, 0x1905, 0x1843,
    0x4187, 0x2903, 0x83cb, 0xde12, 0xcdb0, 0x6ac7, 0x20e3, 0x422b, 0x7bd2, 0x73f4, 0x5b50, 0x424b, 0x0000, 0x7327, 0xdeaf, 0x4cf1,
    0x24d7, 0x24f8, 0x24f8, 0x24d8, 0x2d18, 0x2bb6, 0x2a51, 0x3270, 0x4b73, 0x10c7, 0x0883, 0x19a6, 0x19a6, 0x10e4, 0x0000, 0x93aa,
    0xb52f, 0x3bb2, 0x23d6, 0x1bb5, 0x23b5, 0x23b5, 0x23d6, 0x2bd7, 0x2b14, 0x3293, 0x4230, 0xbc0e, 0xc42b, 0x0821, 0x0821, 0x21a6,
    0x532a, 0x748e, 0x9550, 0xa5b1, 0xa58f, 0x9d2e, 0x9d0d, 0x9ccc, 0x9cac, 0xa4cc, 0xacec, 0xb50d, 0xb52e, 0xa4cc, 0x7bc9, 0x4204,
    0x0840, 0x0001, 0x0042, 0x2186, 0x19a5, 0x0943, 0x21c6, 0x00a3, 0x08c4, 0x0081, 0x4309, 0x2a45, 0x21e5, 0x3aa9, 0x0041, 0x0883,
    0x0082, 0x0040, 0x42c8, 0x21a4, 0x0041, 0x0863, 0x0022, 0x21e5, 0x4b8a, 0x0101, 0x4b2a, 0x0081, 0x0063, 0x0001, 0x3aa8, 0x3226,
    0x1963, 0x42a8, 0x0000, 0x0063, 0x0000, 0x4b2a, 0x1983, 0x2a26, 0x3207, 0x0001, 0x0043, 0x0042, 0x0081, 0x4b09, 0x08c1, 0x0021,
    0x0022, 0x0022, 0x0022, 0x0022, 0x0022, 0x0022, 0x0021, 0x3226, 0x5b6b, 0x532a, 0x10c2, 0x0022, 0x0042, 0x0001, 0x10e3, 0x5b6b,
    0x5b8b, 0x29a5, 0x0001, 0x0862, 0x0021, 0x10c2, 0x532a, 0x5b6b, 0x29c6, 0x0021, 0x0043, 0x0042, 0x1103, 0x5b8b, 0x63cc, 0x29e6,
    0x0061, 0x0883, 0x0863, 0x0883, 0x0083, 0x0062, 0x42a9, 0x63ac, 0x4b0a, 0x00a2, 0x08a3, 0x08a4, 0x00c3, 0x3ac9, 0x53cb, 0x538b,
    0x1124, 0x00a3, 0x0082, 0x1143, 0x536b, 0x534b, 0x21c5, 0x0082, 0x08c3, 0x00a2, 0x3247, 0x538a, 0x53ab, 0x21a6, 0x08c4, 0x0924,
    0x0944, 0x434a, 0x53eb, 0x3ae9, 0x0904, 0x0905, 0x0924, 0x1a05, 0x53cb, 0x53eb, 0x2a67, 0x0923, 0x1144, 0x0924, 0x3288, 0x436a,
    0x3ae9, 0x1164, 0x0944, 0x0944, 0x2a47, 0x32c8, 0x3288, 0x19c5, 0x19c6, 0x19e6, 0x19e6, 0x19e7, 0x19a6, 0x0022, 0x422a, 0x3167,
    0x2966, 0x2105, 0x2946, 0x2105, 0x4a4a, 0x2106, 0x0002, 0x0043, 0x0823, 0x0843, 0x0043, 0x0843, 0x0023, 0x0863, 0x2987, 0x18e5,
    0x0001, 0x0002, 0x0864, 0x10a5, 0x10e6, 0x1906, 0x2947, 0x2946, 0x18c4, 0x18c4, 0x31a8, 0x1084, 0x0023, 0x0023, 0x0843, 0x0043,
    0x0043, 0x0843, 0x0022, 0x19c6, 0x3b4a, 0x3b09, 0x21e6, 0x0082, 0x0021, 0x0862, 0x0883, 0x10a4, 0x10a4, 0x0842, 0x0061, 0x21a6,
    0x3b0a, 0x334a, 0x2b49, 0x2b68, 0x2b68, 0x2b68, 0x2b68, 0x2b49, 0x2b49, 0x2b69, 0x3369, 0x2b69, 0x2b69, 0x338a, 0x3b8b, 0x3268,
    0x0021, 0x10c4, 0x10a4, 0x0842, 0x2967, 0x10a4, 0x2106, 0x18c5, 0x2106, 0x20e5, 0x1063, 0x18c5, 0x18c5, 0x18e5, 0x2987, 0x3188,
    0x31c8, 0x39e9, 0x2146, 0x4a4a, 0xa535, 0x0022, 0x0864, 0x0002, 0x2966, 0x8430, 0xb5b6, 0xad55, 0x9cd3, 0x8c71, 0xa513, 0xa513,
    0x6b6e, 0xad75, 0x632d, 0x0000, 0x0822, 0x18c4, 0x7bd0, 0xad75, 0x9cb2, 0x8c51, 0x18e4, 0x39e8, 0x39c8, 0x31a8, 0x422a, 0x1084,
    0x20e5, 0x3167, 0x2966, 0x2946, 0x31a8, 0x2987, 0x00a2, 0x1165, 0x0964, 0x0965, 0x0965, 0x0965, 0x1165, 0x1165, 0x1165, 0x1165,
    0x0965, 0x0985, 0x1165, 0x1185, 0x0103, 0x3124, 0xbbed, 0x28c3, 0x5cd2, 0x436c, 0x0041, 0x1165, 0x0944, 0x0944, 0x1145, 0x0965,
    0x0965, 0x0964, 0x0964, 0x0944, 0x0944, 0x0944, 0x0944, 0x0944, 0x0944, 0x1145, 0x1104, 0x0042, 0x0883, 0x1084, 0x18e5, 0x18e5,
    0x2106, 0x18c5, 0x18a5, 0x2947, 0x1083, 0x2105, 0x2967, 0x2946, 0x2946, 0x2946, 0x2967, 0x3187, 0x2926, 0x0843, 0x0883, 0x1925,
    0x0924, 0x0123, 0x0123, 0x0923, 0x0944, 0x11a5, 0x21e7, 0x2a67, 0x2226, 0x08e3, 0x0021, 0x3164, 0x942c, 0xde12, 0xb52e, 0x5a66,
    0x0841, 0x0043, 0x2127, 0x2988, 0x1926, 0x08e6, 0x0905, 0x1104, 0x0000, 0x6b07, 0xdecf, 0x54f1, 0x2cb7, 0x2cd8, 0x2cf8, 0x2cd8,
    0x34d9, 0x2b76, 0x3252, 0x3271, 0x4b53, 0x0886, 0x0883, 0x1985, 0x1165, 0x1925, 0x0000, 0x4984, 0xc54f, 0x6410, 0x23b5, 0x23b5,
    0x1b75, 0x1b74, 0x1b75, 0x2b96, 0x3355, 0x32b4, 0x3a31, 0xa36f, 0xdcce, 0x1862, 0x0043, 0x0083, 0x0020, 0x0040, 0x0882, 0x10e2,
    0x31c5, 0x4a66, 0x5286, 0x62c6, 0x5ac6, 0x5286, 0x4a25, 0x3163, 0x10a1, 0x0861, 0x0000, 0x0042, 0x08a3, 0x08c4, 0x08e4, 0x0903,
    0x21c5, 0x21e6, 0x1104, 0x08c3, 0x08c4, 0x00a2, 0x1964, 0x4b2a, 0x430a, 0x1144, 0x0062, 0x08a3, 0x0062, 0x3228, 0x4b2a, 0x42e9,
    0x1104, 0x0042, 0x0082, 0x00a2, 0x42c9, 0x4b4a, 0x29e7, 0x0042, 0x0043, 0x0021, 0x1103, 0x4ac9, 0x4aea, 0x1924, 0x0001, 0x0042,
    0x0001, 0x2185, 0x4aea, 0x42a9, 0x0882, 0x0022, 0x0022, 0x0062, 0x3a68, 0x4b4a, 0x3a68, 0x0042, 0x0022, 0x0022, 0x0022, 0x0022,
    0x0022, 0x0022, 0x0023, 0x0001, 0x10a2, 0x0061, 0x0021, 0x0023, 0x0022, 0x0042, 0x0022, 0x0082, 0x08a2, 0x0021, 0x0042, 0x0022,
    0x0042, 0x0001, 0x0061, 0x08a2, 0x0021, 0x0042, 0x0043, 0x0063, 0x0041, 0x08a1, 0x08e2, 0x0062, 0x0063, 0x0863, 0x0863, 0x0063,
    0x0063, 0x0863, 0x0061, 0x10e3, 0x0082, 0x0083, 0x0883, 0x08a3, 0x00a3, 0x0903, 0x0922, 0x0923, 0x08e3, 0x08a4, 0x08a3, 0x0082,
    0x08e3, 0x08e3, 0x00a2, 0x08a3, 0x08c3, 0x08a3, 0x0903, 0x0922, 0x0923, 0x0904, 0x10e4, 0x0904, 0x08e4, 0x0103, 0x1184, 0x0903,
    0x0905, 0x0905, 0x1145, 0x0944, 0x1184, 0x11a5, 0x0924, 0x1144, 0x0944, 0x0944, 0x1164, 0x0964, 0x0944, 0x1144, 0x1144, 0x1164,
    0x0964, 0x11a5, 0x1185, 0x1185, 0x19c6, 0x19c6, 0x19e6, 0x19e6, 0x21e7, 0x08a3, 0x1083, 0x3167, 0x2946, 0x2105, 0x2947, 0x18c4,
    0x2926, 0x2967, 0x0023, 0x0023, 0x0043, 0x0843, 0x0843, 0x0043, 0x0843, 0x0022, 0x0863, 0x3188, 0x3167, 0x1084, 0x1084, 0x1084,
    0x10a4, 0x10a4, 0x10a4, 0x18a4, 0x2926, 0x3188, 0x1084, 0x0022, 0x0043, 0x0023, 0x0023, 0x0023, 0x0023, 0x0023, 0x00a3, 0x2ac9,
    0x2b28, 0x2b28, 0x3329, 0x32e8, 0x2206, 0x1985, 0x1103, 0x10e3, 0x1124, 0x19a6, 0x2a88, 0x3349, 0x2b29, 0x2328, 0x2b48, 0x2b48,
    0x2b48, 0x2b69, 0x2b69, 0x3369, 0x3369, 0x3369, 0x3369, 0x2b49, 0x2b08, 0x22c7, 0x2267, 0x2207, 0x0904, 0x0062, 0x0022, 0x0022,
    0x20e5, 0x10a4, 0x18c5, 0x18a4, 0x18e5, 0x18c5, 0x18a4, 0x3187, 0x3167, 0x2106, 0x2987, 0x2987, 0x31a8, 0x39e9, 0x2967, 0x31a7,
    0xad76, 0x0042, 0x0023, 0x0002, 0x2967, 0x8c72, 0xad76, 0x39c8, 0x528b, 0x8411, 0x7bf0, 0x7baf, 0x2946, 0x738e, 0x8c72, 0x0000,
    0x0002, 0x3188, 0xad56, 0xad75, 0x9cd3, 0x6b6e, 0x18e4, 0x39e9, 0x39e8, 0x31a8, 0x39a8, 0x0022, 0x2126, 0x3167, 0x2966, 0x2946,
    0x3188, 0x2987, 0x08a3, 0x1165, 0x0964, 0x0965, 0x0965, 0x0965, 0x1165, 0x1165, 0x1165, 0x0964, 0x0985, 0x0965, 0x0945, 0x1186,
    0x0925, 0x28e3, 0xc3cd, 0x4145, 0x42ec, 0x0082, 0x1125, 0x1165, 0x1144, 0x1145, 0x1145, 0x1144, 0x0944, 0x0944, 0x1144, 0x0944,
    0x0944, 0x0944, 0x0944, 0x0944, 0x0965, 0x1165, 0x1145, 0x1105, 0x0883, 0x0042, 0x0022, 0x0864, 0x0843, 0x18c5, 0x1084, 0x1884,
    0x2105, 0x18a4, 0x20e5, 0x2947, 0x2967, 0x2967, 0x2947, 0x18c5, 0x0022, 0x0082, 0x0904, 0x0924, 0x0984, 0x11a4, 0x19e6, 0x2247,
    0x32a8, 0x32a8, 0x19e6, 0x00a2, 0x0861, 0x5206, 0xac8d, 0xddf0, 0xac8c, 0x41a4, 0x18e3, 0x0000, 0x10e4, 0x2208, 0x21e7, 0x21e7,
    0x2208, 0x2208, 0x2228, 0x2a28, 0x0021, 0x62e6, 0xe6ef, 0x5d12, 0x24d7, 0x2cf8, 0x2d19, 0x2cf9, 0x2cd9, 0x2b55, 0x3252, 0x3ab1,
    0x4332, 0x0064, 0x0883, 0x1165, 0x1165, 0x1945, 0x0862, 0x1020, 0xb46c, 0x9ccf, 0x33d3, 0x2c37, 0x2bf7, 0x2bf6, 0x23f6, 0x2bf6,
    0x33d5, 0x2ad3, 0x3252, 0x72ce, 0xed0f, 0x4943, 0x0002, 0x1126, 0x1104, 0x10e4, 0x08c4, 0x0082, 0x0062, 0x0042, 0x0022, 0x0001,
    0x0021, 0x0021, 0x0021, 0x0062, 0x0083, 0x08c4, 0x08e4, 0x10e4, 0x08c4, 0x08c4, 0x08c4, 0x08c3, 0x08c3, 0x08c3, 0x00a3, 0x08a4,
    0x08a3, 0x08a3, 0x0083, 0x08e3, 0x00c3, 0x0082, 0x0083, 0x0083, 0x0062, 0x00a3, 0x00a1, 0x00a2, 0x0082, 0x0042, 0x0062, 0x0042,
    0x0062, 0x08c2, 0x0042, 0x0043, 0x0022, 0x0042, 0x0021, 0x0882, 0x0062, 0x0021, 0x0042, 0x0022, 0x0022, 0x0021, 0x0862, 0x0041,
    0x0021, 0x0022, 0x0022, 0x0042, 0x0082, 0x00a1, 0x0082, 0x0042, 0x0022, 0x0022, 0x0022, 0x0022, 0x0022, 0x0022, 0x0022, 0x0022,
    0x0022, 0x0023, 0x0023, 0x0022, 0x0023, 0x0023, 0x0043, 0x0043, 0x0022, 0x0043, 0x0022, 0x0022, 0x0022, 0x0041, 0x0021, 0x0022,
    0x0042, 0x0042, 0x0042, 0x0043, 0x0043, 0x0043, 0x0042, 0x0863, 0x0863, 0x0043, 0x0062, 0x0063, 0x0063, 0x0863, 0x0863, 0x0062,
    0x0883, 0x0883, 0x08a3, 0x08a3, 0x08a3, 0x00a4, 0x00c4, 0x00c3, 0x08c3, 0x08a4, 0x08a3, 0x08c3, 0x00a3, 0x00a3, 0x08c4, 0x08c3,
    0x08c4, 0x08c4, 0x08c3, 0x08e3, 0x08e4, 0x08c4, 0x10e4, 0x08e5, 0x08e4, 0x0903, 0x08e4, 0x1104, 0x0904, 0x0904, 0x1125, 0x1124,
    0x0924, 0x0925, 0x1145, 0x1145, 0x0944, 0x0944, 0x0944, 0x1145, 0x1144, 0x1144, 0x1165, 0x1165, 0x1185, 0x0965, 0x11a5, 0x11a5,
    0x11a5, 0x11a6, 0x19c6, 0x19c6, 0x19c6, 0x1966, 0x0021, 0x2946, 0x2105, 0x2946, 0x20e5, 0x2946, 0x18e5, 0x39c8, 0x18c5, 0x0002,
    0x0043, 0x0023, 0x0043, 0x0043, 0x0043, 0x0043, 0x0023, 0x0843, 0x2105, 0x31a8, 0x3167, 0x2926, 0x2106, 0x2946, 0x3187, 0x3188,
    0x2106, 0x0843, 0x0003, 0x0023, 0x0043, 0x0023, 0x0023, 0x0023, 0x0043, 0x0022, 0x19c6, 0x3329, 0x2b28, 0x2b28, 0x2308, 0x2b08,
    0x3349, 0x3349, 0x3329, 0x3329, 0x3329, 0x334a, 0x3349, 0x2b28, 0x2b28, 0x2b49, 0x2b29, 0x2b29, 0x3329, 0x2b08, 0x2ae8, 0x22a7,
    0x1a66, 0x1225, 0x1205, 0x11c5, 0x1184, 0x0964, 0x0964, 0x0944, 0x1165, 0x1145, 0x1105, 0x0022, 0x18e5, 0x18c4, 0x1083, 0x18a4,
    0x18c4, 0x2946, 0x1083, 0x2105, 0x2105, 0x18e5, 0x3187, 0x2967, 0x31a8, 0x39c8, 0x2987, 0x2966, 0xb597, 0x1083, 0x0022, 0x0002,
    0x39c8, 0xb5b7, 0x7baf, 0x632d, 0x526a, 0x630d, 0x8431, 0x4208, 0x6b4e, 0x4a49, 0xbdd7, 0x18e4, 0x0000, 0x632d, 0xd69a, 0xa513,
    0xad75, 0x4a6a, 0x2126, 0x39e8, 0x39c8, 0x31a8, 0x2967, 0x0022, 0x2946, 0x3167, 0x2966, 0x2946, 0x3187, 0x3187, 0x0082, 0x1165,
    0x0964, 0x0964, 0x0964, 0x0965, 0x0965, 0x0965, 0x0964, 0x0964, 0x1145, 0x1144, 0x1185, 0x0904, 0x0021, 0x1021, 0xbbad, 0x5985,
    0x0000, 0x1104, 0x1166, 0x1145, 0x1144, 0x1144, 0x1144, 0x1144, 0x1144, 0x1145, 0x1145, 0x1145, 0x1144, 0x1144, 0x1144, 0x1145,
    0x1145, 0x1144, 0x1145, 0x1145, 0x1145, 0x1104, 0x08a4, 0x0063, 0x0042, 0x0022, 0x0023, 0x0002, 0x0843, 0x0863, 0x0022, 0x0823,
    0x0843, 0x0843, 0x0022, 0x0021, 0x00c3, 0x1185, 0x11c5, 0x1a47, 0x2aa7, 0x32c8, 0x32e9, 0x2aa8, 0x1985, 0x0061, 0x1902, 0x6b09,
    0xc570, 0xe5f1, 0x9c0b, 0x3142, 0x0000, 0x326b, 0x6474, 0x0883, 0x1945, 0x2207, 0x1a26, 0x1a06, 0x1a06, 0x1a06, 0x1a07, 0x2a08,
    0x0022, 0x6b27, 0xff71, 0x6d72, 0x1d17, 0x2d19, 0x2cf9, 0x2cf9, 0x2cd8, 0x2b35, 0x3a52, 0x3ab1, 0x4af2, 0x0023, 0x0062, 0x1165,
    0x1164, 0x1165, 0x10e4, 0x0000, 0x7ac8, 0xcd6f, 0x4bf1, 0x2c17, 0x2c57, 0x2c38, 0x2c38, 0x3437, 0x3416, 0x2af3, 0x2a53, 0x526e,
    0xe4ef, 0x82a7, 0x0000, 0x1105, 0x1104, 0x0904, 0x0905, 0x0905, 0x0905, 0x1105, 0x1104, 0x0904, 0x0904, 0x0905, 0x10e5, 0x10e4,
    0x08c4, 0x08c4, 0x08e4, 0x08c3, 0x08c3, 0x08c3, 0x08a4, 0x08c4, 0x08a4, 0x08a3, 0x08a4, 0x08a3, 0x0883, 0x0883, 0x08a3, 0x08a3,
    0x0083, 0x0083, 0x0083, 0x0083, 0x0083, 0x0063, 0x0062, 0x0062, 0x0843, 0x0843, 0x0042, 0x0043, 0x0043, 0x0022, 0x0043, 0x0042,
    0x0043, 0x0043, 0x0042, 0x0042, 0x0022, 0x0022, 0x0042, 0x0022, 0x0022, 0x0022, 0x0022, 0x0022, 0x0022, 0x0022, 0x0022, 0x0002,
    0x0023, 0x0022, 0x0021, 0x0022, 0x0022, 0x0022, 0x0022, 0x0022, 0x0022, 0x0022, 0x0022, 0x0022, 0x0001, 0x0002, 0x0023, 0x0042,
    0x0023, 0x0022, 0x0022, 0x0022, 0x0001, 0x0023, 0x0022, 0x0042, 0x0023, 0x0042, 0x0042, 0x0022, 0x0042, 0x0042, 0x0042, 0x0022,
    0x0022, 0x0022, 0x0021, 0x0862, 0x0043, 0x0043, 0x0063, 0x0063, 0x0063, 0x0883, 0x0883, 0x0062, 0x0083, 0x0883, 0x08a3, 0x08a3,
    0x08a3, 0x00a4, 0x0083, 0x00a3, 0x08c4, 0x08a4, 0x08c3, 0x08c4, 0x0082, 0x0082, 0x08a3, 0x08c4, 0x08c4, 0x08c4, 0x08c3, 0x00a3,
    0x08c4, 0x08c4, 0x08c4, 0x08c4, 0x08e4, 0x00c3, 0x00a3, 0x08e3, 0x0903, 0x0904, 0x0904, 0x1124, 0x0904, 0x0904, 0x0925, 0x0924,
    0x1144, 0x1145, 0x1144, 0x0944, 0x1165, 0x1165, 0x1165, 0x1185, 0x1185, 0x0984, 0x11a5, 0x1185, 0x1185, 0x1185, 0x11a5, 0x11a5,
    0x1185, 0x19a6, 0x08c3, 0x1083, 0x3187, 0x2105, 0x2125, 0x2946, 0x20e5, 0x3167, 0x3188, 0x0843, 0x0023, 0x0043, 0x0043, 0x0043,
    0x0043, 0x0043, 0x0843, 0x0043, 0x0022, 0x0863, 0x18c5, 0x2106, 0x2926, 0x2106, 0x18c5, 0x0843, 0x0002, 0x0823, 0x0823, 0x0823,
    0x0023, 0x0823, 0x0823, 0x0043, 0x0042, 0x08a3, 0x32c9, 0x2b08, 0x2b07, 0x2b08, 0x2b08, 0x2b08, 0x2308, 0x2308, 0x2b28, 0x3349,
    0x3329, 0x2b29, 0x2b09, 0x2ae9, 0x22a8, 0x2267, 0x1a26, 0x11e5, 0x11c5, 0x1184, 0x0964, 0x0944, 0x0964, 0x0964, 0x0964, 0x1165,
    0x1165, 0x0985, 0x0985, 0x0985, 0x1165, 0x1165, 0x1145, 0x0042, 0x2106, 0x2106, 0x18e5, 0x2926, 0x18c4, 0x2967, 0x18a4, 0x3187,
    0x3188, 0x18e5, 0x3188, 0x2987, 0x31c8, 0x39c8, 0x31c8, 0x2125, 0xb5b7, 0x3187, 0x0001, 0x0883, 0x632d, 0xe71c, 0x73af, 0x39e8,
    0x528b, 0xb5b7, 0xc619, 0x73af, 0x2125, 0x7bce, 0xdf1b, 0x8431, 0x10a2, 0xa535, 0xd69a, 0x94b2, 0xbdd6, 0x2946, 0x31a8, 0x31e8,
    0x39c8, 0x31a8, 0x2946, 0x0843, 0x3167, 0x2967, 0x2967, 0x2946, 0x3187, 0x3187, 0x0082, 0x1165, 0x0964, 0x0964, 0x0964, 0x0964,
    0x0964, 0x0964, 0x0964, 0x1145, 0x1145, 0x1165, 0x0061, 0x10e3, 0x53ad, 0x18c3, 0x930b, 0x8269, 0x0841, 0x19a5, 0x1145, 0x1145,
    0x1144, 0x1144, 0x1144, 0x1144, 0x1144, 0x1144, 0x1144, 0x1144, 0x0944, 0x0944, 0x0944, 0x1144, 0x1144, 0x1144, 0x1144, 0x1144,
    0x1124, 0x1125, 0x1125, 0x1125, 0x1125, 0x1105, 0x08e4, 0x08c4, 0x08a4, 0x0083, 0x0083, 0x0083, 0x0083, 0x08c3, 0x1124, 0x21e6,
    0x2247, 0x2287, 0x2aa8, 0x32c8, 0x32a8, 0x2206, 0x08e3, 0x0881, 0x39a5, 0x940c, 0xe632, 0xddf1, 0x836a, 0x28e2, 0x0000, 0x0042,
    0x42ed, 0x7557, 0x328c, 0x0021, 0x19c5, 0x1a06, 0x1a06, 0x1206, 0x1206, 0x11e6, 0x19e7, 0x1104, 0x0000, 0x2103, 0xa50e, 0x7573,
    0x3539, 0x3d7b, 0x3559, 0x3539, 0x34d8, 0x3355, 0x3272, 0x3af2, 0x4b12, 0x0023, 0x0883, 0x1965, 0x1165, 0x1165, 0x1146, 0x0022,
    0x3923, 0xd56f, 0x7c70, 0x2bf5, 0x2c57, 0x2c18, 0x2c18, 0x2bf7, 0x3417, 0x3335, 0x3294, 0x5290, 0xc491, 0x82ea, 0x0000, 0x0843,
    0x10e5, 0x0905, 0x0905, 0x08e4, 0x08e4, 0x08e4, 0x08e4, 0x08e3, 0x08e4, 0x08e4, 0x08c4, 0x08c4, 0x10e4, 0x10e4, 0x08c4, 0x08c4,
    0x08c4, 0x08c3, 0x08c3, 0x08c3, 0x08a3, 0x0083, 0x08a3, 0x08a3, 0x0883, 0x0883, 0x0883, 0x0062, 0x0062, 0x0083, 0x0083, 0x0083,
    0x0083, 0x0883, 0x0063, 0x0063, 0x0863, 0x0843, 0x0043, 0x0042, 0x0022, 0x0022, 0x0042, 0x0042, 0x0042, 0x0042, 0x0042, 0x0021,
    0x0021, 0x0022, 0x0042, 0x0022, 0x0042, 0x0022, 0x0022, 0x0022, 0x0022, 0x0022, 0x0042, 0x0023, 0x0002, 0x0002, 0x0022, 0x0022,
    0x0022, 0x0022, 0x0022, 0x0022, 0x0022, 0x0022, 0x0022, 0x0042, 0x2164, 0x10c3, 0x0021, 0x0042, 0x0023, 0x0042, 0x0002, 0x10e3,
    0x1923, 0x0021, 0x0042, 0x0042, 0x0042, 0x0022, 0x0062, 0x10e3, 0x0042, 0x0042, 0x0042, 0x0042, 0x0021, 0x1903, 0x1944, 0x0041,
    0x0042, 0x0063, 0x0063, 0x0062, 0x0063, 0x0083, 0x0042, 0x1923, 0x08a3, 0x0083, 0x08a3, 0x08a3, 0x0083, 0x08c2, 0x21a5, 0x08e2,
    0x0083, 0x08c4, 0x00c3, 0x00a3, 0x2165, 0x2185, 0x08a3, 0x08e4, 0x08c4, 0x08c3, 0x00a2, 0x1104, 0x1104, 0x08a3, 0x08c4, 0x08c4,
    0x08c3, 0x1103, 0x21a5, 0x08e3, 0x08c3, 0x08e4, 0x0904, 0x0903, 0x19a4, 0x21e5, 0x0923, 0x0944, 0x1145, 0x1144, 0x1185, 0x2247,
    0x1185, 0x1165, 0x1185, 0x1185, 0x11a5, 0x2227, 0x11c5, 0x1185, 0x1185, 0x1185, 0x1185, 0x1185, 0x11a5, 0x1185, 0x2166, 0x0022,
    0x10a4, 0x2105, 0x2926, 0x2105, 0x2946, 0x18c4, 0x39a8, 0x18c5, 0x0023, 0x0043, 0x0043, 0x0043, 0x0043, 0x0043, 0x0043, 0x0843,
    0x0043, 0x0023, 0x0022, 0x0002, 0x0003, 0x0002, 0x0002, 0x0023, 0x0843, 0x0843, 0x0823, 0x0843, 0x0823, 0x0823, 0x0823, 0x0023,
    0x0041, 0x2a07, 0x2ae8, 0x2ae7, 0x2308, 0x2b08, 0x32e9, 0x2b28, 0x3309, 0x2ae8, 0x22c8, 0x22a7, 0x1a67, 0x1a05, 0x11c5, 0x0985,
    0x0964, 0x0944, 0x0944, 0x0924, 0x0944, 0x0944, 0x0944, 0x1165, 0x1165, 0x1165, 0x0965, 0x0965, 0x1165, 0x1165, 0x1165, 0x1165,
    0x1165, 0x0964, 0x1165, 0x0062, 0x10a4, 0x2926, 0x18c4, 0x39a8, 0x2105, 0x3187, 0x18a4, 0x3188, 0x39c9, 0x18e5, 0x2987, 0x2987,
    0x31a8, 0x31c8, 0x39e9, 0x10a3, 0x9cd4, 0x6b6e, 0x0000, 0x2146, 0x9cd3, 0xdeda, 0xb596, 0x7bcf, 0xb5b7, 0xb5b7, 0x94b3, 0xc639,
    0xbdb7, 0xce79, 0xce78, 0xd699, 0x52aa, 0xad55, 0xc617, 0xa533, 0xa514, 0x2105, 0x422a, 0x39e8, 0x31a8, 0x3187, 0x10a4, 0x0863,
    0x3187, 0x2967, 0x2966, 0x2946, 0x3187, 0x3187, 0x00a2, 0x1165, 0x0944, 0x0964, 0x0964, 0x0964, 0x0964, 0x0964, 0x0944, 0x1165,
    0x0903, 0x0040, 0x3268, 0x7db4, 0x6cf1, 0x0861, 0x61e6, 0xc3ee, 0x2862, 0x1924, 0x1164, 0x1144, 0x1144, 0x1144, 0x1144, 0x0944,
    0x1144, 0x1165, 0x1165, 0x1144, 0x1144, 0x0944, 0x0944, 0x1144, 0x1124, 0x1124, 0x1144, 0x0944, 0x0944, 0x0944, 0x1144, 0x1124,
    0x0924, 0x0924, 0x0924, 0x0924, 0x0924, 0x0965, 0x11a6, 0x2207, 0x2a68, 0x2a88, 0x2a88, 0x2aa8, 0x2ac8, 0x2a87, 0x2206, 0x1123,
    0x0061, 0x2103, 0x5a67, 0xbd0f, 0xe653, 0xbd0f, 0x62a7, 0x1061, 0x0000, 0x10c4, 0x4b0d, 0x7d37, 0x6d18, 0x328d, 0x0042, 0x1125,
    0x1a26, 0x1205, 0x19e6, 0x1206, 0x19e6, 0x19e7, 0x19c6, 0x0000, 0x4a68, 0x6b8b, 0x2124, 0x1145, 0x11c9, 0x226e, 0x2aef, 0x3372,
    0x3b93, 0x3ab1, 0x31ee, 0x326e, 0x320d, 0x0002, 0x0063, 0x1145, 0x1165, 0x1165, 0x1166, 0x10c4, 0x1001, 0xbc8d, 0xc5b4, 0x4455,
    0x3c98, 0x3458, 0x3457, 0x3c36, 0x3c36, 0x3b13, 0x29ef, 0x2949, 0x28c3, 0x28a3, 0x4186, 0x1063, 0x0863, 0x0904, 0x0904, 0x08e4,
    0x08e4, 0x08e4, 0x08e4, 0x08e4, 0x08c3, 0x10c4, 0x08c4, 0x08c4, 0x08c3, 0x00c3, 0x1124, 0x08e4, 0x08c4, 0x08c4, 0x08c4, 0x0083,
    0x08a3, 0x1103, 0x0083, 0x0083, 0x0883, 0x0883, 0x0082, 0x1904, 0x1104, 0x0082, 0x0083, 0x0083, 0x0083, 0x0061, 0x10e4, 0x08a4,
    0x0062, 0x0062, 0x0063, 0x0042, 0x10c3, 0x1924, 0x0042, 0x0022, 0x0042, 0x0042, 0x0021, 0x10e3, 0x1904, 0x0021, 0x0042, 0x0022,
    0x0042, 0x0001, 0x08c3, 0x0882, 0x0022, 0x0022, 0x0022, 0x0022, 0x0882, 0x1924, 0x0061, 0x0022, 0x0022, 0x0022, 0x0022, 0x0022,
    0x0022, 0x0022, 0x0001, 0x4ac9, 0x4b49, 0x5b8b, 0x1103, 0x0001, 0x0842, 0x0001, 0x2985, 0x536b, 0x536a, 0x3a47, 0x0021, 0x0063,
    0x0022, 0x10c3, 0x5b8b, 0x536a, 0x0041, 0x0843, 0x0842, 0x0001, 0x2184, 0x5b4b, 0x534b, 0x3a47, 0x0000, 0x0043, 0x0063, 0x0062,
    0x0083, 0x0082, 0x3a88, 0x6c6d, 0x1944, 0x0082, 0x08a4, 0x08a3, 0x00a2, 0x4b2a, 0x4b29, 0x534a, 0x08c3, 0x00a3, 0x0082, 0x2a06,
    0x5bcc, 0x53eb, 0x3287, 0x00a2, 0x08e4, 0x08a3, 0x21c6, 0x642d, 0x21e5, 0x0062, 0x08c4, 0x00c3, 0x1123, 0x4b6a, 0x4329, 0x4b4a,
    0x00c2, 0x08e4, 0x00a3, 0x2225, 0x4b8a, 0x4b6a, 0x32c8, 0x0103, 0x1144, 0x0964, 0x438a, 0x438a, 0x4369, 0x0984, 0x1186, 0x1184,
    0x3b29, 0x3309, 0x3b29, 0x1185, 0x1185, 0x1165, 0x1165, 0x2a88, 0x2a87, 0x1184, 0x1985, 0x1965, 0x0021, 0x18a4, 0x20c5, 0x18e5,
    0x2105, 0x2926, 0x2105, 0x31a8, 0x0864, 0x0023, 0x0843, 0x0843, 0x0043, 0x0043, 0x0043, 0x0043, 0x0043, 0x0843, 0x0843, 0x0843,
    0x0043, 0x0043, 0x0043, 0x0023, 0x0023, 0x0043, 0x0043, 0x0043, 0x0043, 0x0823, 0x0823, 0x0022, 0x21a6, 0x32e9, 0x2aa8, 0x2aa8,
    0x2267, 0x2247, 0x1a06, 0x19e6, 0x11c6, 0x0965, 0x0944, 0x0944, 0x0944, 0x0944, 0x0944, 0x0944, 0x1145, 0x1145, 0x1165, 0x1165,
    0x1145, 0x1144, 0x1144, 0x1145, 0x1145, 0x1145, 0x0944, 0x0965, 0x1165, 0x1165, 0x1165, 0x1165, 0x1165, 0x0965, 0x1185, 0x08a3,
    0x1084, 0x3188, 0x1083, 0x39a8, 0x18e5, 0x39c8, 0x18a4, 0x18c4, 0x2105, 0x10a4, 0x2967, 0x2967, 0x3187, 0x39e9, 0x3a09, 0x1905,
    0x630d, 0xad76, 0x0020, 0x52aa, 0xce79, 0xbdf7, 0xb595, 0xce59, 0xad55, 0x0021, 0x10a4, 0x738f, 0xce79, 0xd699, 0xce58, 0xdeda,
    0xad55, 0x9cb3, 0xa514, 0xc618, 0x5acb, 0x3187, 0x4a6a, 0x39e8, 0x31a7, 0x3167, 0x0843, 0x18e5, 0x3187, 0x3167, 0x3167, 0x2967,
    0x31a8, 0x2987, 0x00a2, 0x1165, 0x0964, 0x1144, 0x1145, 0x0965, 0x0964, 0x0944, 0x1166, 0x08a3, 0x08a2, 0x5c4e, 0x7df4, 0x32a8,
    0x0000, 0x0042, 0x18a2, 0xbbcd, 0x79e7, 0x0041, 0x1166, 0x1145, 0x1165, 0x1945, 0x1925, 0x1145, 0x1124, 0x0082, 0x08a3, 0x0905,
    0x1125, 0x1145, 0x1145, 0x1145, 0x0924, 0x0944, 0x0924, 0x1124, 0x0925, 0x0924, 0x0924, 0x0924, 0x0924, 0x0944, 0x1185, 0x19e6,
    0x2247, 0x2aa8, 0x2aa8, 0x2ac8, 0x2ac8, 0x32c8, 0x2a88, 0x2206, 0x1124, 0x0081, 0x10a1, 0x41c6, 0xa44d, 0xd5d0, 0xcd6f, 0x8baa,
    0x3943, 0x0000, 0x0000, 0x2146, 0x63d1, 0x8578, 0x6d16, 0x332f, 0x0927, 0x0063, 0x1986, 0x2207, 0x1a06, 0x1206, 0x19e6, 0x19e6,
    0x11e6, 0x19e6, 0x19a7, 0x0000, 0x83eb, 0xdf74, 0x8e77, 0x6576, 0x43ef, 0x2a4a, 0x1106, 0x08a5, 0x08c5, 0x0885, 0x0864, 0x0864,
    0x0864, 0x0864, 0x0022, 0x10e4, 0x1965, 0x1165, 0x1186, 0x1125, 0x0801, 0x30e2, 0x49e7, 0x21a8, 0x19eb, 0x19ec, 0x19ab, 0x1149,
    0x08e7, 0x0086, 0x0885, 0x2168, 0x530f, 0xac13, 0xc42f, 0x30e3, 0x0022, 0x08e4, 0x08e4, 0x08e4, 0x08e4, 0x08e4, 0x08e4, 0x08e4,
    0x08c4, 0x08c4, 0x08c4, 0x08c4, 0x00e3, 0x32a8, 0x4b8b, 0x0903, 0x08c4, 0x08c4, 0x00a3, 0x1104, 0x4b2a, 0x42c8, 0x0061, 0x0883,
    0x0883, 0x0042, 0x21e5, 0x42e9, 0x4309, 0x19a5, 0x0042, 0x0883, 0x0062, 0x21c6, 0x53cc, 0x1944, 0x0022, 0x0063, 0x0022, 0x1103,
    0x4309, 0x42c8, 0x3247, 0x0001, 0x0042, 0x0001, 0x2185, 0x42e8, 0x42c9, 0x29a6, 0x0021, 0x0042, 0x0021, 0x2165, 0x53ab, 0x21c5,
    0x0000, 0x0022, 0x0022, 0x0882, 0x4ae9, 0x3aa8, 0x3a67, 0x0021, 0x0022, 0x0022, 0x0022, 0x0022, 0x0022, 0x0022, 0x0882, 0x5b8b,
    0x0040, 0x4b2a, 0x3226, 0x0000, 0x0042, 0x0000, 0x4ae9, 0x1984, 0x21a4, 0x5bab, 0x0001, 0x0063, 0x0042, 0x08a3, 0x29e5, 0x4b49,
    0x0041, 0x0843, 0x0843, 0x0000, 0x42a8, 0x2184, 0x1964, 0x536b, 0x0000, 0x0042, 0x0062, 0x0062, 0x0063, 0x08a3, 0x1964, 0x53eb,
    0x1964, 0x0062, 0x08a4, 0x0063, 0x1164, 0x4b49, 0x0040, 0x53ab, 0x1964, 0x0062, 0x0081, 0x4349, 0x1a04, 0x2285, 0x53ec, 0x00a2,
    0x08e4, 0x08c4, 0x1123, 0x3ae8, 0x2225, 0x0082, 0x08e4, 0x0082, 0x29e6, 0x3b28, 0x00c0, 0x5c0c, 0x0923, 0x00c3, 0x00a3, 0x3b09,
    0x11e3, 0x1a04, 0x53cb, 0x0103, 0x0903, 0x19e5, 0x3b89, 0x01a1, 0x542b, 0x11e5, 0x0945, 0x1a06, 0x3328, 0x0162, 0x436a, 0x19e5,
    0x0965, 0x1165, 0x1185, 0x19e6, 0x2a87, 0x1184, 0x11a5, 0x1986, 0x1945, 0x0042, 0x1063, 0x2126, 0x18e5, 0x2105, 0x18c4, 0x2926,
    0x2947, 0x0022, 0x0843, 0x0043, 0x0043, 0x0043, 0x0043, 0x0043, 0x0043, 0x0043, 0x0043, 0x0043, 0x0023, 0x0023, 0x0023, 0x0023,
    0x0023, 0x0023, 0x0043, 0x0043, 0x0843, 0x0843, 0x0023, 0x10e4, 0x21e7, 0x11a5, 0x1164, 0x0944, 0x0924, 0x0924, 0x0924, 0x0924,
    0x0924, 0x0944, 0x0944, 0x0944, 0x0944, 0x0944, 0x0944, 0x1144, 0x1144, 0x1144, 0x1144, 0x1144, 0x1144, 0x1144, 0x1144, 0x1144,
    0x1144, 0x1144, 0x1145, 0x1165, 0x0965, 0x0965, 0x0965, 0x0965, 0x0965, 0x0965, 0x1165, 0x08e4, 0x0843, 0x420a, 0x18e5, 0x3167,
    0x18e5, 0x31a8, 0x2105, 0x2105, 0x41e9, 0x2126, 0x2105, 0x3187, 0x2987, 0x39c8, 0x3a09, 0x31a7, 0x2105, 0xbdf8, 0x4a49, 0x94b2,
    0xd699, 0xb5b6, 0xbdd6, 0xc617, 0x31c7, 0x0000, 0x0022, 0x39c8, 0x8c51, 0xd6ba, 0xd699, 0xd699, 0xe71b, 0xce59, 0xad34, 0xb5b6,
    0x18c3, 0x52cb, 0x4229, 0x39e8, 0x3187, 0x2946, 0x0002, 0x0843, 0x0863, 0x10a4, 0x18e4, 0x2126, 0x2946, 0x0883, 0x08c3, 0x1144,
    0x0944, 0x1145, 0x1144, 0x0964, 0x0964, 0x1965, 0x0082, 0x1123, 0x7db3, 0x6d52, 0x10e2, 0x0000, 0x10e4, 0x1105, 0x0000, 0x61a6,
    0xcbce, 0x40e3, 0x0041, 0x08e4, 0x0082, 0x0061, 0x0862, 0x0082, 0x0041, 0x31e7, 0x2964, 0x0861, 0x0061, 0x0041, 0x00a3, 0x0905,
    0x1105, 0x1125, 0x0924, 0x0903, 0x0903, 0x0924, 0x1164, 0x19c6, 0x2227, 0x2a67, 0x2aa8, 0x2ac8, 0x2ae8, 0x32e8, 0x32c9, 0x2a88,
    0x19c5, 0x0903, 0x0081, 0x1081, 0x4a05, 0x9c2c, 0xcd90, 0xc56f, 0x93cb, 0x49a4, 0x0800, 0x0000, 0x0021, 0x3229, 0x7493, 0x8598,
    0x64d5, 0x32ce, 0x08c6, 0x0043, 0x1105, 0x21e7, 0x2207, 0x1a06, 0x1a06, 0x1a06, 0x19e6, 0x1205, 0x1205, 0x1205, 0x1986, 0x0000,
    0x7ba9, 0xb64f, 0x3cb0, 0x3557, 0x45b8, 0x4598, 0x4d37, 0x54f6, 0x4c94, 0x3b92, 0x3b11, 0x3af1, 0x4b93, 0x4af0, 0x0003, 0x10e5,
    0x1986, 0x1165, 0x1986, 0x1125, 0x0001, 0x6248, 0x62aa, 0x326b, 0x222a, 0x222b, 0x228c, 0x32ed, 0x3b6f, 0x4433, 0x54d6, 0x5cd7,
    0x5354, 0x728f, 0xc3ce, 0x3944, 0x0002, 0x1105, 0x08e4, 0x08e4, 0x08c4, 0x08c4, 0x08c4, 0x08c4, 0x08c4, 0x08c4, 0x08c4, 0x08c4,
    0x0904, 0x11a4, 0x3b49, 0x0923, 0x08c4, 0x08c4, 0x00a3, 0x10e4, 0x2205, 0x3aa7, 0x0062, 0x0883, 0x08a3, 0x0041, 0x42e8, 0x0922,
    0x2a46, 0x3ac8, 0x0022, 0x0083, 0x0062, 0x1103, 0x3ae8, 0x1964, 0x0002, 0x0863, 0x0001, 0x2a47, 0x2204, 0x08e2, 0x4b6a, 0x0021,
    0x0022, 0x0001, 0x3aa8, 0x1122, 0x21c5, 0x42c9, 0x0001, 0x0042, 0x0022, 0x10c3, 0x3287, 0x2a05, 0x0001, 0x0043, 0x0001, 0x1965,
    0x3267, 0x0060, 0x4b4a, 0x0882, 0x0022, 0x0022, 0x0022, 0x0022, 0x0022, 0x0022, 0x08a2, 0x4b29, 0x2184, 0x4b6a, 0x3226, 0x0000,
    0x0043, 0x0000, 0x42a7, 0x2a05, 0x4288, 0x536a, 0x0021, 0x0043, 0x0043, 0x0001, 0x1123, 0x538b, 0x0041, 0x0043, 0x0043, 0x0000,
    0x3a87, 0x29e6, 0x3a47, 0x4309, 0x0020, 0x0063, 0x0062, 0x0062, 0x0063, 0x0863, 0x0061, 0x53aa, 0x1944, 0x0062, 0x08a3, 0x0042,
    0x1163, 0x4308, 0x21a4, 0x538a, 0x2184, 0x0042, 0x0082, 0x3b48, 0x2265, 0x4309, 0x4bca, 0x00c2, 0x08c4, 0x08e4, 0x0082, 0x32a8,
    0x2a46, 0x0061, 0x08e3, 0x0063, 0x2a06, 0x3b28, 0x2a46, 0x53cb, 0x0943, 0x00c3, 0x00a2, 0x3ae8, 0x2225, 0x32a7, 0x4b8a, 0x0903,
    0x00c3, 0x19e5, 0x3b47, 0x2286, 0x4bca, 0x1a26, 0x0124, 0x1a06, 0x3308, 0x1a05, 0x3b29, 0x1a06, 0x0944, 0x1165, 0x0944, 0x11a5,
    0x2a88, 0x1185, 0x11a6, 0x1185, 0x19a6, 0x1965, 0x0062, 0x0022, 0x10a4, 0x20e5, 0x2106, 0x18c5, 0x2106, 0x18c5, 0x0002, 0x0043,
    0x0043, 0x0043, 0x0043, 0x0043, 0x0043, 0x0043, 0x0043, 0x0043, 0x0023, 0x0023, 0x0023, 0x0023, 0x0023, 0x0823, 0x0823, 0x0843,
    0x0043, 0x0022, 0x0083, 0x1124, 0x0904, 0x0924, 0x0924, 0x0924, 0x0924, 0x0904, 0x1104, 0x1125, 0x0924, 0x1124, 0x0924, 0x0924,
    0x1124, 0x1124, 0x0944, 0x0944, 0x0944, 0x1144, 0x1144, 0x1144, 0x1145, 0x1145, 0x1145, 0x1145, 0x1144, 0x1145, 0x1145, 0x1144,
    0x1145, 0x1145, 0x0944, 0x0965, 0x0965, 0x1165, 0x0944, 0x1125, 0x0022, 0x2106, 0x2126, 0x2926, 0x2105, 0x2947, 0x3167, 0x2105,
    0x4209, 0x3187, 0x18e5, 0x3187, 0x2967, 0x31c8, 0x39e9, 0x4209, 0x10a3, 0x9493, 0x9492, 0x9cd3, 0xce79, 0xbdd6, 0xc658, 0x9d13,
    0x0001, 0x0023, 0x0002, 0x0863, 0x5acc, 0xad76, 0xdeda, 0xd6b9, 0xef7c, 0xa533, 0xd69a, 0x5aab, 0x2966, 0x5acc, 0x39e8, 0x31a8,
    0x2967, 0x18c4, 0x0042, 0x10e4, 0x08a3, 0x0082, 0x0062, 0x0062, 0x0062, 0x08a3, 0x1125, 0x1145, 0x1145, 0x0945, 0x1144, 0x1144,
    0x1165, 0x0061, 0x21c5, 0x8e54, 0x5c2e, 0x0040, 0x0883, 0x1125, 0x1125, 0x1124, 0x10a3, 0x0800, 0x8289, 0xbbad, 0x4104, 0x18c4,
    0x52cb, 0x5248, 0x9451, 0x10a2, 0x74f2, 0xb79a, 0xb758, 0xb6b6, 0x9552, 0x7c0f, 0x2966, 0x0021, 0x0883, 0x0062, 0x1145, 0x19c6,
    0x2227, 0x2a87, 0x2aa8, 0x2ac8, 0x2ac8, 0x2ac8, 0x2aa8, 0x2267, 0x19e5, 0x1144, 0x00a2, 0x0041, 0x3143, 0x6ac8, 0xb46e, 0xd571,
    0xd590, 0xa44c, 0x5225, 0x1060, 0x0000, 0x0000, 0x1905, 0x536f, 0x7d16, 0x7d58, 0x5413, 0x220b, 0x0085, 0x0084, 0x1145, 0x2207,
    0x2227, 0x1a07, 0x19e6, 0x1a06, 0x1a06, 0x19e6, 0x19e6, 0x11e6, 0x11c6, 0x19e6, 0x21a6, 0x0000, 0x6b49, 0xbe72, 0x4cd2, 0x2cd7,
    0x24b5, 0x2495, 0x1c96, 0x24b6, 0x3456, 0x2314, 0x32d4, 0x2a93, 0x3b55, 0x42d0, 0x0004, 0x1126, 0x1986, 0x1165, 0x1165, 0x1125,
    0x0000, 0x82c8, 0xbd10, 0x64f5, 0x4d78, 0x4d9a, 0x457a, 0x4559, 0x3d39, 0x34d8, 0x2c57, 0x2b75, 0x2a51, 0x6290, 0xcc31, 0x5185,
    0x0000, 0x10e4, 0x08e4, 0x08e4, 0x08c4, 0x08c4, 0x08c4, 0x08c4, 0x08c4, 0x08c4, 0x08c4, 0x08c4, 0x08c3, 0x00e2, 0x3b2a, 0x0903,
    0x08a4, 0x08c4, 0x08c4, 0x0062, 0x0923, 0x42c8, 0x0062, 0x0883, 0x0082, 0x0041, 0x3ac8, 0x21a5, 0x3ac8, 0x32a7, 0x0041, 0x0063,
    0x0063, 0x0000, 0x3a88, 0x2185, 0x0002, 0x0843, 0x0001, 0x2a46, 0x2a45, 0x29e6, 0x4328, 0x0081, 0x0022, 0x0001, 0x3267, 0x21c5,
    0x3a47, 0x3aa7, 0x0021, 0x0023, 0x0042, 0x0000, 0x3226, 0x2a06, 0x0001, 0x0043, 0x0001, 0x1964, 0x3226, 0x1944, 0x430a, 0x10c2,
    0x0022, 0x0022, 0x0022, 0x0022, 0x0022, 0x0022, 0x0881, 0x536a, 0x3206, 0x3267, 0x3a67, 0x0000, 0x0043, 0x0000, 0x3a87, 0x4309,
    0x21a5, 0x534a, 0x0021, 0x0043, 0x0043, 0x0022, 0x1964, 0x538b, 0x0041, 0x0063, 0x0042, 0x0000, 0x3a67, 0x4b09, 0x1964, 0x4309,
    0x0041, 0x0062, 0x0062, 0x0062, 0x0063, 0x0863, 0x0081, 0x4b6a, 0x1944, 0x0062, 0x08a3, 0x0062, 0x1143, 0x53cb, 0x21a4, 0x42e8,
    0x29c5, 0x0042, 0x0062, 0x3b48, 0x4369, 0x21c5, 0x53eb, 0x00c2, 0x08c4, 0x08c4, 0x00a3, 0x3ae9, 0x2a67, 0x00a2, 0x08e4, 0x0063,
    0x21e5, 0x53eb, 0x21e4, 0x4369, 0x1143, 0x00c3, 0x0082, 0x3ae8, 0x4329, 0x19a3, 0x53aa, 0x0923, 0x08e4, 0x19e5, 0x4bca, 0x2265,
    0x3b48, 0x1a26, 0x0924, 0x19e5, 0x438a, 0x1a05, 0x32c8, 0x2226, 0x0944, 0x1165, 0x0965, 0x11c5, 0x2a88, 0x1185, 0x11a6, 0x11a6,
    0x11a6, 0x19a6, 0x19a6, 0x08a4, 0x0001, 0x0842, 0x1084, 0x18e5, 0x18e5, 0x2947, 0x2126, 0x0843, 0x0023, 0x0843, 0x0043, 0x0043,
    0x0043, 0x0043, 0x0043, 0x0043, 0x0043, 0x0023, 0x0023, 0x0043, 0x0043, 0x0043, 0x0843, 0x0023, 0x0022, 0x08a4, 0x1125, 0x0924,
    0x0924, 0x1125, 0x1124, 0x1124, 0x1124, 0x0924, 0x1124, 0x1124, 0x1124, 0x1124, 0x1124, 0x1124, 0x1124, 0x1124, 0x0924, 0x0944,
    0x0944, 0x0944, 0x1144, 0x1144, 0x1144, 0x1144, 0x1145, 0x1145, 0x1145, 0x1145, 0x1145, 0x1145, 0x1145, 0x1165, 0x0965, 0x0965,
    0x0945, 0x1145, 0x0964, 0x1165, 0x0063, 0x1084, 0x20e5, 0x2105, 0x2947, 0x18e5, 0x39a8, 0x1084, 0x2105, 0x2105, 0x10a4, 0x3187,
    0x2967, 0x31a8, 0x39e9, 0x3a09, 0x2987, 0x2966, 0xbdf8, 0x7bcf, 0xbdd7, 0xc618, 0xce79, 0x5aec, 0x0001, 0x0844, 0x0824, 0x0001,
    0x2105, 0x6b6e, 0xce38, 0xf7bd, 0xb5b5, 0xc617, 0xad55, 0x10a3, 0x5aec, 0x4a4a, 0x31c8, 0x2967, 0x2947, 0x0863, 0x08a3, 0x1965,
    0x1165, 0x1145, 0x1145, 0x1145, 0x1145, 0x1145, 0x1145, 0x0944, 0x0944, 0x0964, 0x1144, 0x1145, 0x08a3, 0x1963, 0x8e95, 0x540d,
    0x0020, 0x08e4, 0x1145, 0x1124, 0x0944, 0x0924, 0x1144, 0x00a3, 0x0820, 0x82aa, 0x6208, 0x6b2d, 0x62aa, 0xac0f, 0x6a8a, 0x3aca,
    0x8ef8, 0x6654, 0x7e95, 0x6d50, 0xbfb9, 0x5b4b, 0x742f, 0xa617, 0x7c71, 0x3a28, 0x0062, 0x2a69, 0x2a48, 0x19e6, 0x11a5, 0x0944,
    0x0903, 0x00a2, 0x0061, 0x10a2, 0x3144, 0x5a67, 0x93eb, 0xbcee, 0xe5d1, 0xdd90, 0xa42c, 0x5a05, 0x1861, 0x0000, 0x0000, 0x2126,
    0x4aed, 0x7493, 0x7d77, 0x6cd6, 0x430f, 0x1127, 0x0064, 0x08c4, 0x1966, 0x2207, 0x1a47, 0x1a26, 0x1a06, 0x1a06, 0x1a06, 0x1a06,
    0x1a06, 0x19e6, 0x19c6, 0x19c6, 0x21c7, 0x1985, 0x08a3, 0x0000, 0x0000, 0x1903, 0x19c8, 0x332f, 0x3c33, 0x3cd6, 0x34d7, 0x34d7,
    0x3437, 0x2af4, 0x32b5, 0x2ab4, 0x4396, 0x42f1, 0x0004, 0x1126, 0x1166, 0x0944, 0x1145, 0x1925, 0x0001, 0x4964, 0xb40c, 0x53b0,
    0x2416, 0x2456, 0x2456, 0x2436, 0x2436, 0x2457, 0x3478, 0x4417, 0x3ab2, 0x4a4f, 0x728c, 0x20a3, 0x0021, 0x08c4, 0x08c4, 0x08c4,
    0x08e4, 0x08c4, 0x08c4, 0x08c4, 0x08c4, 0x08c4, 0x08c4, 0x08c4, 0x08c4, 0x0903, 0x3b09, 0x0103, 0x08a4, 0x08c3, 0x08a3, 0x0063,
    0x1185, 0x42e9, 0x0062, 0x08a3, 0x0882, 0x0061, 0x3ac8, 0x3288, 0x19a4, 0x3ae8, 0x0041, 0x0063, 0x0063, 0x0021, 0x3a88, 0x1964,
    0x0002, 0x0863, 0x0001, 0x2225, 0x4b69, 0x1964, 0x4308, 0x00a1, 0x0023, 0x0001, 0x3287, 0x3aa8, 0x1943, 0x3ac8, 0x0021, 0x0023,
    0x0022, 0x0000, 0x3206, 0x29e6, 0x0001, 0x0043, 0x0001, 0x1943, 0x42e8, 0x1923, 0x3aa9, 0x10e2, 0x0022, 0x0022, 0x0022, 0x0022,
    0x0022, 0x0022, 0x0041, 0x6c0d, 0x10e2, 0x3267, 0x3a47, 0x0000, 0x0063, 0x0000, 0x42c8, 0x3aa8, 0x10e2, 0x538b, 0x0021, 0x0043,
    0x0043, 0x0021, 0x1163, 0x53aa, 0x0040, 0x0043, 0x0043, 0x0000, 0x3a88, 0x42a8, 0x08e1, 0x534a, 0x0000, 0x0043, 0x0062, 0x0062,
    0x0063, 0x0083, 0x0060, 0x4b69, 0x1944, 0x0062, 0x00a3, 0x0043, 0x0903, 0x642c, 0x0080, 0x4b8a, 0x29c5, 0x0063, 0x0041, 0x4308,
    0x3ac7, 0x1163, 0x5bec, 0x00a2, 0x08e4, 0x08e4, 0x00a2, 0x3b08, 0x2a66, 0x00a2, 0x08e4, 0x0063, 0x21c5, 0x53cb, 0x00a0, 0x53ab,
    0x0903, 0x08c3, 0x00a2, 0x4329, 0x3308, 0x11a3, 0x5c0c, 0x0924, 0x0904, 0x11a5, 0x53eb, 0x0141, 0x4b69, 0x19e5, 0x0904, 0x1184,
    0x4b8a, 0x0163, 0x3ac8, 0x2206, 0x0944, 0x1185, 0x0944, 0x11a5, 0x2a87, 0x0964, 0x11a5, 0x11c6, 0x11a6, 0x19c6, 0x19c6, 0x21c7,
    0x1966, 0x08a3, 0x0022, 0x0002, 0x0883, 0x0884, 0x18c5, 0x1906, 0x0864, 0x0023, 0x0023, 0x0023, 0x0043, 0x0043, 0x0043, 0x0043,
    0x0043, 0x0043, 0x0023, 0x0023, 0x0043, 0x0043, 0x0043, 0x0063, 0x10e4, 0x1125, 0x0904, 0x0924, 0x0924, 0x1104, 0x0924, 0x0924,
    0x0924, 0x0924, 0x0924, 0x0924, 0x1124, 0x1124, 0x1124, 0x1124, 0x1124, 0x1124, 0x0924, 0x0944, 0x0944, 0x0944, 0x0944, 0x0944,
    0x0944, 0x1144, 0x1144, 0x1144, 0x1144, 0x1144, 0x1144, 0x1145, 0x1145, 0x1145, 0x1145, 0x1165, 0x1145, 0x1145, 0x0964, 0x1165,
    0x08c4, 0x0863, 0x39e9, 0x18c5, 0x3187, 0x18c4, 0x3187, 0x18c4, 0x2126, 0x31a8, 0x18a4, 0x2946, 0x2967, 0x2967, 0x39e9, 0x39e9,
    0x422a, 0x10c4, 0x73af, 0xbdf8, 0x7bcf, 0xbdd7, 0xbdf8, 0x0842, 0x0000, 0x0002, 0x0002, 0x2105, 0x7bcf, 0x8430, 0xd699, 0xbdf7,
    0xb595, 0xce79, 0x2945, 0x4a49, 0x5b0c, 0x3a09, 0x31a8, 0x2946, 0x2105, 0x0042, 0x1125, 0x1144, 0x0944, 0x0944, 0x0944, 0x0944,
    0x0945, 0x0945, 0x0945, 0x0944, 0x0944, 0x0944, 0x1145, 0x0904, 0x0882, 0x8df4, 0x5c8e, 0x0020, 0x0924, 0x1165, 0x0924, 0x1144,
    0x0944, 0x0944, 0x0944, 0x1125, 0x08a3, 0x0021, 0x0841, 0x5aac, 0x30e4, 0x924a, 0x20a2, 0x5cb2, 0x6616, 0x6e37, 0x5cf2, 0x5cd0,
    0x540d, 0x3267, 0xaed8, 0x3a27, 0x3985, 0x41a6, 0x2082, 0x20e3, 0x2903, 0x28e3, 0x3103, 0x49a5, 0x6226, 0x7ac9, 0x936b, 0xb46e,
    0xcccf, 0xcd0f, 0xac0b, 0x72a7, 0x3923, 0x1040, 0x0000, 0x0882, 0x31c8, 0x5b4e, 0x7494, 0x8577, 0x7d37, 0x4b91, 0x19aa, 0x00a4,
    0x0082, 0x0905, 0x19a7, 0x2227, 0x2227, 0x1a06, 0x1a06, 0x1a06, 0x1a06, 0x1a05, 0x1a06, 0x1a06, 0x11e6, 0x19c6, 0x19e6, 0x19c6,
    0x08e4, 0x0000, 0x0861, 0x4a27, 0x5a67, 0x18a2, 0x0000, 0x0000, 0x0063, 0x1167, 0x226c, 0x3392, 0x3393, 0x32d2, 0x3ab3, 0x3ab2,
    0x4312, 0x29ec, 0x0003, 0x1126, 0x1165, 0x0944, 0x1144, 0x1925, 0x0042, 0x1861, 0xabed, 0x7c33, 0x3c57, 0x3c98, 0x3498, 0x3c77,
    0x3c56, 0x33f4, 0x2b10, 0x21cc, 0x08a7, 0x0002, 0x0000, 0x0000, 0x0001, 0x0883, 0x10c4, 0x08e4, 0x08e4, 0x08c4, 0x08c4, 0x08c4,
    0x08c4, 0x08c4, 0x08c4, 0x08c4, 0x08c3, 0x00e2, 0x3b09, 0x00e2, 0x08a3, 0x00c3, 0x08a3, 0x0083, 0x1163, 0x3b08, 0x0061, 0x08a3,
    0x0883, 0x0021, 0x4309, 0x2205, 0x1163, 0x42e9, 0x0021, 0x0063, 0x0063, 0x0000, 0x3287, 0x1964, 0x0021, 0x0062, 0x0001, 0x21e6,
    0x4b29, 0x00a1, 0x4349, 0x0061, 0x0043, 0x0001, 0x3aa8, 0x2a26, 0x1102, 0x3ac8, 0x0001, 0x0022, 0x0042, 0x0000, 0x2a26, 0x29e5,
    0x0000, 0x0042, 0x0001, 0x1124, 0x4b4a, 0x0060, 0x42e9, 0x0882, 0x0022, 0x0022, 0x0022, 0x0022, 0x0022, 0x0042, 0x0001, 0x3a47,
    0x534a, 0x534a, 0x10c2, 0x0001, 0x0022, 0x0021, 0x1923, 0x536b, 0x5b6b, 0x3206, 0x0021, 0x0863, 0x0022, 0x1104, 0x4b6a, 0x542a,
    0x3a67, 0x0021, 0x0843, 0x0022, 0x1123, 0x536b, 0x5b8b, 0x3206, 0x0001, 0x0043, 0x0043, 0x0062, 0x0063, 0x0082, 0x3aa8, 0x53ea,
    0x532a, 0x08a3, 0x0082, 0x0883, 0x0062, 0x4329, 0x53cb, 0x538a, 0x08c3, 0x0883, 0x0082, 0x1964, 0x5b8b, 0x53aa, 0x2a05, 0x0063,
    0x08e4, 0x08c3, 0x2a47, 0x540b, 0x53eb, 0x21a6, 0x08a3, 0x08c3, 0x08e2, 0x4329, 0x536a, 0x3ac8, 0x0082, 0x08c3, 0x08c3, 0x1a05,
    0x53eb, 0x53eb, 0x2aa7, 0x0104, 0x1125, 0x0103, 0x3308, 0x4baa, 0x3ae7, 0x0903, 0x1104, 0x0923, 0x2aa7, 0x3ae9, 0x3ac8, 0x1164,
    0x0945, 0x1164, 0x1185, 0x2268, 0x32e8, 0x2247, 0x11a5, 0x11a5, 0x11c6, 0x19c6, 0x19e6, 0x19e6, 0x19e6, 0x1986, 0x1925, 0x0883,
    0x0022, 0x0022, 0x0002, 0x0023, 0x0864, 0x0843, 0x0023, 0x0023, 0x0023, 0x0023, 0x0023, 0x0023, 0x0023, 0x0023, 0x0023, 0x0023,
    0x0042, 0x0063, 0x08a3, 0x10e4, 0x0904, 0x1105, 0x0905, 0x0904, 0x0904, 0x0924, 0x1105, 0x1105, 0x0904, 0x1124, 0x0924, 0x0924,
    0x1124, 0x1124, 0x0924, 0x0924, 0x0924, 0x0924, 0x0924, 0x0924, 0x0944, 0x0924, 0x0924, 0x0944, 0x0944, 0x0944, 0x0944, 0x0944,
    0x1144, 0x1144, 0x1144, 0x1144, 0x1144, 0x1144, 0x1145, 0x1145, 0x1145, 0x1145, 0x0964, 0x0964, 0x1125, 0x0022, 0x2126, 0x2106,
    0x2126, 0x2106, 0x2126, 0x2926, 0x18c5, 0x39c8, 0x2106, 0x18e5, 0x2967, 0x2146, 0x31a8, 0x39e9, 0x3a09, 0x4229, 0x10a3, 0x9cd3,
    0xbdd7, 0x83f0, 0x6b6e, 0x2945, 0x39e9, 0x4a6b, 0x7bd0, 0xa534, 0xd69a, 0xce58, 0x9cf3, 0xbdb6, 0xd69a, 0x39c7, 0x39c7, 0x634d,
    0x4249, 0x39e9, 0x2967, 0x2947, 0x0863, 0x0883, 0x1145, 0x0944, 0x0944, 0x0944, 0x0944, 0x0944, 0x0945, 0x0945, 0x0945, 0x1144,
    0x0944, 0x1125, 0x1165, 0x0040, 0x5bac, 0x8e13, 0x0060, 0x08c3, 0x1145, 0x1124, 0x1124, 0x0924, 0x0924, 0x0944, 0x0924, 0x0924,
    0x1144, 0x08e4, 0x0041, 0x420a, 0x3925, 0x8a4a, 0x2926, 0x6cb5, 0x5cf5, 0x5d15, 0x5d34, 0x6db5, 0x1986, 0x6490, 0x3b6c, 0x20a2,
    0xa3ad, 0xa30b, 0xab6b, 0xabab, 0xb3ac, 0xbbac, 0xbbac, 0xab8b, 0x9b4a, 0x8b09, 0x6a46, 0x4963, 0x28a1, 0x1000, 0x0000, 0x0862,
    0x2187, 0x4acb, 0x6c52, 0x8557, 0x85b8, 0x7537, 0x53d1, 0x220a, 0x08e6, 0x0043, 0x08a4, 0x1965, 0x2227, 0x2247, 0x1a26, 0x1206,
    0x1a06, 0x1a06, 0x1a06, 0x1206, 0x19e6, 0x19e6, 0x19e6, 0x19e6, 0x19e6, 0x19e7, 0x19c6, 0x0883, 0x0000, 0x6ae8, 0xe612, 0xf651,
    0xe571, 0xc42f, 0x61a6, 0x4945, 0x4925, 0x3063, 0x1802, 0x1024, 0x1045, 0x1045, 0x0846, 0x0845, 0x0844, 0x0003, 0x0043, 0x1145,
    0x1164, 0x0964, 0x1144, 0x1165, 0x08e4, 0x0001, 0x4144, 0x4a0a, 0x222c, 0x220c, 0x21eb, 0x198a, 0x1128, 0x0885, 0x0002, 0x0000,
    0x20a2, 0x51c6, 0x6248, 0x49a6, 0x1841, 0x0000, 0x0863, 0x10c4, 0x08c4, 0x08c4, 0x08c4, 0x08c4, 0x08c4, 0x08c4, 0x08c4, 0x08c4,
    0x0904, 0x3288, 0x4369, 0x3247, 0x0083, 0x00c4, 0x00a3, 0x1125, 0x3b09, 0x4baa, 0x3227, 0x0083, 0x0883, 0x0042, 0x19a4, 0x4309,
    0x4309, 0x1964, 0x0022, 0x0063, 0x0042, 0x29e6, 0x4b6a, 0x4309, 0x10e4, 0x0042, 0x0042, 0x08c2, 0x42e8, 0x42e9, 0x2a25, 0x0001,
    0x0043, 0x0021, 0x1964, 0x4b09, 0x430a, 0x1964, 0x0001, 0x0042, 0x0001, 0x2186, 0x4329, 0x4b29, 0x1924, 0x0001, 0x0022, 0x0062,
    0x3a88, 0x4ae9, 0x3227, 0x0001, 0x0022, 0x0022, 0x0022, 0x0022, 0x0022, 0x0022, 0x0022, 0x0020, 0x1104, 0x0882, 0x0001, 0x0022,
    0x0022, 0x0042, 0x0000, 0x0883, 0x10e4, 0x0000, 0x0042, 0x0042, 0x0042, 0x0062, 0x08c2, 0x08c1, 0x08a2, 0x0022, 0x0042, 0x0042,
    0x0020, 0x08a2, 0x1103, 0x0021, 0x0042, 0x0043, 0x0043, 0x0062, 0x0062, 0x0062, 0x08c3, 0x08c2, 0x10e3, 0x0082, 0x0062, 0x0083,
    0x0062, 0x00a2, 0x1964, 0x08c2, 0x0883, 0x08a3, 0x00a3, 0x0061, 0x10e3, 0x1103, 0x0061, 0x08a3, 0x08a3, 0x00c3, 0x0924, 0x0943,
    0x1144, 0x0903, 0x08c3, 0x00c3, 0x00a2, 0x08c2, 0x1143, 0x00a1, 0x08c3, 0x08c3, 0x0904, 0x0103, 0x1184, 0x19a5, 0x0102, 0x0924,
    0x0904, 0x0904, 0x0102, 0x19a5, 0x0902, 0x0903, 0x0904, 0x0904, 0x0123, 0x19a5, 0x1144, 0x0944, 0x0964, 0x1164, 0x1185, 0x19c6,
    0x19e6, 0x19e6, 0x1185, 0x1185, 0x1186, 0x1165, 0x1145, 0x0924, 0x0904, 0x08e4, 0x08e4, 0x08e4, 0x08c4, 0x08a4, 0x0884, 0x0883,
    0x0042, 0x0042, 0x0043, 0x0043, 0x0043, 0x0043, 0x0043, 0x0043, 0x0042, 0x0042, 0x0063, 0x0883, 0x08c4, 0x10e4, 0x1104, 0x0904,
    0x0904, 0x0904, 0x0904, 0x0904, 0x0904, 0x0924, 0x0904, 0x1104, 0x1104, 0x1104, 0x1124, 0x1124, 0x1124, 0x1124, 0x1125, 0x1144,
    0x1144, 0x1144, 0x0944, 0x0944, 0x0944, 0x0944, 0x0924, 0x0924, 0x1124, 0x1144, 0x0944, 0x0944, 0x1144, 0x0944, 0x0944, 0x1145,
    0x1145, 0x1145, 0x1145, 0x1145, 0x1145, 0x1145, 0x0944, 0x0944, 0x1145, 0x0883, 0x0843, 0x2126, 0x10a4, 0x2967, 0x18c4, 0x3187,
    0x1063, 0x2105, 0x18e5, 0x1083, 0x2967, 0x2967, 0x2967, 0x39c8, 0x3a09, 0x4229, 0x4209, 0x1082, 0x8c71, 0xce79, 0x8410, 0x6b4d,
    0x736e, 0x8410, 0x9492, 0x94b2, 0x94b2, 0x9cb2, 0xd699, 0xbdf7, 0x2966, 0x31c7, 0x6b6e, 0x52ab, 0x3a08, 0x31c8, 0x2946, 0x2106,
    0x0022, 0x1104, 0x1125, 0x0945, 0x0945, 0x0945, 0x0944, 0x0944, 0x0944, 0x0944, 0x1144, 0x1144, 0x1144, 0x1145, 0x1105, 0x1102,
    0x9633, 0x3ac8, 0x0021, 0x1145, 0x1124, 0x0944, 0x0944, 0x0944, 0x0944, 0x1124, 0x1125, 0x0924, 0x0923, 0x0923, 0x08e3, 0x0841,
    0x20c3, 0x7acc, 0x4188, 0x7bd3, 0x63b4, 0x63f4, 0x6435, 0x5c33, 0x21a7, 0x5cd3, 0x21e8, 0x18e3, 0x3166, 0x3965, 0x3124, 0x28e3,
    0x28c2, 0x28a2, 0x20a2, 0x20a2, 0x1082, 0x10e3, 0x1925, 0x21a7, 0x328a, 0x5bcf, 0x7493, 0x8577, 0x8598, 0x7558, 0x5c53, 0x3b0e,
    0x21ca, 0x08e5, 0x0063, 0x0883, 0x1145, 0x21e6, 0x2247, 0x2227, 0x2226, 0x1a06, 0x1206, 0x1a26, 0x1a06, 0x1a06, 0x1a06, 0x1206,
    0x1206, 0x19e6, 0x19e6, 0x11e6, 0x11e6, 0x21e7, 0x08c4, 0x0000, 0x942b, 0xff13, 0xdc8d, 0xb287, 0xb1e7, 0xba28, 0xaa6a, 0x6925,
    0x8a29, 0xa24b, 0x91ea, 0x81aa, 0x6969, 0x5928, 0x5107, 0x5948, 0x4968, 0x0002, 0x10c4, 0x1145, 0x0944, 0x1144, 0x1145, 0x1145,
    0x1125, 0x10a4, 0x0001, 0x0801, 0x1042, 0x1821, 0x1821, 0x1842, 0x2883, 0x3905, 0x38e3, 0x9b4b, 0xe4f0, 0xed10, 0xed31, 0xed72,
    0xd4f1, 0x7247, 0x0800, 0x0862, 0x10c4, 0x08c4, 0x08e4, 0x08c4, 0x08c4, 0x08c4, 0x08c4, 0x00c3, 0x08c3, 0x1124, 0x0903, 0x1103,
    0x08a3, 0x08a3, 0x00a3, 0x08c4, 0x1124, 0x0923, 0x10e4, 0x0883, 0x0863, 0x0883, 0x0061, 0x08e3, 0x10c3, 0x0041, 0x0062, 0x0062,
    0x0042, 0x08a3, 0x08c2, 0x08c3, 0x0862, 0x0042, 0x0062, 0x0021, 0x0082, 0x1103, 0x0021, 0x0042, 0x0022, 0x0042, 0x0021, 0x10a3,
    0x08c3, 0x0021, 0x0042, 0x0022, 0x0021, 0x0882, 0x08a2, 0x08a2, 0x0862, 0x0021, 0x0022, 0x0021, 0x0041, 0x10e3, 0x0021, 0x0021,
    0x0022, 0x0022, 0x0022, 0x0022, 0x0022, 0x0022, 0x0022, 0x0022, 0x0002, 0x0002, 0x0022, 0x0022, 0x0022, 0x0022, 0x0042, 0x0002,
    0x0002, 0x0022, 0x0042, 0x0042, 0x0042, 0x0022, 0x0022, 0x0022, 0x0022, 0x0042, 0x0042, 0x0042, 0x0043, 0x0022, 0x0022, 0x0042,
    0x0042, 0x0043, 0x0043, 0x0043, 0x0062, 0x0062, 0x0042, 0x0022, 0x0021, 0x0062, 0x0063, 0x0063, 0x0063, 0x0883, 0x0043, 0x0883,
    0x0883, 0x0883, 0x0883, 0x08a3, 0x0083, 0x0083, 0x08a3, 0x00a3, 0x08a3, 0x00c3, 0x00a3, 0x08a3, 0x00a3, 0x00c3, 0x08c4, 0x08c3,
    0x08c3, 0x08c3, 0x0083, 0x08c3, 0x08c3, 0x08c4, 0x08e4, 0x0904, 0x08e4, 0x08c4, 0x0904, 0x08e4, 0x08e5, 0x0904, 0x0904, 0x08e3,
    0x0904, 0x0904, 0x0904, 0x0924, 0x1124, 0x0904, 0x0924, 0x0924, 0x1144, 0x1165, 0x1165, 0x1145, 0x0924, 0x0924, 0x0904, 0x08e4,
    0x08c4, 0x08c4, 0x08c4, 0x08c4, 0x08c4, 0x08e4, 0x08e4, 0x08e4, 0x08e4, 0x08e5, 0x08e4, 0x10e4, 0x10e4, 0x08e4, 0x08c4, 0x08c4,
    0x08c4, 0x08c4, 0x08a4, 0x08c4, 0x08c4, 0x08c4, 0x08e4, 0x10e5, 0x1105, 0x0904, 0x0904, 0x0904, 0x0904, 0x0904, 0x0904, 0x0904,
    0x0904, 0x0904, 0x0904, 0x1104, 0x1104, 0x1104, 0x1104, 0x1124, 0x1124, 0x1124, 0x1124, 0x0924, 0x0924, 0x1124, 0x1144, 0x0944,
    0x0944, 0x0944, 0x0924, 0x0924, 0x1124, 0x1124, 0x0944, 0x0944, 0x0944, 0x0944, 0x0944, 0x0945, 0x0945, 0x0945, 0x0945, 0x1145,
    0x1145, 0x1145, 0x1144, 0x1144, 0x1145, 0x1105, 0x0022, 0x2126, 0x2126, 0x2126, 0x18e5, 0x2106, 0x2105, 0x20e5, 0x39e9, 0x2126,
    0x2105, 0x2967, 0x2146, 0x2987, 0x3a09, 0x3a09, 0x4a4a, 0x4a49, 0x10a2, 0x5aeb, 0xc638, 0xce79, 0xad55, 0xa514, 0xa534, 0xad55,
    0xce58, 0xd679, 0x8430, 0x10a3, 0x39e8, 0x738e, 0x52ab, 0x39e8, 0x31c8, 0x2146, 0x2967, 0x0863, 0x0083, 0x1145, 0x1125, 0x0945,
    0x0945, 0x1125, 0x1145, 0x0944, 0x0944, 0x0924, 0x1124, 0x1124, 0x0924, 0x1145, 0x0863, 0x2a06, 0x95f2, 0x08a2, 0x08e4, 0x1145,
    0x1124, 0x1144, 0x1144, 0x0944, 0x0124, 0x0124, 0x0944, 0x0964, 0x11a5, 0x1a26, 0x2a68, 0x19a5, 0x0861, 0x0841, 0x28e5, 0x93d3,
    0x7b53, 0x6b12, 0x62f2, 0x52cf, 0x1946, 0x6493, 0x1106, 0x530e, 0x8d99, 0x7d57, 0x7536, 0x74f5, 0x74d4, 0x6cd4, 0x6cf5, 0x7536,
    0x7d97, 0x8598, 0x7d98, 0x7d77, 0x6cf6, 0x5c53, 0x4b70, 0x32ac, 0x19c9, 0x08e6, 0x0083, 0x0063, 0x10e4, 0x1986, 0x2207, 0x2247,
    0x1a47, 0x1a26, 0x1a06, 0x1a06, 0x1a06, 0x1a06, 0x1a06, 0x1a06, 0x1a06, 0x1a06, 0x1a06, 0x1206, 0x11e6, 0x11c6, 0x11c6, 0x11c6,
    0x11c6, 0x1966, 0x0000, 0x6b09, 0xfef3, 0xcb89, 0xb1e7, 0xc249, 0xc22a, 0xca2a, 0xc26b, 0xaa6a, 0x68c4, 0x99e9, 0xa1ea, 0xa1ab,
    0x99cb, 0x91cb, 0x91cb, 0x8a0b, 0x61c9, 0x0001, 0x08c4, 0x0904, 0x0904, 0x0904, 0x0904, 0x0904, 0x0904, 0x1105, 0x0001, 0x3946,
    0x828b, 0x8209, 0x7a09, 0x7a2a, 0x7a29, 0x5904, 0xab0b, 0xd38d, 0xc2aa, 0xba89, 0xba69, 0xbaca, 0xdc0e, 0xfd33, 0x8acb, 0x1000,
    0x08a3, 0x08e4, 0x08c4, 0x08c4, 0x08c4, 0x08c4, 0x08c4, 0x00c3, 0x08c3, 0x0883, 0x0083, 0x0083, 0x08a3, 0x08a3, 0x08a3, 0x0883,
    0x0063, 0x0063, 0x0063, 0x0883, 0x0863, 0x0063, 0x0063, 0x0042, 0x0843, 0x0863, 0x0062, 0x0062, 0x0043, 0x0042, 0x0042, 0x0043,
    0x0042, 0x0042, 0x0042, 0x0043, 0x0022, 0x0021, 0x0022, 0x0042, 0x0022, 0x0022, 0x0022, 0x0002, 0x0002, 0x0042, 0x0022, 0x0022,
    0x0022, 0x0002, 0x0002, 0x0002, 0x0002, 0x0022, 0x0022, 0x0022, 0x0022, 0x0001, 0x0022, 0x0022, 0x0022, 0x0022, 0x0022, 0x0022,
    0x0022, 0x0022, 0x0022, 0x0022, 0x0002, 0x0022, 0x0022, 0x0023, 0x0023, 0x0023, 0x0023, 0x0042, 0x0022, 0x0042, 0x0043, 0x0022,
    0x0022, 0x0042, 0x0022, 0x0022, 0x0042, 0x0042, 0x0042, 0x0043, 0x0043, 0x0043, 0x0042, 0x0042, 0x0042, 0x0043, 0x0043, 0x0042,
    0x0042, 0x0043, 0x0063, 0x0062, 0x0042, 0x0063, 0x0063, 0x0043, 0x0063, 0x0083, 0x08a3, 0x0083, 0x0063, 0x0883, 0x0883, 0x08a3,
    0x00a4, 0x00a3, 0x00a3, 0x00a3, 0x00a3, 0x08a3, 0x08c4, 0x08c3, 0x08c4, 0x08c4, 0x08c4, 0x08c4, 0x08e4, 0x08c4, 0x00a3, 0x08e4,
    0x08c4, 0x08c4, 0x08c4, 0x08e4, 0x08e3, 0x08c3, 0x08e4, 0x08c5, 0x08c5, 0x08e4, 0x0904, 0x0904, 0x0904, 0x0904, 0x0904, 0x0924,
    0x0924, 0x0924, 0x0924, 0x1124, 0x1125, 0x0904, 0x08e4, 0x00e3, 0x00e3, 0x08c4, 0x08c4, 0x08e4, 0x08e4, 0x08e4, 0x08e4, 0x08e4,
    0x08e4, 0x08e4, 0x08e4, 0x08e4, 0x08e4, 0x08e4, 0x08e4, 0x08e4, 0x08e4, 0x08e4, 0x08e4, 0x0904, 0x08e4, 0x0904, 0x0905, 0x0904,
    0x08e4, 0x0904, 0x1104, 0x08e4, 0x08e4, 0x08e4, 0x0904, 0x0904, 0x0904, 0x0904, 0x0904, 0x0904, 0x0904, 0x0904, 0x0904, 0x1104,
    0x0904, 0x1104, 0x1105, 0x1105, 0x1104, 0x1124, 0x0924, 0x0924, 0x0924, 0x1124, 0x0924, 0x0944, 0x0944, 0x0944, 0x0944, 0x0944,
    0x1124, 0x1124, 0x0944, 0x0944, 0x0944, 0x0944, 0x0924, 0x0924, 0x0924, 0x0924, 0x0924, 0x0924, 0x0924, 0x1144, 0x0944, 0x0944,
    0x1145, 0x1145, 0x08a3, 0x0022, 0x2946, 0x18c4, 0x2946, 0x18c4, 0x3188, 0x10a4, 0x2126, 0x2105, 0x1083, 0x2967, 0x2967, 0x2946,
    0x2987, 0x3a09, 0x3a09, 0x4a6a, 0x52ab, 0x2145, 0x2104, 0x630c, 0x9492, 0xa534, 0xa534, 0x9492, 0x630c, 0x2124, 0x2124, 0x5aec,
    0x738e, 0x5acb, 0x3a09, 0x39e8, 0x2146, 0x2967, 0x1905, 0x0022, 0x1105, 0x1125, 0x0945, 0x0945, 0x0925, 0x1125, 0x1125, 0x1125,
    0x0925, 0x1125, 0x1125, 0x1125, 0x0924, 0x1145, 0x0022, 0x42c8, 0x7d0f, 0x0020, 0x1124, 0x1125, 0x0924, 0x0924, 0x0924, 0x0964,
    0x11a5, 0x1206, 0x1a47, 0x22a8, 0x2ac8, 0x2ac8, 0x22a8, 0x2ac8, 0x2a88, 0x19c5, 0x0041, 0x5a2b, 0x9bb3, 0xa3d4, 0x9bd4, 0x83b2,
    0x20e5, 0x4b8f, 0x2a4b, 0x08e5, 0x324c, 0x3acd, 0x3b0f, 0x4350, 0x4b71, 0x4b71, 0x4350, 0x3b0e, 0x32ad, 0x2a2b, 0x19a9, 0x0927,
    0x08a5, 0x0064, 0x0063, 0x08a3, 0x1104, 0x1965, 0x21e6, 0x2227, 0x2247, 0x2247, 0x1a26, 0x1a47, 0x1a27, 0x1a27, 0x1a07, 0x1a07,
    0x1a06, 0x1a06, 0x19e6, 0x11e6, 0x19c6, 0x11c6, 0x11a6, 0x11a5, 0x11a5, 0x11a5, 0x11a5, 0x11a6, 0x19a6, 0x10e4, 0x0000, 0xa48e,
    0xd4cd, 0xb269, 0xcaad, 0xc2ab, 0xc28c, 0xca8c, 0xc28c, 0xc2ed, 0x9a4a, 0x7188, 0x922b, 0x89ca, 0x71a9, 0x6168, 0x5927, 0x48e5,
    0x2884, 0x0001, 0x0883, 0x08e4, 0x00c4, 0x08c4, 0x08c3, 0x00c4, 0x00c3, 0x08c4, 0x0021, 0x2883, 0x71e9, 0x8a09, 0x9229, 0x8a2a,
    0x58e4, 0x89e8, 0xbaab, 0xb249, 0xba6b, 0xc28b, 0xc28b, 0xc28a, 0xba69, 0xc2ca, 0xdc10, 0x5986, 0x0021, 0x00c4, 0x08c3, 0x08c3,
    0x08c4, 0x08c4, 0x08c4, 0x08c4, 0x08c3, 0x08c3, 0x08c3, 0x08c3, 0x08a3, 0x08a3, 0x08a3, 0x08a3, 0x08a3, 0x0883, 0x0883, 0x0883,
    0x0083, 0x0063, 0x0863, 0x0062, 0x0063, 0x0063, 0x0063, 0x0063, 0x0043, 0x0063, 0x0063, 0x0063, 0x0043, 0x0043, 0x0042, 0x0043,
    0x0042, 0x0021, 0x0042, 0x0022, 0x0022, 0x0023, 0x0023, 0x0042, 0x0022, 0x0022, 0x0023, 0x0023, 0x0023, 0x0022, 0x0022, 0x0022,
    0x0022, 0x0023, 0x0023, 0x0022, 0x0022, 0x0021, 0x0022, 0x0022, 0x0022, 0x0022, 0x0022, 0x0022, 0x0022, 0x0022, 0x0022, 0x0020,
    0x10e3, 0x0081, 0x0021, 0x0023, 0x0023, 0x0023, 0x0002, 0x0020, 0x0081, 0x0021, 0x0022, 0x0022, 0x0042, 0x0000, 0x0882, 0x10a2,
    0x0000, 0x0042, 0x0042, 0x0043, 0x0042, 0x0041, 0x00a2, 0x0042, 0x0042, 0x0043, 0x0043, 0x0042, 0x0042, 0x0042, 0x0020, 0x0061,
    0x0061, 0x0042, 0x0063, 0x0063, 0x0063, 0x0041, 0x00a1, 0x00a2, 0x0883, 0x0883, 0x0883, 0x0083, 0x0061, 0x00c2, 0x00a3, 0x00a3,
    0x00a3, 0x08a3, 0x0061, 0x0081, 0x08c3, 0x08a3, 0x08c4, 0x08c4, 0x08e3, 0x08e3, 0x1164, 0x00c2, 0x08e4, 0x08c4, 0x08c4, 0x00a2,
    0x08e2, 0x1103, 0x00a2, 0x08c4, 0x08c4, 0x08c3, 0x00a2, 0x0903, 0x0904, 0x08e4, 0x0904, 0x0904, 0x0103, 0x1164, 0x0103, 0x00e3,
    0x00a4, 0x08c4, 0x00c3, 0x0903, 0x08e4, 0x00c4, 0x08c4, 0x10c4, 0x08e4, 0x08c4, 0x08e4, 0x08e3, 0x08e3, 0x08c4, 0x08e4, 0x08c4,
    0x00c3, 0x00e3, 0x08e4, 0x08e4, 0x08e4, 0x08e4, 0x08e4, 0x00e3, 0x0904, 0x08e4, 0x08e4, 0x08e4, 0x08e4, 0x08e4, 0x08e3, 0x08e4,
    0x08e4, 0x08e4, 0x0904, 0x0904, 0x08e4, 0x0904, 0x0904, 0x08e4, 0x0904, 0x0904, 0x0904, 0x0904, 0x1124, 0x0904, 0x0904, 0x1105,
    0x1104, 0x1124, 0x0924, 0x0924, 0x0924, 0x1124, 0x0924, 0x0924, 0x0924, 0x0944, 0x0944, 0x0924, 0x0924, 0x1124, 0x0944, 0x0944,
    0x0924, 0x0944, 0x0924, 0x0924, 0x0924, 0x0924, 0x0924, 0x0924, 0x1144, 0x0944, 0x0944, 0x0944, 0x0944, 0x1125, 0x1125, 0x0042,
    0x1083, 0x2105, 0x18c5, 0x2105, 0x2105, 0x2946, 0x1063, 0x2947, 0x20e5, 0x18e5, 0x2967, 0x2946, 0x2967, 0x3187, 0x4209, 0x3a09,
    0x4229, 0x5aec, 0x5acb, 0x31a7, 0x2945, 0x2125, 0x2124, 0x2125, 0x2986, 0x52ab, 0x73af, 0x6b6e, 0x528b, 0x39e8, 0x39e8, 0x2967,
    0x2947, 0x2147, 0x0022, 0x08a3, 0x1125, 0x0925, 0x0925, 0x0925, 0x1125, 0x1125, 0x1125, 0x1125, 0x1124, 0x1125, 0x0924, 0x0924,
    0x0924, 0x1145, 0x0021, 0x5b8b, 0x6c6e, 0x0000, 0x0924, 0x0944, 0x0984, 0x11e6, 0x1a46, 0x2287, 0x2ac8, 0x22c8, 0x22c8, 0x22a7,
    0x22a7, 0x22a7, 0x22a7, 0x22a7, 0x22a7, 0x2ac8, 0x2206, 0x0061, 0x1842, 0x3106, 0x49a9, 0x730e, 0x3187, 0x1146, 0x4b6f, 0x42cc,
    0x3a4b, 0x0002, 0x0063, 0x08c4, 0x08c4, 0x08e4, 0x08e4, 0x08e4, 0x08e4, 0x1104, 0x1125, 0x1965, 0x19c6, 0x2206, 0x2227, 0x2247,
    0x2247, 0x2227, 0x1a27, 0x1a06, 0x1a06, 0x1a06, 0x19c6, 0x19c6, 0x11c6, 0x11a6, 0x11a5, 0x1185, 0x1185, 0x1165, 0x1185, 0x1185,
    0x1185, 0x11a5, 0x19a6, 0x19a6, 0x11a6, 0x1185, 0x1165, 0x0924, 0x1125, 0x0063, 0x0842, 0x41a5, 0x38c2, 0x48c3, 0x5904, 0x6105,
    0x7166, 0x7166, 0x6987, 0x6146, 0x5926, 0x30a3, 0x30a3, 0x38a3, 0x30a4, 0x38c5, 0x4126, 0x51a8, 0x41a8, 0x0002, 0x0883, 0x08c4,
    0x08c4, 0x08c4, 0x08c4, 0x08c4, 0x08c4, 0x08c4, 0x0021, 0x1863, 0x4946, 0x40c4, 0x5125, 0x6166, 0x6987, 0xb2ed, 0xbaac, 0xc2cc,
    0xc2ac, 0xc2ab, 0xc2cc, 0xc2cc, 0xc2ec, 0xbacb, 0xb2cb, 0x7208, 0x0001, 0x0063, 0x0863, 0x0083, 0x0083, 0x0883, 0x08a3, 0x08a3,
    0x08c3, 0x00a2, 0x00c3, 0x00a3, 0x08a3, 0x08a3, 0x08a3, 0x0083, 0x0062, 0x0882, 0x08a3, 0x0083, 0x0063, 0x0883, 0x0042, 0x08a2,
    0x08a2, 0x0041, 0x0063, 0x0043, 0x0062, 0x0021, 0x0041, 0x0062, 0x0042, 0x0043, 0x0042, 0x0042, 0x0061, 0x08a2, 0x0021, 0x0042,
    0x0023, 0x0023, 0x0021, 0x0020, 0x0061, 0x0022, 0x0022, 0x0022, 0x0022, 0x0001, 0x0021, 0x0062, 0x0022, 0x0022, 0x0022, 0x0022,
    0x0021, 0x0882, 0x0021, 0x0022, 0x0022, 0x0022, 0x0022, 0x0022, 0x0022, 0x0022, 0x0000, 0x3a47, 0x532b, 0x532a, 0x10c2, 0x0022,
    0x0042, 0x0022, 0x0882, 0x4aea, 0x42e9, 0x0000, 0x0022, 0x0042, 0x0020, 0x1903, 0x52ea, 0x532a, 0x29c5, 0x0001, 0x0043, 0x0022,
    0x08a2, 0x532a, 0x4b09, 0x0021, 0x0042, 0x0043, 0x0043, 0x0042, 0x0042, 0x0042, 0x31e6, 0x63ac, 0x10e2, 0x0021, 0x0063, 0x0062,
    0x0062, 0x29e6, 0x640c, 0x1123, 0x0062, 0x08a3, 0x0082, 0x08e3, 0x4b4b, 0x42e9, 0x0081, 0x00a3, 0x00a3, 0x0082, 0x1964, 0x5bac,
    0x21c5, 0x0062, 0x08c4, 0x08e3, 0x0923, 0x4b2a, 0x53ac, 0x3ae9, 0x00c3, 0x08c4, 0x00a2, 0x1985, 0x4b0a, 0x4b4a, 0x21e6, 0x0082,
    0x08c3, 0x08c3, 0x3247, 0x5bcc, 0x1143, 0x08e4, 0x0904, 0x0923, 0x3ae8, 0x4b6a, 0x3ae9, 0x0103, 0x08c4, 0x08c4, 0x0943, 0x2227,
    0x21e7, 0x1165, 0x08c3, 0x08c4, 0x08c4, 0x0904, 0x21e7, 0x1985, 0x00c3, 0x08e4, 0x08e4, 0x08c3, 0x1124, 0x2207, 0x1145, 0x08c4,
    0x08e4, 0x08e4, 0x0904, 0x1985, 0x19a6, 0x1985, 0x08e3, 0x08e4, 0x08e4, 0x08e4, 0x1185, 0x21c7, 0x08e4, 0x08e4, 0x08e4, 0x08e4,
    0x0924, 0x1165, 0x1165, 0x1125, 0x08e4, 0x0904, 0x08e4, 0x1145, 0x1985, 0x1965, 0x1124, 0x0904, 0x1104, 0x1124, 0x1144, 0x1985,
    0x1165, 0x0924, 0x0904, 0x0924, 0x0924, 0x1145, 0x1165, 0x1165, 0x1144, 0x1124, 0x1144, 0x0944, 0x0924, 0x1165, 0x1165, 0x0924,
    0x0924, 0x0924, 0x0924, 0x0944, 0x1144, 0x1144, 0x1144, 0x1145, 0x0924, 0x1124, 0x1124, 0x10e4, 0x0021, 0x1905, 0x20e5, 0x18e5,
    0x18e5, 0x2946, 0x18e5, 0x20e5, 0x3167, 0x1083, 0x2126, 0x2967, 0x2126, 0x2946, 0x3187, 0x3a09, 0x3a09, 0x39e8, 0x4a6a, 0x632d,
    0x634d, 0x634d, 0x6b6d, 0x6b8e, 0x6b8e, 0x634d, 0x52cb, 0x4229, 0x39e8, 0x39c8, 0x2967, 0x2946, 0x2967, 0x0863, 0x0063, 0x1125,
    0x0924, 0x0925, 0x0925, 0x1125, 0x1125, 0x0924, 0x0924, 0x0924, 0x0924, 0x0924, 0x0924, 0x0924, 0x0924, 0x0944, 0x0021, 0x534b,
    0x6c4d, 0x0041, 0x2206, 0x1a47, 0x2287, 0x22a8, 0x22a7, 0x22a7, 0x1aa7, 0x22a7, 0x22a7, 0x22a7, 0x22a7, 0x22a7, 0x22a7, 0x2287,
    0x2287, 0x1a87, 0x22a8, 0x2a68, 0x19c5, 0x1144, 0x08c2, 0x0882, 0x0882, 0x0041, 0x0042, 0x10a4, 0x10c4, 0x08c4, 0x1185, 0x19a5,
    0x19a5, 0x19c5, 0x19a6, 0x19c6, 0x19c6, 0x19c6, 0x11c6, 0x11c6, 0x19a6, 0x11a5, 0x1185, 0x1185, 0x0985, 0x0985, 0x0965, 0x0965,
    0x0985, 0x0985, 0x0965, 0x1165, 0x0965, 0x1185, 0x11a5, 0x11a5, 0x19a6, 0x19c6, 0x19c6, 0x19c6, 0x19e6, 0x19c6, 0x19c6, 0x1165,
    0x0924, 0x0904, 0x08e4, 0x00e4, 0x08e4, 0x0063, 0x0842, 0x9bef, 0x7a6a, 0x69a7, 0x6986, 0x6187, 0x6147, 0x6147, 0x5967, 0x6147,
    0x6147, 0x6168, 0x59a8, 0x61c9, 0x61c9, 0x59c9, 0x5188, 0x3926, 0x1883, 0x0022, 0x08a3, 0x08c4, 0x08c4, 0x08c4, 0x08c4, 0x08a4,
    0x10a4, 0x08c4, 0x0042, 0x1042, 0x51a8, 0x69e9, 0x5967, 0x4105, 0x40c4, 0x5905, 0x6946, 0x7146, 0x7966, 0x7987, 0x7987, 0x7167,
    0x6146, 0x5905, 0x50c4, 0x3905, 0x0822, 0x0843, 0x0863, 0x0083, 0x0063, 0x0063, 0x0883, 0x0083, 0x00a3, 0x1145, 0x21a6, 0x00a3,
    0x08a3, 0x0883, 0x08a3, 0x08c3, 0x3a48, 0x3a88, 0x0062, 0x0883, 0x0063, 0x0062, 0x1965, 0x4aea, 0x42e9, 0x1123, 0x0042, 0x0063,
    0x0042, 0x1944, 0x4b0b, 0x1923, 0x0021, 0x0043, 0x0041, 0x08a2, 0x42a9, 0x4aea, 0x21a6, 0x0001, 0x0043, 0x0022, 0x08a3, 0x42e9,
    0x29e6, 0x0001, 0x0022, 0x0042, 0x0021, 0x1104, 0x530b, 0x2165, 0x0000, 0x0022, 0x0022, 0x0061, 0x3a47, 0x4aa9, 0x29c6, 0x0020,
    0x0022, 0x0022, 0x0022, 0x0022, 0x0022, 0x0002, 0x0841, 0x5bab, 0x0060, 0x4328, 0x3227, 0x0001, 0x0042, 0x0002, 0x10a3, 0x3a87,
    0x4308, 0x0020, 0x0022, 0x0042, 0x0000, 0x4288, 0x21a4, 0x1163, 0x5b8b, 0x0000, 0x0042, 0x0042, 0x10c3, 0x42a8, 0x4b4a, 0x0021,
    0x0042, 0x0043, 0x0042, 0x0042, 0x0042, 0x0042, 0x29c5, 0x5bab, 0x1103, 0x0021, 0x0063, 0x0062, 0x0883, 0x21c5, 0x5baa, 0x1964,
    0x0042, 0x0882, 0x0062, 0x1124, 0x4309, 0x4b49, 0x00a2, 0x00a4, 0x08c4, 0x0083, 0x21a5, 0x4baa, 0x2205, 0x0061, 0x08c4, 0x00a2,
    0x2a06, 0x4b4a, 0x0121, 0x644d, 0x0903, 0x00a3, 0x0061, 0x4309, 0x2204, 0x19e4, 0x538b, 0x0081, 0x08c4, 0x0904, 0x2a46, 0x53eb,
    0x1183, 0x08e4, 0x0104, 0x19e5, 0x4b89, 0x0161, 0x540c, 0x0984, 0x08e4, 0x00c3, 0x2a67, 0x2226, 0x1164, 0x3b09, 0x00e3, 0x08e4,
    0x08c4, 0x0903, 0x2206, 0x1985, 0x00a2, 0x08c4, 0x08c4, 0x08e3, 0x1144, 0x2206, 0x19a5, 0x00e3, 0x0905, 0x08e4, 0x1145, 0x21e6,
    0x0102, 0x2207, 0x0924, 0x08e4, 0x08e4, 0x0904, 0x1165, 0x21c7, 0x08e4, 0x08e4, 0x08e4, 0x08e4, 0x19a5, 0x0924, 0x1144, 0x19a6,
    0x08e4, 0x0904, 0x0904, 0x21a6, 0x0923, 0x1985, 0x1965, 0x08e4, 0x0904, 0x0904, 0x1985, 0x0923, 0x1985, 0x1145, 0x0904, 0x1125,
    0x0924, 0x1165, 0x0944, 0x1185, 0x1165, 0x0924, 0x0924, 0x0944, 0x0944, 0x1165, 0x1185, 0x0924, 0x0924, 0x0924, 0x1124, 0x1124,
    0x1124, 0x1144, 0x1144, 0x1125, 0x1124, 0x1124, 0x1124, 0x1125, 0x08c4, 0x0002, 0x18a4, 0x18c4, 0x2105, 0x18c5, 0x2947, 0x1063,
    0x18c5, 0x2126, 0x18a4, 0x2946, 0x2946, 0x2126, 0x2946, 0x2987, 0x31c8, 0x3a09, 0x3a08, 0x3a09, 0x4249, 0x4a6a, 0x4a8a, 0x4a6a,
    0x4249, 0x3a29, 0x39e8, 0x39c8, 0x31a7, 0x2946, 0x2146, 0x2947, 0x1064, 0x0002, 0x1105, 0x1125, 0x1125, 0x1125, 0x1125, 0x1125,
    0x0925, 0x0924, 0x0924, 0x0924, 0x0924, 0x0924, 0x0903, 0x0904, 0x0944, 0x19c6, 0x00c2, 0x4288, 0x748e, 0x0061, 0x2aa8, 0x2287,
    0x2287, 0x2287, 0x2287, 0x22a7, 0x22a7, 0x2287, 0x2287, 0x2287, 0x2287, 0x2287, 0x2287, 0x2287, 0x2287, 0x2287, 0x2267, 0x2267,
    0x22a8, 0x2aa8, 0x2a88, 0x2a87, 0x2247, 0x2206, 0x21c6, 0x1985, 0x19a5, 0x1a07, 0x1a06, 0x11e6, 0x11e6, 0x11c6, 0x11c6, 0x11c5,
    0x11a5, 0x11c6, 0x11c6, 0x11c6, 0x11c6, 0x11c6, 0x11a6, 0x19c6, 0x19c6, 0x19c6, 0x19e6, 0x19e6, 0x19e6, 0x19e6, 0x19e6, 0x19e6,
    0x1a06, 0x1a06, 0x1a06, 0x1a06, 0x1a06, 0x1a06, 0x19e6, 0x19e6, 0x19e6, 0x19c6, 0x19c6, 0x0924, 0x00e3, 0x08e4, 0x08c4, 0x08c4,
    0x08e4, 0x08a4, 0x0022, 0x0800, 0x2883, 0x40a4, 0x4905, 0x5147, 0x5167, 0x5147, 0x5947, 0x5127, 0x40e6, 0x38c5, 0x3084, 0x2063,
    0x1022, 0x0802, 0x0001, 0x0001, 0x0042, 0x0883, 0x08c4, 0x00c3, 0x08c4, 0x08c4, 0x08c4, 0x08c4, 0x08c4, 0x08c4, 0x08a3, 0x0022,
    0x0801, 0x2063, 0x4126, 0x61a8, 0x71e9, 0x71e9, 0x69a8, 0x6167, 0x6146, 0x5946, 0x5126, 0x5126, 0x5966, 0x6188, 0x6a09, 0x51c8,
    0x0822, 0x0843, 0x0863, 0x0883, 0x0883, 0x0863, 0x0063, 0x0063, 0x00a3, 0x1145, 0x21c6, 0x00a3, 0x08a3, 0x0883, 0x0063, 0x10e4,
    0x3a88, 0x42e8, 0x0061, 0x0863, 0x0883, 0x0061, 0x42e9, 0x1142, 0x32a7, 0x3287, 0x0021, 0x0043, 0x0062, 0x2185, 0x4b09, 0x1964,
    0x0021, 0x0043, 0x0001, 0x2a26, 0x2a25, 0x1142, 0x4b4b, 0x0021, 0x0042, 0x0002, 0x10c3, 0x3aa8, 0x3227, 0x0000, 0x0022, 0x0022,
    0x0022, 0x1924, 0x42c9, 0x29a5, 0x0000, 0x0843, 0x0001, 0x1944, 0x3a67, 0x00a1, 0x4b0a, 0x0061, 0x0022, 0x0022, 0x0022, 0x0022,
    0x0022, 0x0002, 0x0882, 0x4b49, 0x1963, 0x4baa, 0x3247, 0x0001, 0x0042, 0x0023, 0x0001, 0x0902, 0x4b09, 0x0000, 0x0022, 0x0022,
    0x0000, 0x42a8, 0x29c5, 0x2a25, 0x538a, 0x0081, 0x0042, 0x0043, 0x0001, 0x1123, 0x4b4a, 0x0021, 0x0042, 0x0042, 0x0042, 0x0042,
    0x0042, 0x0022, 0x0000, 0x4b4a, 0x1904, 0x0002, 0x0042, 0x0862, 0x0063, 0x0040, 0x5369, 0x1964, 0x0022, 0x0062, 0x0883, 0x0021,
    0x1143, 0x4b49, 0x0062, 0x08a4, 0x08a3, 0x08c4, 0x0041, 0x32e7, 0x2a46, 0x0082, 0x08c4, 0x0062, 0x2a06, 0x3ac7, 0x21e4, 0x53ca,
    0x1103, 0x0082, 0x0061, 0x42e9, 0x2204, 0x3ac7, 0x538a, 0x00c2, 0x00c4, 0x00c4, 0x00c1, 0x4baa, 0x1184, 0x08e4, 0x00e4, 0x2226,
    0x3b48, 0x1a03, 0x53ec, 0x19e5, 0x08c4, 0x00a3, 0x32c8, 0x2aa6, 0x2aa7, 0x4bcb, 0x0943, 0x1104, 0x1105, 0x00c3, 0x2226, 0x2227,
    0x00c3, 0x08e4, 0x08c4, 0x08e4, 0x00c2, 0x19e6, 0x2206, 0x08e4, 0x1105, 0x0904, 0x11a5, 0x2226, 0x0963, 0x2a47, 0x1165, 0x00c3,
    0x08e4, 0x08e4, 0x0103, 0x21e7, 0x0903, 0x08e4, 0x08e4, 0x08e3, 0x19a6, 0x0944, 0x1985, 0x21c6, 0x0904, 0x1104, 0x1124, 0x19a6,
    0x1144, 0x19a5, 0x1165, 0x0904, 0x0904, 0x0904, 0x1985, 0x0923, 0x19a5, 0x1165, 0x0904, 0x1125, 0x0924, 0x1165, 0x0944, 0x1185,
    0x1165, 0x0924, 0x1124, 0x1124, 0x0924, 0x1144, 0x1985, 0x0904, 0x1124, 0x0924, 0x0924, 0x1144, 0x1144, 0x1144, 0x1144, 0x1124,
    0x1124, 0x1124, 0x1124, 0x0924, 0x1125, 0x10c4, 0x0022, 0x1084, 0x18c4, 0x2105, 0x20e5, 0x2946, 0x10a4, 0x2926, 0x2106, 0x1083,
    0x2947, 0x2946, 0x2126, 0x2126, 0x2947, 0x3187, 0x39e8, 0x39e9, 0x3a09, 0x3a09, 0x3a09, 0x39e9, 0x39e8, 0x31c8, 0x31a8, 0x2967,
    0x2946, 0x2947, 0x2947, 0x0884, 0x0002, 0x10e5, 0x1125, 0x1124, 0x1125, 0x1125, 0x1125, 0x0924, 0x0924, 0x0924, 0x0924, 0x0923,
    0x0944, 0x0984, 0x11e5, 0x2227, 0x2268, 0x32e9, 0x1184, 0x3a47, 0x8531, 0x0040, 0x2247, 0x2287, 0x2287, 0x2287, 0x2287, 0x2287,
    0x2287, 0x2287, 0x2287, 0x2287, 0x2287, 0x2287, 0x2287, 0x1a87, 0x1a67, 0x2267, 0x2267, 0x2267, 0x1a67, 0x2267, 0x2266, 0x1a66,
    0x1a87, 0x1a67, 0x2287, 0x2287, 0x2267, 0x2247, 0x2247, 0x2247, 0x2247, 0x2247, 0x2247, 0x1a47, 0x2247, 0x2247, 0x2247, 0x2247,
    0x1a46, 0x1a46, 0x1a26, 0x1a26, 0x1a27, 0x1a27, 0x1a26, 0x1a06, 0x1a06, 0x1a06, 0x1a06, 0x1a06, 0x19e6, 0x19e6, 0x11e6, 0x11e6,
    0x11e6, 0x11e6, 0x19e6, 0x19c6, 0x11c6, 0x19c6, 0x19c6, 0x19c6, 0x1165, 0x1124, 0x0904, 0x08e4, 0x08e4, 0x08e4, 0x08c4, 0x08a3,
    0x0042, 0x0022, 0x0001, 0x0001, 0x0001, 0x0001, 0x0001, 0x0001, 0x0001, 0x0021, 0x0042, 0x0062, 0x0062, 0x0883, 0x10c4, 0x08c4,
    0x08c4, 0x08c4, 0x08c3, 0x08c4, 0x08c4, 0x08c4, 0x08c4, 0x08c4, 0x08c4, 0x08c4, 0x08c4, 0x08a3, 0x0883, 0x0042, 0x0001, 0x0801,
    0x2022, 0x30a4, 0x4126, 0x5167, 0x5988, 0x5988, 0x5188, 0x5187, 0x4946, 0x4105, 0x2883, 0x0802, 0x0822, 0x0063, 0x0083, 0x0083,
    0x0083, 0x0063, 0x0063, 0x0083, 0x0083, 0x00c3, 0x21a6, 0x00a3, 0x0083, 0x0883, 0x0883, 0x0042, 0x08e2, 0x42e8, 0x0061, 0x0063,
    0x0063, 0x0061, 0x3ac8, 0x1983, 0x3ae8, 0x3287, 0x0041, 0x0043, 0x0043, 0x0000, 0x3a67, 0x2164, 0x0001, 0x0043, 0x0001, 0x3246,
    0x2204, 0x2205, 0x4b4a, 0x0061, 0x0022, 0x0023, 0x0000, 0x1984, 0x3247, 0x0001, 0x0022, 0x0022, 0x0043, 0x0000, 0x29e6, 0x29c6,
    0x0001, 0x0043, 0x0001, 0x2185, 0x2a05, 0x1943, 0x4b2a, 0x08c2, 0x0022, 0x0022, 0x0022, 0x0022, 0x0022, 0x0002, 0x0882, 0x538a,
    0x3267, 0x32a7, 0x3a68, 0x0000, 0x0042, 0x0023, 0x0001, 0x1943, 0x4b09, 0x0000, 0x0022, 0x0022, 0x0001, 0x3a87, 0x42e9, 0x2a25,
    0x538a, 0x0882, 0x0042, 0x0023, 0x0022, 0x1943, 0x4b29, 0x0021, 0x0022, 0x0042, 0x0042, 0x0042, 0x0043, 0x0022, 0x0041, 0x4b4a,
    0x1924, 0x0022, 0x0063, 0x0042, 0x0063, 0x00a2, 0x5389, 0x1963, 0x0042, 0x0062, 0x0042, 0x0022, 0x1985, 0x4b49, 0x0061, 0x0884,
    0x0883, 0x08a3, 0x0083, 0x3b09, 0x2a66, 0x0063, 0x08c4, 0x0063, 0x29c5, 0x53aa, 0x21e5, 0x4349, 0x1123, 0x0082, 0x0061, 0x42e8,
    0x4308, 0x2205, 0x538b, 0x00e2, 0x00c3, 0x08c4, 0x0923, 0x4baa, 0x1184, 0x08e4, 0x00e4, 0x1a06, 0x540b, 0x2245, 0x436a, 0x2226,
    0x08c4, 0x00c3, 0x32a7, 0x3b49, 0x2266, 0x4369, 0x0963, 0x1104, 0x1125, 0x0103, 0x2a87, 0x32c9, 0x0103, 0x1145, 0x1105, 0x1145,
    0x0924, 0x2aa8, 0x32c8, 0x0945, 0x1146, 0x0945, 0x19e6, 0x32e8, 0x11c4, 0x2206, 0x1164, 0x00a2, 0x08c4, 0x08c4, 0x00e4, 0x21e7,
    0x0904, 0x08c4, 0x08c4, 0x08e4, 0x19c6, 0x19a5, 0x1164, 0x21c6, 0x0904, 0x0905, 0x0904, 0x21a6, 0x1164, 0x1165, 0x1965, 0x08e4,
    0x0905, 0x0904, 0x1985, 0x1164, 0x1165, 0x1165, 0x0904, 0x0904, 0x0904, 0x1165, 0x1145, 0x1165, 0x1165, 0x0904, 0x1124, 0x1104,
    0x1104, 0x1124, 0x1986, 0x0904, 0x1124, 0x0924, 0x0924, 0x1144, 0x1145, 0x1124, 0x1144, 0x1124, 0x1124, 0x1125, 0x1125, 0x0925,
    0x0925, 0x1125, 0x10e4, 0x0022, 0x0822, 0x1084, 0x18c5, 0x20e5, 0x2126, 0x1063, 0x20c5, 0x18c4, 0x1083, 0x2946, 0x2967, 0x2126,
    0x2106, 0x2146, 0x2946, 0x2967, 0x2987, 0x3187, 0x31a8, 0x31a8, 0x3187, 0x2967, 0x2126, 0x2946, 0x2967, 0x2126, 0x0843, 0x0022,
    0x10e4, 0x1125, 0x1124, 0x1124, 0x0924, 0x0904, 0x0924, 0x0904, 0x0923, 0x0944, 0x11a5, 0x1a06, 0x2267, 0x2287, 0x22a8, 0x22a8,
    0x2288, 0x22c8, 0x11a4, 0x3a26, 0x95f3, 0x08a1, 0x2226, 0x22a7, 0x2287, 0x2287, 0x2287, 0x2287, 0x2287, 0x2267, 0x2267, 0x2267,
    0x2267, 0x2267, 0x2267, 0x2267, 0x2267, 0x2267, 0x2267, 0x2267, 0x2267, 0x2267, 0x2267, 0x2267, 0x2247, 0x2247, 0x1a46, 0x1a46,
    0x1a46, 0x1a46, 0x1a46, 0x1a46, 0x1a26, 0x1a26, 0x1a27, 0x1a27, 0x1a27, 0x1a26, 0x1a26, 0x1a26, 0x1a26, 0x1a26, 0x1a26, 0x1a06,
    0x1a06, 0x1a06, 0x1a06, 0x1a06, 0x1a06, 0x1a06, 0x19e6, 0x19e6, 0x19e6, 0x19e6, 0x19e6, 0x19e6, 0x19e6, 0x19e6, 0x19c6, 0x19c6,
    0x19c6, 0x19c6, 0x19c6, 0x19c6, 0x19c6, 0x19a6, 0x19a6, 0x1185, 0x1145, 0x0944, 0x0924, 0x08e4, 0x0904, 0x08e4, 0x08c4, 0x08c4,
    0x08c3, 0x08c4, 0x08c4, 0x08a4, 0x08c4, 0x08c4, 0x08e4, 0x08e4, 0x08e4, 0x08c4, 0x08c4, 0x08c4, 0x08c4, 0x08c4, 0x08c4, 0x08c4,
    0x08c4, 0x08c4, 0x08c4, 0x08c4, 0x08c4, 0x08c4, 0x08c4, 0x08c4, 0x08c4, 0x08c4, 0x10a4, 0x0883, 0x0843, 0x0022, 0x0002, 0x0001,
    0x0801, 0x0801, 0x0001, 0x0001, 0x0001, 0x0001, 0x0022, 0x0863, 0x0883, 0x0883, 0x0883, 0x00a3, 0x00a3, 0x08a4, 0x0884, 0x08a3,
    0x00a3, 0x00e3, 0x21c7, 0x00a3, 0x0083, 0x0883, 0x0883, 0x0863, 0x1144, 0x42e9, 0x0061, 0x0083, 0x0063, 0x0061, 0x3ae8, 0x32a7,
    0x3266, 0x532a, 0x0021, 0x0063, 0x0043, 0x0021, 0x3a87, 0x2164, 0x0001, 0x0042, 0x0000, 0x29e6, 0x3ae8, 0x21c4, 0x42c9, 0x0082,
    0x0022, 0x0823, 0x0022, 0x21c5, 0x3247, 0x0001, 0x0022, 0x0022, 0x0022, 0x0001, 0x3206, 0x29c6, 0x0001, 0x0042, 0x0001, 0x1945,
    0x3ae8, 0x2184, 0x3aa8, 0x10e2, 0x0022, 0x0022, 0x0022, 0x0022, 0x0022, 0x0002, 0x0041, 0x640c, 0x1122, 0x2a25, 0x3247, 0x0001,
    0x0042, 0x0023, 0x0000, 0x08e1, 0x42e8, 0x0000, 0x0042, 0x0022, 0x0000, 0x3a87, 0x42c8, 0x00e1, 0x53ab, 0x0041, 0x0022, 0x0043,
    0x0001, 0x10e2, 0x4b09, 0x0000, 0x0042, 0x0042, 0x0042, 0x0042, 0x0042, 0x0042, 0x0000, 0x4b08, 0x1102, 0x0021, 0x0063, 0x0062,
    0x0863, 0x0040, 0x4b48, 0x1142, 0x0001, 0x0062, 0x0063, 0x0021, 0x1122, 0x4308, 0x0020, 0x0884, 0x08a4, 0x08a4, 0x0041, 0x32e8,
    0x2225, 0x0061, 0x08c4, 0x0062, 0x21c5, 0x5bcb, 0x0060, 0x4b8a, 0x08e3, 0x0083, 0x0061, 0x432a, 0x3ae7, 0x0121, 0x5bac, 0x00c2,
    0x08c3, 0x00c3, 0x00c1, 0x4b89, 0x0922, 0x08e3, 0x00e4, 0x19c5, 0x5c2c, 0x0140, 0x4349, 0x1a06, 0x08e4, 0x00e3, 0x32c8, 0x3b28,
    0x0141, 0x4b8a, 0x0923, 0x1105, 0x1125, 0x00c1, 0x2225, 0x32a7, 0x00e2, 0x1145, 0x1125, 0x1165, 0x0103, 0x2ac7, 0x3307, 0x0964,
    0x11a6, 0x1186, 0x1a26, 0x53ec, 0x0182, 0x32c8, 0x19c6, 0x0903, 0x0904, 0x08e4, 0x00c2, 0x2207, 0x00a2, 0x08c4, 0x08c5, 0x00e4,
    0x19c5, 0x1184, 0x0923, 0x19c6, 0x0904, 0x0904, 0x0904, 0x19a6, 0x0924, 0x1164, 0x1965, 0x08e4, 0x08e4, 0x08e4, 0x1986, 0x1124,
    0x1144, 0x1145, 0x08e4, 0x0904, 0x0904, 0x1986, 0x1144, 0x1144, 0x1165, 0x0904, 0x1104, 0x1104, 0x0904, 0x1124, 0x1965, 0x0904,
    0x0904, 0x0904, 0x0924, 0x1124, 0x1144, 0x0924, 0x1144, 0x1124, 0x1124, 0x1125, 0x1125, 0x1125, 0x1125, 0x1105, 0x1125, 0x1105,
    0x0883, 0x0002, 0x0002, 0x0863, 0x18a5, 0x20e5, 0x1084, 0x2126, 0x2106, 0x0863, 0x18e5, 0x2967, 0x2946, 0x2105, 0x2105, 0x2126,
    0x2946, 0x2126, 0x2105, 0x2105, 0x2105, 0x2126, 0x2946, 0x2967, 0x10e5, 0x0022, 0x0042, 0x10e5, 0x1105, 0x0904, 0x0924, 0x0904,
    0x0924, 0x0924, 0x1185, 0x19c6, 0x1a27, 0x2267, 0x2288, 0x2288, 0x2287, 0x2287, 0x2287, 0x2287, 0x2287, 0x22a8, 0x19c5, 0x3206,
    0xa634, 0x10e3, 0x21e6, 0x2287, 0x2267, 0x2267, 0x1a67, 0x1a67, 0x1a67, 0x2267, 0x2267, 0x2267, 0x2267, 0x2267, 0x2267, 0x2247,
    0x2247, 0x2247, 0x2247, 0x2246, 0x1a46, 0x1a46, 0x1a46, 0x1a46, 0x1a46, 0x1a46, 0x1a46, 0x1a46, 0x1a46, 0x1a26, 0x1a26, 0x1a26,
    0x1a26, 0x1a26, 0x1a26, 0x1a26, 0x1a26, 0x1a26, 0x1a26, 0x1a26, 0x1a06, 0x1a06, 0x1a06, 0x1a06, 0x1a06, 0x1a06, 0x1a06, 0x1a06,
    0x19e6, 0x19e6, 0x19e6, 0x19e6, 0x19e6, 0x19e6, 0x19e6, 0x19e6, 0x19e6, 0x11c6, 0x19c6, 0x19c6, 0x19c6, 0x19c6, 0x11c6, 0x11a6,
    0x11a6, 0x11a6, 0x1185, 0x11a6, 0x19a6, 0x19a6, 0x11a6, 0x11a6, 0x1185, 0x1165, 0x1145, 0x1145, 0x1124, 0x1124, 0x0904, 0x0924,
    0x0904, 0x0904, 0x00e4, 0x08e4, 0x08e4, 0x08c4, 0x08e4, 0x08c4, 0x08c4, 0x08c4, 0x08c4, 0x08c4, 0x08c4, 0x08c3, 0x08c3, 0x08c3,
    0x00a3, 0x08a3, 0x08c3, 0x08c4, 0x08a3, 0x08a3, 0x08a4, 0x08c4, 0x08c4, 0x08a4, 0x08a4, 0x08a3, 0x0883, 0x0884, 0x0884, 0x08a4,
    0x08a4, 0x08a4, 0x08a4, 0x08a3, 0x08a4, 0x08a4, 0x08a4, 0x08a3, 0x08a3, 0x08a3, 0x08a4, 0x08a3, 0x00a3, 0x00a2, 0x21c6, 0x00a2,
    0x0083, 0x0884, 0x0883, 0x0041, 0x0902, 0x3ac8, 0x0020, 0x0083, 0x0063, 0x0021, 0x4309, 0x2204, 0x3a87, 0x6bee, 0x0001, 0x0043,
    0x0062, 0x0000, 0x3267, 0x1943, 0x0000, 0x0063, 0x0001, 0x29e6, 0x4309, 0x00a0, 0x42e9, 0x0041, 0x0022, 0x0823, 0x0000, 0x19a4,
    0x2a46, 0x0000, 0x0022, 0x0022, 0x0022, 0x0000, 0x2a05, 0x21a4, 0x0000, 0x0043, 0x0002, 0x1104, 0x4b49, 0x0060, 0x3aa8, 0x08a3,
    0x0022, 0x0022, 0x0022, 0x0022, 0x0022, 0x0022, 0x0001, 0x4ae9, 0x4288, 0x4b0a, 0x1923, 0x0001, 0x0023, 0x0001, 0x10a2, 0x4ac9,
    0x63ec, 0x29c6, 0x0021, 0x0043, 0x0021, 0x21a5, 0x530a, 0x42e9, 0x42a8, 0x0001, 0x0022, 0x0022, 0x10a3, 0x4ac9, 0x63cc, 0x29a6,
    0x0021, 0x0023, 0x0042, 0x0042, 0x0042, 0x0062, 0x3a48, 0x6c0d, 0x4b0a, 0x10c3, 0x0063, 0x0863, 0x0863, 0x3227, 0x5c0c, 0x532a,
    0x10c3, 0x0042, 0x0042, 0x10c3, 0x530a, 0x63ec, 0x31e6, 0x0062, 0x08a3, 0x0082, 0x2a07, 0x640c, 0x5beb, 0x1984, 0x0083, 0x0083,
    0x1123, 0x536b, 0x42a8, 0x4b4a, 0x0082, 0x0883, 0x0061, 0x2a06, 0x53ab, 0x4329, 0x3ac9, 0x00a2, 0x08e4, 0x00c3, 0x3267, 0x644c,
    0x4309, 0x1103, 0x08c4, 0x0924, 0x53cc, 0x3b29, 0x4b8b, 0x0944, 0x0905, 0x08e4, 0x2226, 0x538b, 0x3ae8, 0x3ae8, 0x0103, 0x1125,
    0x08e4, 0x19a4, 0x4b4a, 0x538b, 0x19c5, 0x0904, 0x1125, 0x0924, 0x2206, 0x4bcb, 0x4beb, 0x2226, 0x1185, 0x1185, 0x1185, 0x434a,
    0x3308, 0x436b, 0x11a5, 0x1165, 0x1165, 0x19a5, 0x3ae8, 0x53ab, 0x3ac8, 0x19a5, 0x1986, 0x1165, 0x19e5, 0x2a47, 0x2206, 0x19a6,
    0x0904, 0x0904, 0x00e3, 0x1144, 0x1985, 0x1185, 0x0924, 0x08e4, 0x08e4, 0x08e4, 0x1965, 0x1985, 0x1965, 0x1124, 0x08e4, 0x0904,
    0x0904, 0x1965, 0x1965, 0x1165, 0x1125, 0x0905, 0x0904, 0x0904, 0x1124, 0x1165, 0x1986, 0x1145, 0x0904, 0x0904, 0x1124, 0x1125,
    0x1125, 0x1124, 0x1124, 0x1104, 0x0924, 0x0924, 0x0924, 0x1104, 0x0904, 0x1104, 0x0904, 0x1105, 0x1105, 0x10c5, 0x0863, 0x0022,
    0x0002, 0x0022, 0x0843, 0x0002, 0x1084, 0x20e6, 0x1084, 0x1084, 0x2126, 0x2947, 0x2947, 0x2946, 0x2946, 0x2946, 0x2926, 0x2947,
    0x2967, 0x2947, 0x18c5, 0x0043, 0x0022, 0x0883, 0x10e4, 0x0904, 0x0904, 0x0904, 0x0944, 0x19a5, 0x19e6, 0x2247, 0x2267, 0x2287,
    0x2287, 0x2267, 0x1a67, 0x1a67, 0x1a67, 0x2267, 0x2287, 0x2267, 0x1a66, 0x22a7, 0x1185, 0x3226, 0xa633, 0x10c2, 0x21e6, 0x2287,
    0x2267, 0x2267, 0x2267, 0x2267, 0x2267, 0x2247, 0x2247, 0x2247, 0x2247, 0x2247, 0x2247, 0x1a46, 0x1a46, 0x1a46, 0x1a46, 0x1a46,
    0x1a46, 0x1a46, 0x1a46, 0x1a46, 0x1a46, 0x1a46, 0x1a46, 0x1a26, 0x1a26, 0x1a26, 0x1a26, 0x1a26, 0x1a26, 0x1a26, 0x1a26, 0x1a26,
    0x1a26, 0x1a06, 0x1a06, 0x1a06, 0x1a06, 0x1a06, 0x1a06, 0x1a06, 0x1a06, 0x1a06, 0x19e6, 0x19e6, 0x19e6, 0x19e6, 0x19e6, 0x19e6,
    0x19c6, 0x19c6, 0x19c6, 0x19c6, 0x19c6, 0x19c6, 0x19c6, 0x19a6, 0x19a6, 0x19a6, 0x11a6, 0x11a6, 0x11a5, 0x11a6, 0x11a5, 0x11a5,
    0x11a5, 0x1185, 0x1185, 0x11a5, 0x1185, 0x1185, 0x1185, 0x1165, 0x1165, 0x1165, 0x1165, 0x1165, 0x1165, 0x1165, 0x1165, 0x1145,
    0x1145, 0x1145, 0x1125, 0x1125, 0x1125, 0x1105, 0x0905, 0x0905, 0x0904, 0x08e4, 0x08e4, 0x08e4, 0x08e4, 0x08e4, 0x08e4, 0x08e4,
    0x08e4, 0x08e4, 0x08e4, 0x08e4, 0x08c4, 0x08c4, 0x08c4, 0x08e4, 0x08c4, 0x08e4, 0x08e4, 0x08c4, 0x08c4, 0x00c4, 0x08c4, 0x08c4,
    0x08c3, 0x08a3, 0x08a3, 0x08a3, 0x08a3, 0x08a3, 0x08a3, 0x0883, 0x08c3, 0x1965, 0x3227, 0x1145, 0x0083, 0x0884, 0x0063, 0x10e4,
    0x3268, 0x536b, 0x29a5, 0x0062, 0x0063, 0x0021, 0x2a06, 0x4329, 0x744f, 0x638e, 0x10c4, 0x0042, 0x0062, 0x2185, 0x4b4a, 0x42a9,
    0x0883, 0x0022, 0x0001, 0x1103, 0x42e9, 0x3a68, 0x3a48, 0x0000, 0x0042, 0x0002, 0x10e4, 0x4b0a, 0x4b4a, 0x1924, 0x0022, 0x0023,
    0x0002, 0x1904, 0x4309, 0x4b09, 0x18e4, 0x0001, 0x0022, 0x0882, 0x4309, 0x3a47, 0x3a68, 0x0021, 0x0022, 0x0022, 0x0022, 0x0022,
    0x0022, 0x0022, 0x0022, 0x0061, 0x2986, 0x1903, 0x0020, 0x0022, 0x0023, 0x0022, 0x0882, 0x2185, 0x2164, 0x1945, 0x0042, 0x0042,
    0x0042, 0x0021, 0x1944, 0x29a6, 0x0061, 0x0022, 0x0022, 0x0001, 0x0862, 0x2165, 0x2144, 0x1904, 0x0022, 0x0043, 0x0042, 0x0042,
    0x0042, 0x0042, 0x2165, 0x2185, 0x2185, 0x08a2, 0x0043, 0x0063, 0x0042, 0x1945, 0x1984, 0x2164, 0x0883, 0x0042, 0x0042, 0x08a3,
    0x2185, 0x2164, 0x1945, 0x0062, 0x0883, 0x0083, 0x2186, 0x29c6, 0x29c5, 0x1124, 0x0083, 0x08a3, 0x0082, 0x1144, 0x29e6, 0x08e2,
    0x0082, 0x0883, 0x0883, 0x0082, 0x21a5, 0x29c6, 0x00a2, 0x00a3, 0x08a3, 0x00c3, 0x21a5, 0x21c5, 0x21c5, 0x08e3, 0x08c4, 0x08e3,
    0x1164, 0x2a67, 0x1985, 0x00e4, 0x0905, 0x0904, 0x0903, 0x21c5, 0x2206, 0x0923, 0x0904, 0x0904, 0x08e3, 0x1164, 0x21e5, 0x21e5,
    0x1985, 0x0904, 0x1125, 0x0924, 0x19c5, 0x2226, 0x2225, 0x19c5, 0x0944, 0x1145, 0x1144, 0x11a4, 0x2a67, 0x11a5, 0x1164, 0x1185,
    0x1185, 0x11a5, 0x2247, 0x2266, 0x2267, 0x19c6, 0x19c6, 0x19c6, 0x19a5, 0x2206, 0x2227, 0x19c6, 0x19a6, 0x1986, 0x1165, 0x1165,
    0x19a5, 0x1165, 0x0924, 0x1124, 0x0924, 0x0904, 0x0904, 0x0924, 0x0904, 0x0904, 0x08e4, 0x0904, 0x0904, 0x0904, 0x1125, 0x0924,
    0x0904, 0x0905, 0x0904, 0x0904, 0x0904, 0x1124, 0x0924, 0x0924, 0x0904, 0x0904, 0x0904, 0x1104, 0x1125, 0x1125, 0x1124, 0x0904,
    0x0904, 0x0904, 0x0904, 0x1104, 0x1104, 0x1104, 0x1104, 0x0904, 0x0904, 0x1105, 0x1105, 0x10e4, 0x0883, 0x0043, 0x0022, 0x0022,
    0x0003, 0x0003, 0x0843, 0x0843, 0x0002, 0x0843, 0x10a4, 0x18c5, 0x18e5, 0x18e5, 0x18e5, 0x18c5, 0x1064, 0x0043, 0x0002, 0x0063,
    0x08c4, 0x08e5, 0x0924, 0x1165, 0x11c6, 0x2207, 0x2247, 0x2a47, 0x2267, 0x2267, 0x2247, 0x1a67, 0x1a67, 0x1a67, 0x1a67, 0x1a67,
    0x1a67, 0x2267, 0x2267, 0x2246, 0x1a46, 0x2a88, 0x0904, 0x42c8, 0x9591, 0x0061, 0x2207, 0x2267, 0x2267, 0x1a47, 0x1a47, 0x1a46,
    0x1a46, 0x1a47, 0x1a47, 0x1a47, 0x1a46, 0x1a46, 0x1a46, 0x1a46, 0x1a46, 0x1a46, 0x1a46, 0x1a26, 0x1a26, 0x1a26, 0x1a26, 0x1a26,
    0x1a26, 0x1a26, 0x1a26, 0x1a26, 0x1a26, 0x1a26, 0x1a26, 0x1a26, 0x1a26, 0x1a06, 0x1a06, 0x1a06, 0x1a06, 0x1a06, 0x1a06, 0x1a06,
    0x19e6, 0x19e6, 0x19e6, 0x19e6, 0x19e6, 0x19e6, 0x19e6, 0x19e6, 0x19e6, 0x19c6, 0x19c6, 0x19c6, 0x19c6, 0x19c6, 0x19c6, 0x19c6,
    0x19c6, 0x11c6, 0x11a6, 0x11a6, 0x11a6, 0x11a6, 0x11a6, 0x11a5, 0x11a5, 0x11a5, 0x11a5, 0x1185, 0x1185, 0x1185, 0x1185, 0x1185,
    0x1185, 0x1165, 0x1165, 0x1165, 0x1165, 0x1165, 0x1165, 0x1165, 0x1145, 0x1145, 0x1145, 0x1145, 0x1145, 0x1145, 0x1125, 0x1125,
    0x1125, 0x1125, 0x1125, 0x1125, 0x1125, 0x1105, 0x1104, 0x1104, 0x0904, 0x0904, 0x08e4, 0x08e4, 0x08e4, 0x08e4, 0x08e4, 0x08e4,
    0x08e4, 0x08e4, 0x08c4, 0x08c4, 0x08c4, 0x08c4, 0x08c4, 0x08c3, 0x08c3, 0x08c3, 0x08c3, 0x08c3, 0x08a3, 0x08a3, 0x08a3, 0x08a3,
    0x08a3, 0x08a3, 0x08a3, 0x0883, 0x08a3, 0x1104, 0x1124, 0x1104, 0x0083, 0x0884, 0x0883, 0x08c3, 0x2165, 0x1964, 0x1924, 0x0042,
    0x0043, 0x0043, 0x0061, 0x4b2b, 0x638d, 0x52ab, 0x4a4b, 0x0863, 0x0021, 0x1924, 0x1964, 0x2145, 0x0883, 0x0022, 0x0022, 0x0021,
    0x10e3, 0x2165, 0x0061, 0x0021, 0x0022, 0x0002, 0x10a3, 0x2165, 0x1964, 0x10e4, 0x0022, 0x0023, 0x0002, 0x18e4, 0x1984, 0x1944,
    0x10a3, 0x0002, 0x0022, 0x0021, 0x08c2, 0x2985, 0x0882, 0x0001, 0x0022, 0x0022, 0x0022, 0x0022, 0x0022, 0x0022, 0x0022, 0x0021,
    0x0001, 0x0002, 0x0022, 0x0022, 0x0022, 0x0022, 0x0042, 0x0001, 0x0001, 0x0001, 0x0043, 0x0043, 0x0042, 0x0022, 0x0001, 0x0001,
    0x0022, 0x0022, 0x0022, 0x0022, 0x0001, 0x0000, 0x0000, 0x0001, 0x0043, 0x0023, 0x0042, 0x0042, 0x0043, 0x0843, 0x0042, 0x0022,
    0x0021, 0x0042, 0x0023, 0x0062, 0x0042, 0x0021, 0x0021, 0x0001, 0x0021, 0x0042, 0x0042, 0x0042, 0x0021, 0x0021, 0x0042, 0x0062,
    0x0063, 0x00a3, 0x0042, 0x0042, 0x0042, 0x0062, 0x0083, 0x0883, 0x08a3, 0x0082, 0x0041, 0x0082, 0x00a3, 0x0883, 0x08a3, 0x08a3,
    0x0082, 0x0062, 0x00a2, 0x08a4, 0x08a4, 0x00a4, 0x00a2, 0x00a2, 0x0082, 0x08c3, 0x08c4, 0x08c4, 0x08c3, 0x00a2, 0x08e3, 0x08e4,
    0x08e4, 0x08e4, 0x08e4, 0x08e3, 0x00c3, 0x08e4, 0x0904, 0x08e4, 0x08e4, 0x08e3, 0x00c3, 0x00e3, 0x0904, 0x1104, 0x0904, 0x1124,
    0x0924, 0x0924, 0x0923, 0x0924, 0x0945, 0x0925, 0x1124, 0x0944, 0x0904, 0x1144, 0x1185, 0x1165, 0x1185, 0x1186, 0x1165, 0x0985,
    0x0985, 0x19a6, 0x19a6, 0x11a5, 0x1185, 0x1185, 0x1185, 0x11a6, 0x19c6, 0x19a6, 0x19c6, 0x19c6, 0x19c6, 0x19c6, 0x19c6, 0x19c6,
    0x19c6, 0x19c6, 0x19a6, 0x1185, 0x1185, 0x1165, 0x1145, 0x1125, 0x0904, 0x0904, 0x08e4, 0x08e4, 0x08e4, 0x08e4, 0x08e4, 0x08e4,
    0x08e4, 0x08e4, 0x0904, 0x0904, 0x0904, 0x0904, 0x0904, 0x1104, 0x1105, 0x0904, 0x0905, 0x1105, 0x0905, 0x0904, 0x0904, 0x1104,
    0x1104, 0x0904, 0x0904, 0x0904, 0x0904, 0x1104, 0x0904, 0x1105, 0x1105, 0x1105, 0x10e4, 0x08c4, 0x0884, 0x0063, 0x0042, 0x0043,
    0x0043, 0x0022, 0x0022, 0x0022, 0x0022, 0x0022, 0x0022, 0x0022, 0x0042, 0x0063, 0x08e4, 0x1145, 0x1185, 0x19e6, 0x2227, 0x2247,
    0x2267, 0x2267, 0x2267, 0x1a46, 0x1a46, 0x1a46, 0x1a46, 0x1a66, 0x1a66, 0x1a66, 0x1a66, 0x1a66, 0x1a66, 0x1a46, 0x1a26, 0x1a46,
    0x2267, 0x2a48, 0x08a2, 0x7cef, 0x6c4d, 0x0041, 0x2a67, 0x2247, 0x1a46, 0x1a46, 0x1a46, 0x1a46, 0x1a46, 0x1a47, 0x1a47, 0x1a47,
    0x1a46, 0x1a46, 0x1a46, 0x1a26, 0x1a26, 0x1a26, 0x1a26, 0x1a26, 0x1a26, 0x1a26, 0x1a26, 0x1a26, 0x1a26, 0x1a26, 0x1a26, 0x1a26,
    0x1a26, 0x1a06, 0x1a06, 0x1a06, 0x1a06, 0x1a06, 0x1a06, 0x1a06, 0x1a06, 0x1a06, 0x1a06, 0x1a06, 0x19e6, 0x19e6, 0x19e6, 0x19e6,
    0x19e6, 0x19e6, 0x11e6, 0x19c6, 0x19c6, 0x19c6, 0x19c6, 0x19c6, 0x19c6, 0x19c6, 0x19c6, 0x11c6, 0x11a6, 0x11a6, 0x11a6, 0x11a6,
    0x11a5, 0x11a5, 0x11a5, 0x11a5, 0x11a5, 0x1185, 0x1185, 0x1185, 0x1185, 0x1185, 0x1185, 0x1185, 0x1165, 0x1165, 0x1165, 0x1165,
    0x1165, 0x1165, 0x1165, 0x1165, 0x1145, 0x1145, 0x1145, 0x1145, 0x1124, 0x1124, 0x1124, 0x1124, 0x1124, 0x1124, 0x1105, 0x1104,
    0x0904, 0x0904, 0x0904, 0x0904, 0x08e4, 0x08e4, 0x08e4, 0x08e4, 0x08e4, 0x08e4, 0x08e4, 0x08e4, 0x08e4, 0x08c4, 0x08c4, 0x08c4,
    0x08c4, 0x08c4, 0x08c4, 0x08c4, 0x08c4, 0x08c4, 0x08a3, 0x08a3, 0x08a3, 0x08a3, 0x08a3, 0x08a3, 0x08a3, 0x08a3, 0x08a3, 0x0883,
    0x0083, 0x0083, 0x0082, 0x0083, 0x0883, 0x0863, 0x0863, 0x0063, 0x0042, 0x0021, 0x0041, 0x0063, 0x0022, 0x0022, 0x31a7, 0x4a8b,
    0x4a6a, 0x4aab, 0x52ac, 0x39e9, 0x0863, 0x0001, 0x0041, 0x0021, 0x0002, 0x0022, 0x0022, 0x0022, 0x0001, 0x0001, 0x0022, 0x0022,
    0x0022, 0x0022, 0x0022, 0x0001, 0x0001, 0x0001, 0x0042, 0x0042, 0x0022, 0x0002, 0x0021, 0x0001, 0x0001, 0x0042, 0x0022, 0x0022,
    0x0001, 0x0001, 0x0021, 0x0042, 0x0022, 0x0022, 0x0022, 0x0022, 0x0022, 0x0022, 0x0022, 0x0022, 0x0023, 0x0023, 0x0022, 0x0022,
    0x0022, 0x0043, 0x0023, 0x0043, 0x0043, 0x0023, 0x0023, 0x0043, 0x0043, 0x0023, 0x0843, 0x0042, 0x0022, 0x0022, 0x0022, 0x0002,
    0x0022, 0x0042, 0x0042, 0x0042, 0x0043, 0x0043, 0x0042, 0x0042, 0x0043, 0x0043, 0x0063, 0x0063, 0x0063, 0x0843, 0x0043, 0x0062,
    0x0042, 0x0863, 0x0043, 0x0843, 0x0042, 0x0042, 0x0043, 0x0063, 0x0063, 0x0863, 0x0863, 0x0062, 0x0082, 0x0063, 0x0082, 0x0882,
    0x0883, 0x0883, 0x0062, 0x0883, 0x0883, 0x08a4, 0x08a3, 0x08a4, 0x00a3, 0x08a3, 0x08a3, 0x08a3, 0x08c4, 0x08c4, 0x08a3, 0x08a4,
    0x08a4, 0x08a4, 0x08c4, 0x08c5, 0x08c5, 0x08c3, 0x08c4, 0x08c4, 0x08e4, 0x08e4, 0x08e4, 0x08c4, 0x08e4, 0x08c4, 0x08e4, 0x1104,
    0x0924, 0x0905, 0x0904, 0x0904, 0x10e4, 0x0904, 0x0925, 0x1105, 0x1125, 0x1125, 0x1124, 0x1124, 0x1145, 0x1125, 0x1144, 0x1145,
    0x0925, 0x1125, 0x0944, 0x1145, 0x1165, 0x1165, 0x1945, 0x1165, 0x1185, 0x1166, 0x1186, 0x11a5, 0x11a6, 0x1985, 0x1185, 0x1185,
    0x1185, 0x11a6, 0x11a6, 0x11a5, 0x11a5, 0x11a6, 0x11a5, 0x11a5, 0x11a6, 0x19c6, 0x11a6, 0x19c6, 0x19c6, 0x19c6, 0x19e7, 0x1a07,
    0x19e7, 0x19c6, 0x21c7, 0x19c6, 0x19c6, 0x19a6, 0x19a6, 0x1186, 0x1165, 0x1144, 0x0924, 0x1125, 0x0904, 0x0924, 0x0924, 0x0904,
    0x0904, 0x08e4, 0x08e4, 0x08e4, 0x0904, 0x0904, 0x0904, 0x1105, 0x0904, 0x0904, 0x1104, 0x1104, 0x1104, 0x1104, 0x1104, 0x1104,
    0x1104, 0x1104, 0x0904, 0x08e4, 0x1105, 0x1105, 0x0904, 0x1105, 0x1105, 0x1104, 0x1105, 0x10e4, 0x10e4, 0x08e4, 0x08c4, 0x08c4,
    0x08c4, 0x08c4, 0x08c4, 0x1125, 0x1165, 0x19a6, 0x19e6, 0x1a27, 0x2267, 0x2247, 0x2247, 0x2246, 0x1a46, 0x1a46, 0x1a67, 0x1a46,
    0x1a46, 0x1a46, 0x1a47, 0x2246, 0x2246, 0x2247, 0x2247, 0x1a47, 0x2247, 0x2267, 0x2a68, 0x2226, 0x0903, 0x0021, 0x1903, 0xa5f3,
    0x29e5, 0x0904, 0x2267, 0x1a46, 0x1a46, 0x1a26, 0x1a46, 0x1a26, 0x1a26, 0x1a47, 0x1a46, 0x1a46, 0x1a26, 0x1a26, 0x1a26, 0x1a26,
    0x1a26, 0x1a26, 0x1a06, 0x1a06, 0x1a06, 0x1a26, 0x1a06, 0x1a26, 0x1a06, 0x1a06, 0x1a06, 0x1a06, 0x1a06, 0x1a06, 0x1a06, 0x1a06,
    0x1a06, 0x1a06, 0x1a06, 0x1a06, 0x1a06, 0x1a06, 0x19e6, 0x19e6, 0x19e6, 0x19e6, 0x19e6, 0x19e6, 0x19c6, 0x19c6, 0x19c6, 0x19c6,
    0x19c6, 0x19c6, 0x19c6, 0x19c6, 0x19a6, 0x19a5, 0x19a5, 0x11a5, 0x11a6, 0x11a6, 0x11a5, 0x1185, 0x11a5, 0x11a5, 0x1185, 0x1185,
    0x1185, 0x1185, 0x1185, 0x1185, 0x1185, 0x1165, 0x1185, 0x1185, 0x1185, 0x1165, 0x1165, 0x1165, 0x0965, 0x1165, 0x1165, 0x1165,
    0x1145, 0x1145, 0x1144, 0x1125, 0x1125, 0x1125, 0x1124, 0x1104, 0x1104, 0x0904, 0x1104, 0x0904, 0x0904, 0x1104, 0x0904, 0x0904,
    0x08e4, 0x08e4, 0x0904, 0x08e4, 0x08e4, 0x08e4, 0x08e4, 0x08c4, 0x08e4, 0x08e4, 0x08e4, 0x08c4, 0x08c4, 0x08c4, 0x08c4, 0x08c4,
    0x08c4, 0x08c4, 0x08a4, 0x08a3, 0x08a3, 0x08a3, 0x08a3, 0x08a3, 0x08a3, 0x0883, 0x0883, 0x08a3, 0x0883, 0x0883, 0x08a3, 0x0863,
    0x0863, 0x0863, 0x0863, 0x0063, 0x0883, 0x0863, 0x0042, 0x0002, 0x1084, 0x3a09, 0x52cc, 0x52ac, 0x52ab, 0x4a8b, 0x4a8b, 0x52ac,
    0x422a, 0x18c5, 0x0021, 0x0002, 0x0823, 0x0022, 0x0022, 0x0823, 0x0043, 0x0843, 0x0022, 0x0022, 0x0022, 0x0022, 0x0042, 0x0022,
    0x0023, 0x0822, 0x0022, 0x0042, 0x0023, 0x0023, 0x0042, 0x0022, 0x0022, 0x0042, 0x0022, 0x0022, 0x0823, 0x0022, 0x0022, 0x0022,
    0x0022, 0x0022, 0x0022, 0x0022, 0x0022, 0x0022, 0x0042, 0x0001, 0x0001, 0x0001, 0x0021, 0x0022, 0x0022, 0x0043, 0x0022, 0x0021,
    0x0021, 0x0002, 0x0023, 0x0043, 0x0042, 0x0022, 0x0021, 0x0000, 0x0000, 0x0022, 0x0022, 0x0022, 0x0021, 0x0001, 0x0020, 0x0021,
    0x0042, 0x0043, 0x0042, 0x0042, 0x0042, 0x0043, 0x0022, 0x0020, 0x0023, 0x0043, 0x0062, 0x0042, 0x0042, 0x0021, 0x0021, 0x0021,
    0x0043, 0x0043, 0x0042, 0x0063, 0x0021, 0x0041, 0x0063, 0x0083, 0x0063, 0x0843, 0x0041, 0x0061, 0x0041, 0x0863, 0x0063, 0x0883,
    0x0883, 0x0062, 0x0082, 0x0082, 0x00a3, 0x00a3, 0x08a4, 0x08a3, 0x0082, 0x0082, 0x00a3, 0x00a4, 0x08a4, 0x08c3, 0x00a2, 0x0082,
    0x08c4, 0x08c3, 0x08c4, 0x08c3, 0x0082, 0x00a2, 0x00a2, 0x08c4, 0x08c4, 0x08c4, 0x08c3, 0x00a2, 0x00e2, 0x08e4, 0x0904, 0x0904,
    0x1105, 0x0903, 0x0123, 0x0924, 0x0925, 0x1125, 0x1104, 0x1125, 0x0904, 0x08e3, 0x0903, 0x0904, 0x1105, 0x1124, 0x1145, 0x0945,
    0x0143, 0x0964, 0x1145, 0x1165, 0x1165, 0x1165, 0x0944, 0x0143, 0x1186, 0x1165, 0x1185, 0x1185, 0x1165, 0x0944, 0x0984, 0x1185,
    0x1184, 0x1186, 0x1185, 0x0985, 0x0964, 0x0984, 0x11c6, 0x19a6, 0x19c6, 0x19c6, 0x19c6, 0x11c5, 0x11e5, 0x19c6, 0x19c6, 0x11e6,
    0x19e5, 0x19a5, 0x11c5, 0x09a5, 0x19a6, 0x19c6, 0x19c5, 0x19c7, 0x19c6, 0x11a4, 0x11c5, 0x11a6, 0x1186, 0x1165, 0x1164, 0x0944,
    0x0103, 0x0103, 0x0905, 0x0904, 0x0904, 0x08e5, 0x08e3, 0x00c3, 0x00e3, 0x08e3, 0x0904, 0x08e4, 0x08e4, 0x08e4, 0x08e4, 0x08e4,
    0x08e4, 0x08e4, 0x0904, 0x0904, 0x0904, 0x08e3, 0x08e4, 0x0904, 0x0904, 0x0924, 0x0925, 0x0944, 0x0944, 0x1185, 0x19e6, 0x2207,
    0x2227, 0x2226, 0x1a47, 0x1246, 0x1a25, 0x1a26, 0x1a26, 0x1a26, 0x1a26, 0x1a27, 0x1a26, 0x1a05, 0x1a25, 0x1a47, 0x1a47, 0x1a47,
    0x2246, 0x1a47, 0x1a47, 0x2267, 0x2227, 0x08e2, 0x1103, 0x0882, 0x3a0a, 0x5b4e, 0x2986, 0x1903, 0x0861, 0x21e7, 0x1a26, 0x1a26,
    0x1a26, 0x1a26, 0x1a06, 0x1a26, 0x1a26, 0x1a06, 0x1a05, 0x1a26, 0x1a26, 0x1a27, 0x1a26, 0x1a26, 0x1205, 0x1205, 0x1a06, 0x21e7,
    0x1a06, 0x1a06, 0x19e6, 0x1205, 0x1205, 0x1a06, 0x1a06, 0x1a05, 0x1a06, 0x19e6, 0x11e5, 0x1a05, 0x1a06, 0x19e6, 0x19e6, 0x19e6,
    0x11e5, 0x11e5, 0x11e5, 0x19e6, 0x19c6, 0x19c5, 0x19c6, 0x11a5, 0x11a4, 0x11a5, 0x19c6, 0x19a6, 0x19a6, 0x11a5, 0x11a5, 0x09a5,
    0x11a5, 0x11a5, 0x11a5, 0x19a5, 0x11a5, 0x0984, 0x1184, 0x1185, 0x19a5, 0x1185, 0x1185, 0x1185, 0x0964, 0x0964, 0x1185, 0x1185,
    0x1165, 0x1165, 0x0964, 0x0964, 0x0964, 0x1164, 0x1145, 0x1145, 0x1165, 0x0944, 0x0923, 0x0945, 0x1125, 0x1124, 0x1124, 0x0925,
    0x0103, 0x0103, 0x0924, 0x1104, 0x1105, 0x0905, 0x0904, 0x0103, 0x0104, 0x10e4, 0x10e4, 0x0904, 0x08e4, 0x00e3, 0x00c2, 0x00a3,
    0x00e3, 0x10c4, 0x08e4, 0x10c4, 0x08c2, 0x00c3, 0x00c2, 0x08c3, 0x08c4, 0x08c4, 0x08c3, 0x0883, 0x00a1, 0x08a3, 0x08a4, 0x08a3,
    0x08a3, 0x0884, 0x0063, 0x0061, 0x0081, 0x0883, 0x0883, 0x00a3, 0x0883, 0x0042, 0x0061, 0x0883, 0x0863, 0x0883, 0x0863, 0x0063,
    0x0061, 0x0041, 0x1104, 0x39c9, 0x4a8b, 0x52cb, 0x4a8b, 0x4a8a, 0x4aaa, 0x528b, 0x4a8b, 0x528b, 0x52ab, 0x4a8b, 0x31c8, 0x10e4,
    0x0023, 0x0023, 0x0023, 0x0022, 0x0002, 0x0001, 0x0022, 0x0022, 0x0022, 0x0022, 0x0021, 0x0001, 0x0001, 0x0021, 0x0022, 0x0023,
    0x0023, 0x0001, 0x0001, 0x0001, 0x0022, 0x0022, 0x0022, 0x0042, 0x0001, 0x0000, 0x0001, 0x0022, 0x0022, 0x0022, 0x0022, 0x0022,
    0x0022, 0x0022, 0x0001, 0x1903, 0x4ac9, 0x3248, 0x0041, 0x0022, 0x0022, 0x0021, 0x08a2, 0x4ac9, 0x4aea, 0x10e3, 0x0001, 0x0022,
    0x0021, 0x0882, 0x3a68, 0x4aca, 0x1923, 0x0001, 0x0042, 0x0022, 0x08a2, 0x4aaa, 0x4aca, 0x1103, 0x0021, 0x0042, 0x0042, 0x0042,
    0x0042, 0x0042, 0x10e3, 0x4ae9, 0x10c3, 0x0021, 0x0062, 0x0043, 0x0001, 0x29a5, 0x532b, 0x3227, 0x0041, 0x0843, 0x0062, 0x0061,
    0x3227, 0x3a67, 0x0041, 0x0082, 0x0062, 0x0042, 0x1944, 0x4aea, 0x3a47, 0x0082, 0x0082, 0x0082, 0x0081, 0x3247, 0x536b, 0x21c5,
    0x0082, 0x08a3, 0x00a2, 0x0903, 0x4b0a, 0x4b4a, 0x1164, 0x00a3, 0x08c3, 0x00a2, 0x1984, 0x4309, 0x08e3, 0x00a3, 0x08c3, 0x00a2,
    0x3227, 0x4b0a, 0x2a06, 0x00a2, 0x08c3, 0x08c3, 0x08e2, 0x3aa9, 0x4b4b, 0x19c5, 0x08e3, 0x0924, 0x08e4, 0x19c5, 0x4b8b, 0x3b09,
    0x0964, 0x0945, 0x1125, 0x0903, 0x19e5, 0x4b4b, 0x3ac8, 0x0923, 0x0904, 0x1124, 0x0924, 0x11a5, 0x4349, 0x19c5, 0x1124, 0x1144,
    0x1164, 0x0943, 0x2226, 0x3b29, 0x0985, 0x1165, 0x1165, 0x1185, 0x0985, 0x2aa8, 0x32c8, 0x0964, 0x1185, 0x1185, 0x0964, 0x2246,
    0x4b8b, 0x3b08, 0x09a4, 0x11a6, 0x11c6, 0x11c5, 0x19e5, 0x436a, 0x2287, 0x11a5, 0x19a6, 0x11a5, 0x0984, 0x1a06, 0x438a, 0x3328,
    0x11a4, 0x11a5, 0x19c5, 0x19c6, 0x11e5, 0x3b49, 0x43aa, 0x1a66, 0x1206, 0x1a06, 0x1a06, 0x1a05, 0x2aa7, 0x3b29, 0x11c6, 0x11a5,
    0x1986, 0x1185, 0x1184, 0x2a67, 0x2a47, 0x1184, 0x0924, 0x0944, 0x0924, 0x0923, 0x19c6, 0x19c6, 0x0944, 0x0923, 0x0924, 0x0924,
    0x0923, 0x11a4, 0x11a5, 0x0964, 0x1185, 0x11c5, 0x19e6, 0x1a26, 0x3b09, 0x3b29, 0x2266, 0x1a26, 0x1a26, 0x1a26, 0x1a47, 0x22a7,
    0x3348, 0x1a46, 0x1a26, 0x1a26, 0x1a26, 0x1205, 0x2ae8, 0x3b69, 0x2aa7, 0x1a25, 0x1a47, 0x1a46, 0x1a46, 0x1a27, 0x1a47, 0x21e6,
    0x0041, 0x428a, 0x4aec, 0x0882, 0x4acb, 0x7c72, 0xa535, 0x5aab, 0x0021, 0x2a27, 0x2287, 0x1a46, 0x1a26, 0x1a06, 0x1a06, 0x1a06,
    0x2267, 0x2ac8, 0x2266, 0x1a25, 0x1a06, 0x1a06, 0x1a06, 0x1a06, 0x22a7, 0x2ae8, 0x1a06, 0x19e6, 0x1a06, 0x19e5, 0x1a06, 0x2ac7,
    0x2aa7, 0x11e6, 0x19e6, 0x1a05, 0x1a06, 0x1206, 0x2ae7, 0x2266, 0x11e6, 0x11e6, 0x19e6, 0x11e5, 0x2287, 0x3b29, 0x2aa7, 0x11e5,
    0x19c6, 0x19c5, 0x11c4, 0x2287, 0x3b49, 0x2287, 0x11a5, 0x19a5, 0x11a5, 0x11c5, 0x2246, 0x32e9, 0x11c5, 0x1185, 0x11a5, 0x1185,
    0x11a5, 0x2a87, 0x2aa7, 0x1164, 0x1185, 0x1165, 0x1185, 0x11a4, 0x32c8, 0x2247, 0x0944, 0x1165, 0x1165, 0x0964, 0x2246, 0x3b2a,
    0x2a87, 0x0964, 0x1165, 0x1145, 0x0944, 0x19c5, 0x3ae9, 0x11a5, 0x0925, 0x1124, 0x1124, 0x0904, 0x19c5, 0x2a68, 0x0923, 0x0904,
    0x0904, 0x0904, 0x0904, 0x2226, 0x2a88, 0x08e3, 0x10e4, 0x0904, 0x08e4, 0x1164, 0x3ac9, 0x3268, 0x0123, 0x08c3, 0x08e4, 0x00a3,
    0x1984, 0x3aca, 0x2a67, 0x00e2, 0x08c4, 0x08c4, 0x00a3, 0x1124, 0x3ac8, 0x1124, 0x0883, 0x08a4, 0x08a3, 0x0082, 0x1985, 0x42a9,
    0x21e6, 0x0062, 0x08a4, 0x0083, 0x0062, 0x2165, 0x3267, 0x0082, 0x0883, 0x0083, 0x0063, 0x0082, 0x3207, 0x42a9, 0x3268, 0x422a,
    0x52ac, 0x4aab, 0x4aab, 0x6bae, 0x638d, 0x4a6a, 0x4aab, 0x528b, 0x4a8a, 0x636d, 0x7c30, 0x4aeb, 0x0042, 0x0043, 0x0043, 0x0021,
    0x1924, 0x3a27, 0x0022, 0x0023, 0x0022, 0x0002, 0x0882, 0x3a28, 0x3a48, 0x0882, 0x0021, 0x0023, 0x0002, 0x10e3, 0x4289, 0x3207,
    0x0041, 0x0022, 0x0022, 0x0021, 0x29a5, 0x4289, 0x1924, 0x0001, 0x0022, 0x0022, 0x0022, 0x0022, 0x0022, 0x0022, 0x0021, 0x5b6a,
    0x1122, 0x4b29, 0x29e6, 0x0001, 0x0863, 0x0000, 0x42a8, 0x3a46, 0x29e5, 0x4b0a, 0x0000, 0x0042, 0x0000, 0x3a47, 0x3247, 0x2184,
    0x538b, 0x0000, 0x0042, 0x0001, 0x42a9, 0x3a47, 0x29e5, 0x532a, 0x0000, 0x0042, 0x0042, 0x0042, 0x0042, 0x0042, 0x4289, 0x6c2d,
    0x1103, 0x0021, 0x0862, 0x0022, 0x10c3, 0x5b8b, 0x1122, 0x640c, 0x1944, 0x0022, 0x0042, 0x1103, 0x5bac, 0x4b6a, 0x0020, 0x0063,
    0x0062, 0x0061, 0x5b8b, 0x1943, 0x4b6a, 0x29e6, 0x0042, 0x0042, 0x2185, 0x4b4a, 0x1142, 0x5c2c, 0x00c2, 0x00a3, 0x0061, 0x42e9,
    0x3b08, 0x2a85, 0x53cc, 0x0082, 0x00c3, 0x08c3, 0x42e9, 0x640b, 0x08e3, 0x00a3, 0x0082, 0x1964, 0x538b, 0x1142, 0x5bec, 0x0903,
    0x00c3, 0x0082, 0x3267, 0x3ac8, 0x21e4, 0x5bcc, 0x00c2, 0x0924, 0x00e3, 0x4bab, 0x2245, 0x4ba9, 0x32e8, 0x0103, 0x1145, 0x0923,
    0x53eb, 0x19e4, 0x53aa, 0x32a7, 0x00c3, 0x1124, 0x0924, 0x3ae9, 0x5c6c, 0x19e5, 0x0904, 0x0944, 0x0924, 0x1184, 0x4b8a, 0x542c,
    0x0984, 0x1165, 0x1165, 0x0965, 0x1a06, 0x540b, 0x4baa, 0x0964, 0x1185, 0x1185, 0x0984, 0x540c, 0x2286, 0x4bca, 0x2ac8, 0x0964,
    0x11a6, 0x11a5, 0x2aa7, 0x542c, 0x2ac7, 0x0984, 0x11a6, 0x11a5, 0x0984, 0x4bcb, 0x1a65, 0x43ea, 0x2ae7, 0x1184, 0x19e6, 0x11c5,
    0x3328, 0x43a9, 0x2306, 0x4c0a, 0x09c4, 0x11e6, 0x11c5, 0x1a26, 0x4bcb, 0x4c0b, 0x11e5, 0x19e6, 0x19e7, 0x11c5, 0x32e8, 0x3b69,
    0x2286, 0x438a, 0x11e5, 0x19e6, 0x11c5, 0x2aa8, 0x2ac7, 0x2a87, 0x3b29, 0x19e5, 0x19e6, 0x11e5, 0x2aa7, 0x53eb, 0x3b6a, 0x1a05,
    0x1a27, 0x1a26, 0x1205, 0x3329, 0x2ae7, 0x2ae7, 0x3b48, 0x11e4, 0x1a26, 0x1a26, 0x1a46, 0x3b8a, 0x4c0b, 0x1a45, 0x1226, 0x1a26,
    0x1205, 0x22a7, 0x3b89, 0x2286, 0x4bca, 0x1a25, 0x1a26, 0x1a26, 0x1a26, 0x2227, 0x21c6, 0x0041, 0x536e, 0x8e17, 0x8dd6, 0x8cf2,
    0x630b, 0x3124, 0x4186, 0x732d, 0x0061, 0x19c5, 0x2a87, 0x2267, 0x1a06, 0x1a06, 0x1a06, 0x1a26, 0x32e8, 0x1a45, 0x3308, 0x1a45,
    0x1a06, 0x1a07, 0x1a06, 0x1a46, 0x3b49, 0x3b69, 0x1205, 0x19e6, 0x1a06, 0x19e5, 0x2247, 0x3b6a, 0x32e8, 0x11c5, 0x19e6, 0x19e5,
    0x11c6, 0x2267, 0x43a9, 0x2ac7, 0x11c5, 0x19e6, 0x19e6, 0x1205, 0x3b69, 0x1245, 0x3b69, 0x1a46, 0x11a5, 0x11c5, 0x1a05, 0x438a,
    0x1224, 0x43aa, 0x1a05, 0x11a5, 0x11a5, 0x19e5, 0x3b29, 0x43ca, 0x11e5, 0x1185, 0x11a6, 0x0965, 0x1a06, 0x438a, 0x3b29, 0x0964,
    0x1185, 0x1165, 0x0964, 0x2246, 0x438a, 0x2ac8, 0x0944, 0x1165, 0x0965, 0x09a4, 0x438a, 0x1224, 0x438a, 0x1a06, 0x0944, 0x1145,
    0x1145, 0x32c8, 0x53eb, 0x19e5, 0x0904, 0x1125, 0x0904, 0x0964, 0x3ae9, 0x4b6a, 0x0943, 0x08e4, 0x0904, 0x08e4, 0x1965, 0x432a,
    0x3b28, 0x00c2, 0x08e4, 0x08e4, 0x00a2, 0x3b09, 0x2204, 0x3287, 0x2a87, 0x0082, 0x08e4, 0x00c3, 0x434a, 0x1183, 0x3b29, 0x2205,
    0x0082, 0x08c4, 0x00a3, 0x3247, 0x53ca, 0x1984, 0x0063, 0x08a4, 0x0883, 0x08e3, 0x432a, 0x1162, 0x4b6a, 0x1123, 0x0062, 0x0062,
    0x08a3, 0x3a88, 0x4329, 0x0081, 0x0063, 0x0083, 0x0042, 0x21c6, 0x3ac8, 0x1983, 0x4309, 0x0020, 0x1905, 0x4249, 0x632d, 0x8490,
    0x6c0e, 0x426a, 0x4aab, 0x528b, 0x4aab, 0x5b8c, 0x10e2, 0x4b2a, 0x1103, 0x0022, 0x0022, 0x08a3, 0x42a9, 0x5329, 0x0062, 0x0023,
    0x0042, 0x0001, 0x3227, 0x29e5, 0x29e5, 0x3a88, 0x0000, 0x0022, 0x0001, 0x42c9, 0x1943, 0x3aa8, 0x2185, 0x0001, 0x0002, 0x10e3,
    0x42c8, 0x1143, 0x4aea, 0x0041, 0x0022, 0x0022, 0x0022, 0x0022, 0x0022, 0x0002, 0x0882, 0x5349, 0x1102, 0x4b8a, 0x3267, 0x0000,
    0x0042, 0x0001, 0x42e9, 0x1963, 0x2a06, 0x4b0a, 0x0000, 0x0022, 0x0000, 0x42a8, 0x2184, 0x2a05, 0x5beb, 0x0062, 0x0042, 0x0021,
    0x42e9, 0x21c4, 0x3226, 0x4b4a, 0x0020, 0x0042, 0x0042, 0x0042, 0x0042, 0x0042, 0x0020, 0x4b29, 0x1903, 0x0021, 0x0863, 0x0002,
    0x1984, 0x4328, 0x1122, 0x646c, 0x21a5, 0x0001, 0x0063, 0x0021, 0x1143, 0x4349, 0x0020, 0x0043, 0x0042, 0x08c2, 0x4b29, 0x08a1,
    0x53aa, 0x3267, 0x0022, 0x0042, 0x29e6, 0x32c7, 0x1143, 0x53eb, 0x0903, 0x0062, 0x0061, 0x4b6a, 0x1a23, 0x32c6, 0x5c2c, 0x00c2,
    0x00c3, 0x00a4, 0x00a1, 0x4b6a, 0x08e3, 0x0082, 0x0062, 0x29e6, 0x4308, 0x0921, 0x5bec, 0x1984, 0x00a2, 0x0061, 0x3a87, 0x2204,
    0x2a45, 0x53cb, 0x08c2, 0x08e4, 0x0103, 0x4beb, 0x11e2, 0x3b88, 0x4369, 0x0103, 0x0925, 0x0964, 0x4bca, 0x0982, 0x4bc9, 0x3b08,
    0x00c3, 0x0904, 0x0924, 0x0101, 0x4389, 0x19e5, 0x0904, 0x0925, 0x0925, 0x1124, 0x0962, 0x4baa, 0x0984, 0x1145, 0x1145, 0x1165,
    0x0964, 0x1a44, 0x4bc9, 0x0964, 0x1185, 0x1185, 0x11c5, 0x4bea, 0x1203, 0x4bea, 0x3308, 0x0944, 0x1185, 0x1185, 0x0143, 0x3308,
    0x2ac7, 0x0944, 0x1185, 0x1185, 0x11a4, 0x4baa, 0x1203, 0x4c0a, 0x3348, 0x1184, 0x19e6, 0x09a5, 0x3ba9, 0x2b26, 0x22e6, 0x542b,
    0x11e5, 0x11a6, 0x19a6, 0x11a5, 0x11e4, 0x4bea, 0x11e4, 0x11c5, 0x19e6, 0x09c4, 0x3348, 0x2b06, 0x22a5, 0x43ca, 0x1226, 0x1206,
    0x11c5, 0x3329, 0x22c6, 0x2ae7, 0x438a, 0x1205, 0x1a06, 0x1a26, 0x1225, 0x2b07, 0x3b89, 0x1204, 0x1a06, 0x1a06, 0x11c5, 0x3b49,
    0x2285, 0x2ae7, 0x3b69, 0x1205, 0x1a06, 0x1a05, 0x1a26, 0x1245, 0x43ca, 0x1a65, 0x1226, 0x1a27, 0x11e5, 0x3328, 0x3348, 0x1a85,
    0x4bea, 0x1a45, 0x1a06, 0x1a26, 0x1a06, 0x19c6, 0x0021, 0x5baf, 0x8e79, 0x7575, 0x8533, 0x94f1, 0xbcf1, 0xc491, 0x7a8b, 0x0800,
    0x00a2, 0x19e6, 0x2226, 0x2266, 0x1206, 0x1a06, 0x11e5, 0x1a26, 0x2ac7, 0x1225, 0x32e8, 0x2246, 0x11e6, 0x1a06, 0x1a06, 0x11e5,
    0x1a45, 0x3b49, 0x1205, 0x19e6, 0x19e6, 0x19e6, 0x11c5, 0x2286, 0x3308, 0x11c5, 0x19e6, 0x11c5, 0x11e6, 0x09c4, 0x22c6, 0x2ae7,
    0x09a5, 0x19e6, 0x11c6, 0x1a25, 0x3328, 0x1224, 0x3b89, 0x2266, 0x11a5, 0x11a5, 0x2265, 0x3348, 0x0a24, 0x43ea, 0x2266, 0x1184,
    0x11a5, 0x11a5, 0x09c4, 0x3b89, 0x11e5, 0x1185, 0x1185, 0x1186, 0x0964, 0x1224, 0x3b29, 0x0943, 0x1165, 0x1165, 0x1165, 0x0143,
    0x2265, 0x2ae7, 0x0124, 0x1165, 0x0944, 0x1205, 0x3b69, 0x09e2, 0x4bcb, 0x2267, 0x0924, 0x1145, 0x0945, 0x0122, 0x3b28, 0x19e4,
    0x0104, 0x1125, 0x0905, 0x0924, 0x0142, 0x4349, 0x0963, 0x0904, 0x0904, 0x08e4, 0x00e3, 0x11a3, 0x3b07, 0x00c2, 0x08e4, 0x08e4,
    0x00c3, 0x3b28, 0x11a3, 0x32c7, 0x32c8, 0x08c3, 0x08c4, 0x0923, 0x3b28, 0x0121, 0x4369, 0x2a46, 0x0062, 0x08a4, 0x08c4, 0x00a1,
    0x3ae7, 0x19c5, 0x0083, 0x08a4, 0x0083, 0x1984, 0x3ac8, 0x0901, 0x4baa, 0x19a4, 0x0042, 0x0083, 0x0062, 0x00c1, 0x3ae7, 0x00a1,
    0x0063, 0x0083, 0x0022, 0x3247, 0x2224, 0x21c4, 0x538a, 0x0882, 0x0022, 0x0862, 0x31e8, 0x63ac, 0x6c0e, 0x424a, 0x4aab, 0x4209,
    0x2165, 0x3267, 0x0881, 0x538b, 0x2184, 0x0002, 0x0042, 0x0041, 0x00a1, 0x4b08, 0x0082, 0x0023, 0x0042, 0x0000, 0x3a88, 0x1143,
    0x29e5, 0x3ac7, 0x0000, 0x0002, 0x0862, 0x3aa7, 0x08a1, 0x4329, 0x2a06, 0x0001, 0x0001, 0x2185, 0x2a25, 0x1102, 0x4b4a, 0x08a2,
    0x0022, 0x0022, 0x0022, 0x0022, 0x0022, 0x0002, 0x0882, 0x4b49, 0x3226, 0x42e8, 0x3267, 0x0000, 0x0042, 0x0001, 0x3287, 0x3266,
    0x29c6, 0x42c9, 0x0000, 0x0022, 0x0000, 0x3266, 0x42e8, 0x2a26, 0x4b8a, 0x08a2, 0x0022, 0x0021, 0x3aa7, 0x4308, 0x2a05, 0x4b29,
    0x0041, 0x0022, 0x0022, 0x0042, 0x0042, 0x0042, 0x0021, 0x534a, 0x1924, 0x0021, 0x0862, 0x0002, 0x1984, 0x538a, 0x3246, 0x53aa,
    0x29c6, 0x0001, 0x0063, 0x0002, 0x1944, 0x4b49, 0x0020, 0x0022, 0x0021, 0x08c1, 0x42e8, 0x31c5, 0x3ae8, 0x3287, 0x0041, 0x0042,
    0x21c5, 0x4b8a, 0x2a26, 0x438a, 0x1143, 0x0062, 0x0061, 0x4349, 0x3b07, 0x3287, 0x5bcc, 0x08c2, 0x00c3, 0x08a4, 0x08e3, 0x53ab,
    0x08e3, 0x0082, 0x0042, 0x21e5, 0x4baa, 0x2205, 0x4b49, 0x21a4, 0x0062, 0x0061, 0x3226, 0x32c7, 0x3266, 0x4b6a, 0x08c3, 0x00c3,
    0x0123, 0x43ca, 0x3307, 0x2aa6, 0x4349, 0x00e2, 0x08e4, 0x1184, 0x43c9, 0x2aa6, 0x3b48, 0x3b28, 0x00c3, 0x10e5, 0x0904, 0x0102,
    0x4b8a, 0x19e5, 0x08e4, 0x0924, 0x0925, 0x1104, 0x1163, 0x53ca, 0x0984, 0x1145, 0x1145, 0x1165, 0x0944, 0x2286, 0x4bca, 0x0964,
    0x1185, 0x1165, 0x11e5, 0x4c0a, 0x2ae7, 0x3b68, 0x3308, 0x0923, 0x1165, 0x1165, 0x0944, 0x3b28, 0x2ac7, 0x0944, 0x1185, 0x1165,
    0x0984, 0x43a9, 0x2ae7, 0x3b89, 0x3b68, 0x1184, 0x19c6, 0x09a5, 0x3388, 0x43c9, 0x22a6, 0x43ca, 0x1a05, 0x1185, 0x1986, 0x11a5,
    0x19e5, 0x4beb, 0x11e5, 0x11a5, 0x19c6, 0x09a4, 0x3328, 0x3368, 0x22c6, 0x4389, 0x1a26, 0x11e5, 0x11a5, 0x3308, 0x2b07, 0x22c6,
    0x3b69, 0x1a05, 0x1206, 0x1a07, 0x1205, 0x2b08, 0x3b89, 0x11e4, 0x1a06, 0x19e6, 0x11a5, 0x3b29, 0x2ae7, 0x2ac7, 0x3b69, 0x11e5,
    0x11e6, 0x19e5, 0x1a06, 0x1245, 0x43ca, 0x1a66, 0x1206, 0x1a07, 0x11e5, 0x3308, 0x3b88, 0x22c7, 0x3baa, 0x2266, 0x19e6, 0x1a07,
    0x1a07, 0x0061, 0x29a7, 0x63ef, 0x5bef, 0x74b2, 0x9d33, 0xacb1, 0xb40f, 0xc411, 0xa370, 0x3926, 0x08c2, 0x19e6, 0x2227, 0x1a46,
    0x11e6, 0x19e6, 0x11e5, 0x1a25, 0x2aa7, 0x1a25, 0x2aa7, 0x1a46, 0x11e6, 0x19e6, 0x19e6, 0x11e5, 0x1a46, 0x3b49, 0x11e5, 0x19c6,
    0x19c6, 0x19c6, 0x11c5, 0x2287, 0x3308, 0x11c5, 0x19e6, 0x19c5, 0x19c6, 0x11c5, 0x2ac7, 0x2ac7, 0x0985, 0x19c5, 0x1185, 0x1a05,
    0x3348, 0x1aa6, 0x3328, 0x2287, 0x1185, 0x11a6, 0x1a45, 0x3b48, 0x1a86, 0x3368, 0x2aa7, 0x11a5, 0x11a6, 0x1185, 0x11c4, 0x438a,
    0x11c5, 0x0965, 0x1165, 0x1165, 0x0944, 0x1a25, 0x3b29, 0x0143, 0x1165, 0x1145, 0x1145, 0x0923, 0x2a87, 0x2ae8, 0x0924, 0x1165,
    0x0944, 0x1205, 0x3ba9, 0x1a65, 0x3b48, 0x2a67, 0x0923, 0x1145, 0x0945, 0x0123, 0x4349, 0x1a05, 0x0904, 0x1105, 0x0904, 0x0924,
    0x0963, 0x4349, 0x0943, 0x08e4, 0x08e4, 0x08e4, 0x00c3, 0x11a4, 0x3b08, 0x00c3, 0x08c4, 0x08c4, 0x00c3, 0x3b08, 0x2ac7, 0x2aa6,
    0x32c7, 0x00a3, 0x08c4, 0x0923, 0x3308, 0x2a05, 0x32c7, 0x2a66, 0x0042, 0x08a3, 0x08a3, 0x0082, 0x3ae9, 0x21c5, 0x0082, 0x08a4,
    0x0063, 0x1984, 0x3b08, 0x21a4, 0x3ae8, 0x21c5, 0x0041, 0x0083, 0x0042, 0x08e2, 0x3ae9, 0x00a2, 0x0043, 0x0863, 0x0021, 0x2a26,
    0x32a7, 0x2a05, 0x4b29, 0x0882, 0x0043, 0x0042, 0x0021, 0x5b2b, 0x740f, 0x4a6a, 0x4a8b, 0x0842, 0x10e3, 0x42e8, 0x2164, 0x3aa8,
    0x21e5, 0x0002, 0x0042, 0x0022, 0x08a2, 0x4b09, 0x0082, 0x0023, 0x0042, 0x0001, 0x3286, 0x2a26, 0x29c5, 0x3287, 0x0021, 0x0001,
    0x0882, 0x32a7, 0x29a5, 0x3a87, 0x2a26, 0x0000, 0x0021, 0x2185, 0x3aa7, 0x21a4, 0x42e8, 0x10c2, 0x0022, 0x0022, 0x0022, 0x0022,
    0x0022, 0x0002, 0x0862, 0x5bab, 0x2164, 0x2a06, 0x3a88, 0x0000, 0x0062, 0x0000, 0x3aa8, 0x3a87, 0x08a1, 0x4b09, 0x0000, 0x0022,
    0x0000, 0x3a87, 0x4309, 0x08c1, 0x53aa, 0x0882, 0x0022, 0x0000, 0x42e8, 0x4308, 0x08e1, 0x4b2a, 0x0000, 0x0022, 0x0022, 0x0042,
    0x0042, 0x0022, 0x0000, 0x4b09, 0x1103, 0x0001, 0x0863, 0x0022, 0x1143, 0x644d, 0x1122, 0x4329, 0x29e6, 0x0002, 0x0063, 0x0001,
    0x1103, 0x4308, 0x0000, 0x0042, 0x0022, 0x0080, 0x5bcb, 0x2184, 0x2a25, 0x3aa8, 0x0041, 0x0042, 0x21c4, 0x644c, 0x08e1, 0x4b89,
    0x1143, 0x0062, 0x0041, 0x4b49, 0x4349, 0x08e2, 0x5bcc, 0x00a2, 0x00a3, 0x08a3, 0x00a1, 0x4b8a, 0x08e2, 0x0082, 0x0062, 0x19a5,
    0x642c, 0x0901, 0x42e8, 0x21c5, 0x0062, 0x0062, 0x3a47, 0x4329, 0x08e1, 0x53ab, 0x08c3, 0x08c3, 0x00e2, 0x540b, 0x2ae7, 0x1a04,
    0x4b6a, 0x00c2, 0x0904, 0x0964, 0x544b, 0x1a44, 0x32c6, 0x4349, 0x00a3, 0x08e4, 0x0903, 0x00a1, 0x4b6a, 0x19a4, 0x08c3, 0x0924,
    0x0924, 0x08e4, 0x0923, 0x4bca, 0x0963, 0x0925, 0x1145, 0x1165, 0x0904, 0x2245, 0x43aa, 0x0143, 0x1165, 0x1166, 0x11c5, 0x5c6c,
    0x1a85, 0x2ae7, 0x3b49, 0x0923, 0x1165, 0x1165, 0x0103, 0x32e8, 0x2286, 0x0103, 0x1165, 0x1165, 0x0964, 0x540b, 0x22a6, 0x2b07,
    0x3b89, 0x0984, 0x19c6, 0x0984, 0x3368, 0x4c0b, 0x01c2, 0x43ca, 0x19e5, 0x1185, 0x1985, 0x1185, 0x09a4, 0x43ca, 0x09a4, 0x19a5,
    0x19c6, 0x09a5, 0x2b08, 0x43ea, 0x0a03, 0x43aa, 0x1a05, 0x11c5, 0x1185, 0x3328, 0x3b68, 0x1223, 0x438a, 0x1a05, 0x11e6, 0x1a07,
    0x11e5, 0x2ae7, 0x3b69, 0x09c4, 0x19e6, 0x11c5, 0x09a4, 0x3b29, 0x3327, 0x1244, 0x3b69, 0x11e5, 0x11e6, 0x19e6, 0x11e6, 0x1205,
    0x43aa, 0x1a46, 0x1206, 0x1a06, 0x11c5, 0x3307, 0x43ea, 0x1224, 0x43aa, 0x2266, 0x19e6, 0x11e6, 0x2207, 0x0041, 0x2945, 0x4a49,
    0x31a6, 0x52ca, 0x52aa, 0x7b0c, 0xb412, 0x92ae, 0x92af, 0x4968, 0x08c3, 0x19e6, 0x1a26, 0x1a46, 0x11e5, 0x19e6, 0x11e5, 0x1a05,
    0x3308, 0x1205, 0x2287, 0x1a46, 0x11c5, 0x19e6, 0x19e6, 0x11c5, 0x1a25, 0x3348, 0x11c4, 0x19c6, 0x19c6, 0x19c6, 0x11a5, 0x2286,
    0x32e8, 0x11a5, 0x19e6, 0x19c5, 0x19c6, 0x09a4, 0x22a6, 0x2aa7, 0x0964, 0x19a6, 0x1185, 0x11e4, 0x43aa, 0x1224, 0x2ac7, 0x2287,
    0x0985, 0x1186, 0x1a25, 0x4bca, 0x0a04, 0x2b27, 0x2287, 0x0984, 0x1185, 0x1165, 0x0984, 0x3b69, 0x09a4, 0x0964, 0x1165, 0x1145,
    0x0924, 0x11e5, 0x32e9, 0x0123, 0x1165, 0x1145, 0x1145, 0x0103, 0x2266, 0x2ac7, 0x0123, 0x1144, 0x0944, 0x11c4, 0x4beb, 0x11e3,
    0x2ac7, 0x2a87, 0x0903, 0x1145, 0x0945, 0x00e3, 0x3b29, 0x19e5, 0x00e4, 0x1105, 0x0904, 0x08e4, 0x0102, 0x3b08, 0x0123, 0x08e4,
    0x08e4, 0x08e4, 0x00a3, 0x1164, 0x3ae8, 0x00a2, 0x10c5, 0x08c4, 0x00a2, 0x4349, 0x2286, 0x11c3, 0x32e8, 0x0083, 0x08a4, 0x00e2,
    0x438a, 0x1983, 0x2204, 0x3267, 0x0042, 0x08a3, 0x08a3, 0x0062, 0x3ac9, 0x1985, 0x0082, 0x08a4, 0x0083, 0x1143, 0x53ab, 0x0902,
    0x3266, 0x21c5, 0x0021, 0x0063, 0x0043, 0x00a2, 0x3ac8, 0x0081, 0x0043, 0x0863, 0x0021, 0x2206, 0x4349, 0x08c1, 0x42e9, 0x0882,
    0x0023, 0x0063, 0x0000, 0x29a5, 0x740f, 0x4a8a, 0x2125, 0x0000, 0x10e2, 0x538b, 0x10e2, 0x2a46, 0x21e5, 0x0002, 0x0042, 0x0022,
    0x0062, 0x42c9, 0x0061, 0x0022, 0x0022, 0x0000, 0x3287, 0x3267, 0x08e2, 0x3ac8, 0x0000, 0x0001, 0x0040, 0x4349, 0x2164, 0x19a4,
    0x3247, 0x0000, 0x0001, 0x1944, 0x4349, 0x00a1, 0x3aa8, 0x08a2, 0x0022, 0x0022, 0x0022, 0x0022, 0x0022, 0x0022, 0x0000, 0x5b6b,
    0x29c5, 0x42e9, 0x29a6, 0x0001, 0x0842, 0x0000, 0x3a47, 0x42a8, 0x29c5, 0x4ac9, 0x0000, 0x0042, 0x0000, 0x29e6, 0x4b09, 0x29e5,
    0x4b29, 0x0000, 0x0043, 0x0000, 0x3a67, 0x4ae8, 0x29e5, 0x4b0a, 0x0000, 0x0043, 0x0023, 0x0022, 0x0022, 0x0042, 0x1903, 0x5bcb,
    0x2a05, 0x0061, 0x0042, 0x0022, 0x08a2, 0x640d, 0x19a3, 0x5bab, 0x1944, 0x0022, 0x0843, 0x0061, 0x2a05, 0x538b, 0x10c2, 0x0022,
    0x0042, 0x0040, 0x5bab, 0x29e5, 0x4b2a, 0x2a06, 0x0021, 0x0062, 0x1964, 0x63ec, 0x21e4, 0x5c0b, 0x08a2, 0x0883, 0x0020, 0x3a88,
    0x4b29, 0x29e5, 0x534b, 0x0061, 0x08a3, 0x08a3, 0x1984, 0x5c0c, 0x21e5, 0x00a3, 0x0083, 0x1123, 0x63ec, 0x1983, 0x536a, 0x1123,
    0x0083, 0x0042, 0x3226, 0x536a, 0x21e5, 0x53ab, 0x00c2, 0x08e4, 0x00a3, 0x436a, 0x3327, 0x3b48, 0x3ae9, 0x00c3, 0x1104, 0x00e2,
    0x5beb, 0x2a84, 0x4b6a, 0x3288, 0x00c3, 0x0904, 0x0903, 0x19a4, 0x5c0c, 0x3267, 0x0102, 0x0904, 0x0904, 0x0924, 0x2205, 0x5c4c,
    0x2245, 0x0944, 0x1145, 0x1165, 0x1184, 0x3b27, 0x544b, 0x1205, 0x0964, 0x1165, 0x0963, 0x542c, 0x22e6, 0x43a9, 0x2ac8, 0x0924,
    0x1145, 0x0944, 0x0984, 0x4389, 0x3328, 0x0984, 0x1165, 0x1165, 0x0963, 0x53ec, 0x22a6, 0x3ba9, 0x3309, 0x0965, 0x11c6, 0x0984,
    0x2ac7, 0x4bea, 0x1aa5, 0x4bca, 0x11a4, 0x11a6, 0x1185, 0x11a4, 0x2265, 0x542b, 0x2265, 0x19a5, 0x19a6, 0x11a4, 0x2aa7, 0x43c9,
    0x22a5, 0x4bab, 0x11c5, 0x19c6, 0x1185, 0x32e8, 0x3b88, 0x2285, 0x436a, 0x11e5, 0x19e6, 0x11c6, 0x1205, 0x3b48, 0x43ca, 0x1225,
    0x11e6, 0x11c6, 0x09a4, 0x3308, 0x3307, 0x22a6, 0x3b49, 0x11c4, 0x19e6, 0x11e6, 0x1205, 0x2286, 0x4c0b, 0x22c6, 0x1a05, 0x1a06,
    0x11e5, 0x2aa7, 0x4bca, 0x1a85, 0x43aa, 0x1a05, 0x19e6, 0x19e7, 0x1144, 0x10a2, 0x944f, 0x62c9, 0x5268, 0x4a28, 0x39e8, 0x3186,
    0x498a, 0x8271, 0x8b11, 0x30e6, 0x0903, 0x1a06, 0x1a26, 0x2266, 0x11e5, 0x19e6, 0x11e6, 0x1205, 0x32e8, 0x1a25, 0x2aa8, 0x1a06,
    0x11c5, 0x11c6, 0x19c5, 0x11e5, 0x2286, 0x3b69, 0x1a45, 0x19c5, 0x19a6, 0x19a6, 0x11c5, 0x2ac7, 0x3b49, 0x1205, 0x19c6, 0x19a6,
    0x19c6, 0x11e5, 0x3308, 0x3308, 0x11a4, 0x11a5, 0x11a5, 0x11a4, 0x4369, 0x1a64, 0x3328, 0x1a26, 0x0964, 0x1185, 0x11c5, 0x43ca,
    0x1a64, 0x3b89, 0x1a06, 0x0964, 0x1185, 0x11a5, 0x1a25, 0x43a9, 0x1a46, 0x0965, 0x1165, 0x1145, 0x0964, 0x2286, 0x4369, 0x11c4,
    0x1144, 0x1145, 0x1145, 0x0964, 0x32e8, 0x3b48, 0x1184, 0x1124, 0x1144, 0x0963, 0x438a, 0x1a24, 0x3b09, 0x19e5, 0x0923, 0x1124,
    0x1124, 0x11c4, 0x4baa, 0x2a87, 0x0944, 0x0905, 0x0904, 0x0903, 0x11a4, 0x436a, 0x19c4, 0x08e3, 0x08c4, 0x08c4, 0x0903, 0x2226,
    0x4b6a, 0x1163, 0x08e3, 0x08c4, 0x00a2, 0x3ae9, 0x2a65, 0x2a86, 0x3247, 0x0082, 0x08c4, 0x00a2, 0x434a, 0x2224, 0x3ac8, 0x21c5,
    0x0042, 0x0884, 0x08a3, 0x0902, 0x4b4a, 0x2a26, 0x0082, 0x0883, 0x0082, 0x00a2, 0x536b, 0x19a4, 0x4309, 0x1123, 0x0042, 0x0863,
    0x0882, 0x1963, 0x4329, 0x1123, 0x0062, 0x0843, 0x0021, 0x2184, 0x4b29, 0x1983, 0x42a9, 0x0041, 0x0042, 0x0042, 0x0862, 0x2a06,
    0x6c0e, 0x4269, 0x0042, 0x0042, 0x0061, 0x4b4a, 0x19a3, 0x42e9, 0x1104, 0x0001, 0x0022, 0x0042, 0x1964, 0x4b4a, 0x1123, 0x0022,
    0x0043, 0x0001, 0x3227, 0x3267, 0x21e5, 0x3247, 0x0000, 0x0022, 0x0000, 0x42e9, 0x2a05, 0x3a87, 0x21a5, 0x0001, 0x0022, 0x10e3,
    0x4309, 0x1963, 0x42c9, 0x0041, 0x0022, 0x0022, 0x0022, 0x0022, 0x0022, 0x0022, 0x0001, 0x1903, 0x530a, 0x3a47, 0x0041, 0x0021,
    0x0022, 0x0022, 0x0882, 0x4268, 0x4aa9, 0x10c3, 0x0001, 0x0042, 0x0021, 0x0041, 0x3a68, 0x4b0a, 0x1923, 0x0001, 0x0022, 0x0022,
    0x0861, 0x4268, 0x4aca, 0x1103, 0x0021, 0x0043, 0x0022, 0x0042, 0x0022, 0x0042, 0x4289, 0x4ae9, 0x4ac9, 0x10c3, 0x0021, 0x0042,
    0x0021, 0x29a6, 0x534a, 0x3207, 0x0041, 0x0042, 0x0021, 0x10c3, 0x4ac9, 0x4ae9, 0x3207, 0x0021, 0x0042, 0x0021, 0x1924, 0x532a,
    0x3a88, 0x0082, 0x0063, 0x0082, 0x0062, 0x3227, 0x5bac, 0x21e5, 0x0042, 0x0864, 0x0062, 0x08a2, 0x42a8, 0x4b09, 0x10e3, 0x0062,
    0x0883, 0x08a3, 0x42c9, 0x4b29, 0x42e9, 0x08e3, 0x00a3, 0x0081, 0x29e5, 0x534a, 0x2a06, 0x0061, 0x08a3, 0x0083, 0x08c2, 0x3aa8,
    0x4b2b, 0x1984, 0x00a2, 0x08c4, 0x00c3, 0x1164, 0x4b4a, 0x4329, 0x0923, 0x08e4, 0x08e4, 0x00c2, 0x19a4, 0x4b29, 0x3aa8, 0x08e3,
    0x08e3, 0x0904, 0x0904, 0x3ae9, 0x4349, 0x4329, 0x0944, 0x00e4, 0x08e4, 0x1144, 0x4309, 0x4349, 0x4309, 0x1144, 0x1145, 0x0924,
    0x21e6, 0x4b6a, 0x4369, 0x32c8, 0x0944, 0x1165, 0x0944, 0x2226, 0x4bab, 0x3b29, 0x1184, 0x1185, 0x1165, 0x0923, 0x3267, 0x4349,
    0x434a, 0x2226, 0x0944, 0x1165, 0x0944, 0x2226, 0x4b8a, 0x3b49, 0x11c5, 0x1186, 0x1185, 0x1185, 0x11c4, 0x3b29, 0x438a, 0x2246,
    0x1184, 0x1185, 0x1165, 0x19c5, 0x432a, 0x3b49, 0x4329, 0x19a5, 0x19a5, 0x11c5, 0x11e5, 0x3308, 0x436a, 0x2246, 0x11a5, 0x19c6,
    0x11a6, 0x11e5, 0x3b29, 0x3b29, 0x1a26, 0x11c5, 0x19c6, 0x11a5, 0x2246, 0x3b49, 0x3b49, 0x2aa7, 0x11a5, 0x19c5, 0x11a5, 0x19e5,
    0x3b09, 0x3b09, 0x1a05, 0x11a5, 0x11c5, 0x11c5, 0x19e5, 0x3b29, 0x4369, 0x3b29, 0x1a06, 0x11e6, 0x11e6, 0x11e5, 0x3308, 0x436a,
    0x2267, 0x11e5, 0x19e6, 0x19c6, 0x0020, 0x8c50, 0xa490, 0xde33, 0xddf3, 0x7b09, 0x5aa9, 0x2987, 0x49eb, 0x7af1, 0x51cb, 0x0042,
    0x19a6, 0x1a27, 0x2226, 0x2246, 0x19e6, 0x11c5, 0x19c6, 0x11c5, 0x1a26, 0x2a88, 0x2227, 0x11c5, 0x11c6, 0x19c6, 0x11a5, 0x2206,
    0x32e9, 0x32e8, 0x2aa8, 0x19c5, 0x19c6, 0x11a5, 0x2226, 0x32e8, 0x3309, 0x2267, 0x11a5, 0x19a5, 0x11a5, 0x2267, 0x3b09, 0x32e8,
    0x2226, 0x1185, 0x11a5, 0x1185, 0x1a26, 0x3309, 0x2267, 0x0964, 0x1185, 0x1185, 0x0985, 0x2267, 0x3b4a, 0x2287, 0x0984, 0x1185,
    0x1185, 0x11a5, 0x3ae9, 0x3b09, 0x32c9, 0x1184, 0x1165, 0x1144, 0x19e5, 0x3b09, 0x3b29, 0x3288, 0x0944, 0x1144, 0x1144, 0x2206,
    0x3b09, 0x3ae9, 0x21e6, 0x0904, 0x1124, 0x0923, 0x19e5, 0x3b09, 0x2a47, 0x0923, 0x1124, 0x1124, 0x0924, 0x3ac8, 0x3b09, 0x3ae9,
    0x1985, 0x08e4, 0x08e3, 0x1124, 0x3a88, 0x3288, 0x3268, 0x08e3, 0x08c3, 0x00c3, 0x1164, 0x3ae9, 0x3ae8, 0x2a67, 0x00e3, 0x08c4,
    0x08c3, 0x1123, 0x3aa8, 0x3268, 0x08e3, 0x00a3, 0x08a3, 0x0082, 0x1164, 0x42e9, 0x3247, 0x00a2, 0x08a3, 0x0883, 0x0082, 0x29e6,
    0x3aa8, 0x3a68, 0x10e4, 0x0062, 0x0083, 0x0061, 0x1965, 0x42c9, 0x21c6, 0x0061, 0x0883, 0x0863, 0x08a3, 0x3a48, 0x3a68, 0x3207,
    0x0062, 0x0043, 0x0042, 0x0041, 0x3206, 0x4288, 0x10c3, 0x0022, 0x0043, 0x0001, 0x1924, 0x3a68, 0x530a, 0x4269, 0x0001, 0x0043,
    0x0022, 0x1924, 0x42c9, 0x2985, 0x0001, 0x0042, 0x0002, 0x0882, 0x3a28, 0x3a68, 0x31e7, 0x0021, 0x0022, 0x0022, 0x0882, 0x3a48,
    0x3a68, 0x0882, 0x0022, 0x0042, 0x0022, 0x08c3, 0x42a9, 0x3227, 0x0041, 0x0021, 0x0022, 0x0021, 0x2185, 0x4289, 0x1924, 0x0001,
    0x0022, 0x0022, 0x0022, 0x0022, 0x0022, 0x0022, 0x0022, 0x0001, 0x0000, 0x0001, 0x0022, 0x0022, 0x0022, 0x0022, 0x0002, 0x0001,
    0x0000, 0x0001, 0x0022, 0x0022, 0x0042, 0x0002, 0x0000, 0x0000, 0x0021, 0x0022, 0x0002, 0x0022, 0x0001, 0x0000, 0x0001, 0x0021,
    0x0042, 0x0022, 0x0022, 0x0042, 0x0043, 0x0022, 0x0001, 0x0001, 0x0001, 0x0022, 0x0022, 0x0022, 0x0043, 0x0001, 0x0000, 0x0021,
    0x0042, 0x0042, 0x0042, 0x0022, 0x0001, 0x0020, 0x0021, 0x0042, 0x0062, 0x0063, 0x0022, 0x0021, 0x0021, 0x0063, 0x0063, 0x0062,
    0x0083, 0x0041, 0x0041, 0x0022, 0x0063, 0x0063, 0x0063, 0x0062, 0x0000, 0x0021, 0x0062, 0x0083, 0x00a3, 0x00a2, 0x0061, 0x0061,
    0x0061, 0x00a2, 0x08a3, 0x00a3, 0x0061, 0x0061, 0x0062, 0x08a3, 0x0883, 0x08a3, 0x00a3, 0x0082, 0x0082, 0x00a3, 0x08c4, 0x08c4,
    0x08e4, 0x08c3, 0x00a2, 0x00a2, 0x08e4, 0x08e4, 0x08c4, 0x08e4, 0x08e3, 0x00a2, 0x00a2, 0x08e3, 0x10e4, 0x08e4, 0x08e4, 0x00e3,
    0x00c2, 0x00c2, 0x0904, 0x0904, 0x0904, 0x0903, 0x08e2, 0x00e3, 0x00e3, 0x1124, 0x1125, 0x0904, 0x0903, 0x00e3, 0x00e3, 0x0903,
    0x1124, 0x1145, 0x1145, 0x1144, 0x0923, 0x0944, 0x1165, 0x1165, 0x0965, 0x1144, 0x0923, 0x0903, 0x0103, 0x1144, 0x1144, 0x1145,
    0x1165, 0x0964, 0x0963, 0x0964, 0x1185, 0x1185, 0x1185, 0x1185, 0x1185, 0x0964, 0x0964, 0x0965, 0x1185, 0x1165, 0x1185, 0x1165,
    0x0964, 0x0944, 0x1164, 0x11a5, 0x11a5, 0x11a5, 0x11a5, 0x1184, 0x0984, 0x11a5, 0x11c6, 0x11c6, 0x19a6, 0x11a5, 0x1185, 0x11a5,
    0x11a5, 0x19c6, 0x1185, 0x11a6, 0x1185, 0x0984, 0x0984, 0x11a5, 0x19a5, 0x19a5, 0x19a5, 0x11a5, 0x1185, 0x1185, 0x11a5, 0x11a5,
    0x11a5, 0x11c5, 0x11c5, 0x11a4, 0x11a4, 0x11a5, 0x19e5, 0x11c6, 0x11c6, 0x19e6, 0x11c5, 0x11a5, 0x11c5, 0x19c6, 0x19c6, 0x1965,
    0x10c3, 0x732c, 0x7b6c, 0xb531, 0x7b4a, 0xe655, 0x836c, 0x3987, 0x41ea, 0x39aa, 0x0022, 0x1145, 0x19e6, 0x11c5, 0x11c5, 0x11c6,
    0x19c5, 0x19c5, 0x11a5, 0x19c6, 0x11c6, 0x11a5, 0x11a5, 0x19a6, 0x19a6, 0x19a6, 0x11a5, 0x11a5, 0x11a5, 0x09a4, 0x1185, 0x19a5,
    0x11a5, 0x19c5, 0x11a5, 0x11a4, 0x09a4, 0x11a5, 0x1185, 0x19a5, 0x11a5, 0x1185, 0x1184, 0x1184, 0x11a5, 0x1185, 0x1185, 0x1165,
    0x0965, 0x0964, 0x0944, 0x1165, 0x1165, 0x1165, 0x1185, 0x1164, 0x0964, 0x0965, 0x1185, 0x1165, 0x1165, 0x1165, 0x0944, 0x0944,
    0x0944, 0x1164, 0x1164, 0x1144, 0x1144, 0x0943, 0x0943, 0x0944, 0x1144, 0x1124, 0x1144, 0x0944, 0x0903, 0x0903, 0x0904, 0x1124,
    0x0904, 0x1104, 0x0903, 0x00e3, 0x08e3, 0x1124, 0x1124, 0x0924, 0x0924, 0x08e3, 0x00e4, 0x00e4, 0x08e4, 0x08e3, 0x08e4, 0x08c3,
    0x00a2, 0x00a2, 0x0082, 0x08c4, 0x08e3, 0x08e3, 0x00c3, 0x00c3, 0x00a2, 0x00a3, 0x08e4, 0x08c4, 0x08c4, 0x00a3, 0x0082, 0x0082,
    0x00a3, 0x00a3, 0x00a3, 0x08a4, 0x0083, 0x0062, 0x0082, 0x00a3, 0x08a3, 0x08a3, 0x0883, 0x0082, 0x0061, 0x0061, 0x0062, 0x0863,
    0x0863, 0x0883, 0x0042, 0x0041, 0x0062, 0x0083, 0x0063, 0x0883, 0x0063, 0x0042, 0x0041, 0x0041, 0x0042, 0x0043, 0x0043, 0x0042,
    0x0021, 0x0021, 0x0021, 0x0023, 0x0022, 0x0022, 0x0022, 0x0021, 0x0041, 0x0042, 0x0022, 0x0043, 0x0043, 0x0022, 0x0001, 0x0001,
    0x0022, 0x0022, 0x0022, 0x0001, 0x0000, 0x0001, 0x0000, 0x0021, 0x0002, 0x0022, 0x0022, 0x0001, 0x0001, 0x0022, 0x0022, 0x0042,
    0x0022, 0x0002, 0x0001, 0x0001, 0x0022, 0x0022, 0x0022, 0x0022, 0x0001, 0x0001, 0x0001, 0x0042, 0x0022, 0x0022, 0x0022, 0x0022,
    0x0022, 0x0022, 0x0023, 0x0023, 0x0042, 0x0843, 0x0023, 0x0022, 0x0022, 0x0022, 0x0022, 0x0822, 0x0842, 0x0023, 0x0022, 0x0022,
    0x0023, 0x0042, 0x0042, 0x0822, 0x0022, 0x0022, 0x0022, 0x0002, 0x0022, 0x0022, 0x0042, 0x0022, 0x0023, 0x0023, 0x0042, 0x0042,
    0x0023, 0x0023, 0x0042, 0x0062, 0x0022, 0x0022, 0x0022, 0x0022, 0x0022, 0x0042, 0x0842, 0x0042, 0x0022, 0x0042, 0x0042, 0x0022,
    0x0042, 0x0062, 0x0042, 0x0043, 0x0043, 0x0043, 0x0843, 0x0863, 0x0063, 0x0063, 0x0062, 0x0043, 0x0042, 0x0062, 0x0863, 0x0063,
    0x0042, 0x0063, 0x0063, 0x0062, 0x0883, 0x0883, 0x0883, 0x0063, 0x0083, 0x00a3, 0x08a3, 0x08a3, 0x08a3, 0x0083, 0x0884, 0x0884,
    0x08a4, 0x08c3, 0x08a4, 0x08a4, 0x08a3, 0x08a3, 0x08a4, 0x08c4, 0x08e4, 0x08c4, 0x08c4, 0x08c4, 0x08a3, 0x08c4, 0x08c4, 0x08c4,
    0x08c4, 0x08c4, 0x08c4, 0x08c4, 0x10e4, 0x0904, 0x0904, 0x10e4, 0x08e4, 0x08e4, 0x08e4, 0x0904, 0x1105, 0x0904, 0x08e4, 0x08e5,
    0x10e4, 0x1104, 0x1125, 0x1145, 0x0904, 0x0904, 0x0903, 0x0903, 0x0904, 0x0925, 0x1125, 0x1124, 0x1124, 0x1124, 0x1104, 0x1145,
    0x1145, 0x1165, 0x1145, 0x1144, 0x0944, 0x1144, 0x1144, 0x1165, 0x1165, 0x1145, 0x1145, 0x1145, 0x1165, 0x1165, 0x1185, 0x1985,
    0x1165, 0x1165, 0x1165, 0x1165, 0x1165, 0x1185, 0x1185, 0x1185, 0x1165, 0x1165, 0x1185, 0x1185, 0x1185, 0x1185, 0x1185, 0x1185,
    0x1185, 0x1185, 0x1185, 0x11a5, 0x11a6, 0x11a6, 0x1186, 0x11a6, 0x11a5, 0x19a6, 0x19c6, 0x19c6, 0x19a6, 0x19a6, 0x1185, 0x1186,
    0x1186, 0x11a6, 0x19a6, 0x1186, 0x1985, 0x19a5, 0x1185, 0x11a6, 0x19c6, 0x19c6, 0x19c6, 0x11a5, 0x11a5, 0x11a6, 0x11a6, 0x19a5,
    0x19c6, 0x19c6, 0x11a5, 0x11a6, 0x11a6, 0x19c6, 0x19e6, 0x19c6, 0x11c6, 0x19c6, 0x19a6, 0x1965, 0x0861, 0x734c, 0x6aa9, 0x5a8a,
    0x6b6d, 0x730a, 0x9c0f, 0x5a49, 0x1084, 0x0002, 0x1105, 0x19a6, 0x11a5, 0x19a5, 0x19a6, 0x19c6, 0x19c6, 0x19a5, 0x11a5, 0x11a5,
    0x19c6, 0x11a5, 0x11a6, 0x19a6, 0x11a5, 0x11a5, 0x11a5, 0x19a6, 0x11a6, 0x11a6, 0x11a6, 0x1186, 0x1185, 0x19a5, 0x11a5, 0x1185,
    0x11a6, 0x1186, 0x1165, 0x1985, 0x1186, 0x1186, 0x19a6, 0x11a5, 0x1185, 0x1185, 0x1165, 0x1165, 0x1165, 0x1185, 0x1165, 0x1145,
    0x1165, 0x1145, 0x1145, 0x1165, 0x1165, 0x1165, 0x1145, 0x1145, 0x1145, 0x1165, 0x1165, 0x1165, 0x1165, 0x1145, 0x1145, 0x1145,
    0x1145, 0x1165, 0x1165, 0x0945, 0x0924, 0x1124, 0x1124, 0x1124, 0x1125, 0x1125, 0x0904, 0x0904, 0x1104, 0x1104, 0x1104, 0x0924,
    0x1125, 0x0904, 0x0905, 0x0904, 0x0904, 0x0903, 0x1104, 0x0904, 0x08c4, 0x08e4, 0x08e4, 0x08e4, 0x08e4, 0x08e4, 0x10c4, 0x10c5,
    0x08e4, 0x08e4, 0x08c3, 0x08e4, 0x10e4, 0x08c4, 0x08c4, 0x08a3, 0x08a4, 0x08a3, 0x08a4, 0x08c4, 0x08a3, 0x08a3, 0x08a3, 0x08a4,
    0x0884, 0x08a3, 0x08a4, 0x08a4, 0x08a3, 0x0884, 0x0883, 0x0083, 0x08a3, 0x0883, 0x0063, 0x0863, 0x0863, 0x0863, 0x0063, 0x08a3,
    0x0883, 0x0863, 0x0063, 0x0063, 0x0062, 0x0063, 0x0863, 0x0063, 0x0042, 0x0042, 0x0043, 0x0043, 0x0043, 0x0043, 0x0042, 0x0042,
    0x0042, 0x0023, 0x0023, 0x0043, 0x0042, 0x0042, 0x0043, 0x0023, 0x0022, 0x0023, 0x0022, 0x0042, 0x0022, 0x0022, 0x0022, 0x0022,
    0x0042, 0x0022, 0x0022, 0x0022, 0x0022, 0x0023, 0x0022, 0x0022, 0x0043, 0x0023, 0x0022, 0x0023, 0x0022, 0x0022, 0x0823, 0x0843,
    0x0022, 0x0023, 0x0022, 0x0022, 0x0022, 0x0042, 0x0022, 0x0022, 0x0022, 0x0022, 0x0022, 0x0022, 0x0022, 0x0022, 0x0022, 0x0022,
    0x0000, 0x0001, 0x0022, 0x0002, 0x0022, 0x0022, 0x0042, 0x0001, 0x0001, 0x0023, 0x0043, 0x0023, 0x0023, 0x0042, 0x0001, 0x0001,
    0x0022, 0x0022, 0x0021, 0x0021, 0x0021, 0x0000, 0x0000, 0x0021, 0x0022, 0x0023, 0x0042, 0x0042, 0x0023, 0x0023, 0x0022, 0x0000,
    0x0002, 0x0043, 0x0022, 0x0022, 0x0021, 0x0000, 0x0000, 0x0000, 0x0042, 0x0022, 0x0022, 0x0043, 0x0022, 0x0021, 0x0043, 0x0043,
    0x0043, 0x0063, 0x0062, 0x0001, 0x0022, 0x0062, 0x0042, 0x0043, 0x0042, 0x0021, 0x0001, 0x0041, 0x0062, 0x0062, 0x0062, 0x0082,
    0x0041, 0x0042, 0x0082, 0x0082, 0x0082, 0x0083, 0x0063, 0x0042, 0x0083, 0x0083, 0x0083, 0x08a3, 0x0083, 0x0061, 0x00a2, 0x08c4,
    0x08a3, 0x08a3, 0x08a3, 0x00c3, 0x00a2, 0x08a4, 0x08a4, 0x08a3, 0x0083, 0x08a3, 0x0061, 0x0082, 0x08a3, 0x08a3, 0x08c4, 0x08c3,
    0x08e3, 0x00c2, 0x00c2, 0x08e4, 0x08e4, 0x08e4, 0x0904, 0x08e4, 0x00a3, 0x08e4, 0x0905, 0x0904, 0x0904, 0x1104, 0x08e4, 0x00c3,
    0x0904, 0x08e4, 0x0904, 0x0904, 0x08e4, 0x00e4, 0x00e3, 0x0905, 0x1105, 0x1105, 0x1124, 0x0924, 0x00e3, 0x0103, 0x1144, 0x1144,
    0x1145, 0x1165, 0x0945, 0x0123, 0x0944, 0x1145, 0x1145, 0x1145, 0x1165, 0x0964, 0x0923, 0x0944, 0x1165, 0x1165, 0x1145, 0x1145,
    0x1165, 0x0944, 0x0944, 0x1165, 0x1185, 0x1165, 0x1165, 0x1185, 0x1165, 0x0984, 0x1185, 0x1165, 0x1165, 0x1185, 0x1185, 0x1185,
    0x0964, 0x1185, 0x1185, 0x1185, 0x11a5, 0x11a5, 0x0984, 0x0964, 0x1185, 0x11a5, 0x1185, 0x1186, 0x1186, 0x0964, 0x1185, 0x1186,
    0x1186, 0x1185, 0x1185, 0x11a5, 0x0984, 0x0984, 0x11a5, 0x11a6, 0x11a5, 0x11a6, 0x11a6, 0x1185, 0x0964, 0x1185, 0x11a5, 0x11a6,
    0x11a6, 0x11c5, 0x11a5, 0x0984, 0x11a6, 0x11a6, 0x11a5, 0x19a6, 0x08a3, 0x18c3, 0x6aeb, 0x7b4c, 0x734c, 0x5a49, 0x9c10, 0x1882,
    0x0001, 0x1104, 0x19a6, 0x1185, 0x1185, 0x1185, 0x1185, 0x11a5, 0x11a5, 0x1185, 0x19a6, 0x19a6, 0x1185, 0x1185, 0x11a5, 0x11a6,
    0x1185, 0x1185, 0x1185, 0x1186, 0x0985, 0x0984, 0x1185, 0x1186, 0x1185, 0x1185, 0x1185, 0x1165, 0x0965, 0x1186, 0x1986, 0x1165,
    0x1185, 0x1185, 0x0964, 0x0964, 0x1185, 0x1185, 0x1165, 0x1165, 0x1165, 0x0143, 0x0964, 0x1165, 0x1165, 0x1145, 0x1145, 0x0944,
    0x0903, 0x0924, 0x1144, 0x1145, 0x1145, 0x0944, 0x1144, 0x0923, 0x1145, 0x1145, 0x1145, 0x1145, 0x1165, 0x0123, 0x0124, 0x0944,
    0x1145, 0x1125, 0x1125, 0x1125, 0x0904, 0x0903, 0x0904, 0x0904, 0x0904, 0x0904, 0x0904, 0x00e3, 0x0904, 0x0904, 0x08e4, 0x08e4,
    0x08e4, 0x08c4, 0x00a3, 0x08c3, 0x08c5, 0x08c4, 0x08e4, 0x08e4, 0x08e4, 0x00c3, 0x08c4, 0x08c4, 0x08e4, 0x08c4, 0x08c4, 0x00a3,
    0x0083, 0x0083, 0x0883, 0x08a4, 0x0883, 0x08a3, 0x0082, 0x0062, 0x08a3, 0x08a3, 0x08a3, 0x08a3, 0x08a3, 0x0062, 0x0883, 0x08a4,
    0x0083, 0x0883, 0x0883, 0x0062, 0x0041, 0x0062, 0x0063, 0x0063, 0x0063, 0x0063, 0x0062, 0x0041, 0x0042, 0x0063, 0x0063, 0x0063,
    0x0063, 0x0062, 0x0021, 0x0063, 0x0063, 0x0042, 0x0042, 0x0042, 0x0001, 0x0001, 0x0042, 0x0042, 0x0042, 0x0023, 0x0043, 0x0022,
    0x0022, 0x0043, 0x0023, 0x0023, 0x0042, 0x0022, 0x0000, 0x0021, 0x0042, 0x0022, 0x0022, 0x0022, 0x0001, 0x0000, 0x0002, 0x0022,
    0x0022, 0x0022, 0x0022, 0x0001, 0x0001, 0x0022, 0x0022, 0x0023, 0x0022, 0x0021, 0x0000, 0x0001, 0x0041, 0x0022, 0x0022, 0x0042,
    0x0021, 0x0000, 0x0021, 0x0022, 0x0022, 0x0022, 0x0022, 0x0022, 0x0022, 0x0022, 0x0002, 0x0882, 0x3227, 0x2185, 0x0021, 0x0022,
    0x0022, 0x0022, 0x0021, 0x29a6, 0x3207, 0x0062, 0x0023, 0x0043, 0x0043, 0x0001, 0x10c3, 0x2185, 0x0021, 0x0022, 0x0021, 0x0021,
    0x0000, 0x2185, 0x3207, 0x0041, 0x0022, 0x0023, 0x0023, 0x0022, 0x0822, 0x0001, 0x10e3, 0x4289, 0x1924, 0x0021, 0x0022, 0x0021,
    0x0000, 0x10c2, 0x3a47, 0x1903, 0x0001, 0x0021, 0x0022, 0x0021, 0x10e3, 0x21a5, 0x0062, 0x0043, 0x0063, 0x0043, 0x00a2, 0x3a67,
    0x21c5, 0x0041, 0x0042, 0x0042, 0x0021, 0x1103, 0x3227, 0x10e3, 0x0022, 0x0063, 0x0063, 0x0081, 0x2a27, 0x3268, 0x00a2, 0x0063,
    0x0883, 0x0062, 0x0082, 0x21c6, 0x00a2, 0x0083, 0x08a3, 0x0082, 0x1144, 0x3aa9, 0x1984, 0x00a3, 0x08c4, 0x08c4, 0x00a2, 0x1123,
    0x21c6, 0x00a3, 0x08a3, 0x08a3, 0x0082, 0x00c2, 0x2a27, 0x21e6, 0x0082, 0x08a3, 0x08c4, 0x00a3, 0x0903, 0x32a8, 0x2206, 0x00e3,
    0x08e4, 0x08e4, 0x00e3, 0x19a5, 0x3ac9, 0x19c5, 0x0103, 0x0925, 0x0905, 0x0904, 0x21e6, 0x3ae8, 0x1184, 0x08e4, 0x08e4, 0x0904,
    0x08c3, 0x19a4, 0x19e6, 0x00e3, 0x08e4, 0x0904, 0x0903, 0x0943, 0x32a9, 0x2227, 0x0923, 0x1145, 0x1164, 0x0944, 0x11a5, 0x3308,
    0x2a87, 0x0944, 0x1145, 0x1165, 0x0944, 0x0984, 0x3ae9, 0x2a47, 0x0944, 0x1165, 0x1145, 0x1145, 0x0944, 0x2247, 0x32c8, 0x1184,
    0x1164, 0x1185, 0x1185, 0x0964, 0x11a5, 0x2266, 0x1184, 0x1165, 0x1165, 0x1185, 0x0964, 0x11c5, 0x2227, 0x1185, 0x1185, 0x1185,
    0x1185, 0x0984, 0x2a87, 0x32c9, 0x11a4, 0x1185, 0x1185, 0x11a5, 0x0984, 0x1a05, 0x2226, 0x1185, 0x11a5, 0x11a5, 0x11a5, 0x09a4,
    0x2a87, 0x32c8, 0x11a4, 0x11a5, 0x11a5, 0x11a6, 0x11a5, 0x1a26, 0x32c8, 0x11e5, 0x1185, 0x1186, 0x11a6, 0x0984, 0x2246, 0x32e9,
    0x19e6, 0x11a5, 0x19c6, 0x19c6, 0x1986, 0x10e3, 0x0041, 0x18e3, 0x62a9, 0x5248, 0x1062, 0x0062, 0x21c6, 0x11a5, 0x1185, 0x11a5,
    0x1185, 0x1185, 0x11c5, 0x19c5, 0x1185, 0x1185, 0x1185, 0x1185, 0x11c5, 0x2246, 0x11e5, 0x0985, 0x1185, 0x1185, 0x1185, 0x0985,
    0x2246, 0x2aa7, 0x11a4, 0x1185, 0x1185, 0x1185, 0x0964, 0x19e5, 0x1a06, 0x1164, 0x1185, 0x1165, 0x1165, 0x0984, 0x2a87, 0x2a66,
    0x1184, 0x1185, 0x1185, 0x1165, 0x11a5, 0x2aa8, 0x19e5, 0x0944, 0x1145, 0x1145, 0x0924, 0x11a4, 0x3288, 0x11a5, 0x0923, 0x1144,
    0x0944, 0x0924, 0x1164, 0x2206, 0x1164, 0x1144, 0x1145, 0x1145, 0x0964, 0x2246, 0x32a8, 0x1184, 0x0924, 0x1125, 0x1125, 0x0903,
    0x1985, 0x19a5, 0x0903, 0x1104, 0x0904, 0x0904, 0x0903, 0x21e6, 0x1144, 0x08e3, 0x08e4, 0x08e4, 0x00c3, 0x1144, 0x2a47, 0x1143,
    0x08c3, 0x08e4, 0x08e4, 0x08e3, 0x0903, 0x2206, 0x0903, 0x08e4, 0x08e4, 0x08c4, 0x00a2, 0x19a5, 0x2a07, 0x00e2, 0x00a3, 0x08a3,
    0x0883, 0x00a2, 0x29e7, 0x21c6, 0x00a3, 0x08a3, 0x0883, 0x08a3, 0x0082, 0x1985, 0x1124, 0x0062, 0x0883, 0x0883, 0x0062, 0x08e3,
    0x2a27, 0x1123, 0x0042, 0x0083, 0x0083, 0x0062, 0x08e3, 0x3227, 0x1124, 0x0042, 0x0063, 0x0063, 0x0042, 0x0082, 0x1945, 0x0062,
    0x0043, 0x0043, 0x0042, 0x0041, 0x1944, 0x3206, 0x08a2, 0x0022, 0x0023, 0x0042, 0x0021, 0x10e3, 0x1104, 0x0022, 0x0023, 0x0023,
    0x0002, 0x08a2, 0x3207, 0x10e3, 0x0001, 0x0042, 0x0022, 0x0001, 0x1924, 0x29c6, 0x0061, 0x0022, 0x0042, 0x0022, 0x0021, 0x2185,
    0x29a6, 0x0041, 0x0022, 0x0022, 0x0022, 0x0062, 0x29e6, 0x1944, 0x0001, 0x0022, 0x0022, 0x0001, 0x08c3, 0x3207, 0x08a3, 0x0021,
    0x0022, 0x0022, 0x0022, 0x0022, 0x0022, 0x0022, 0x0021, 0x4b09, 0x3206, 0x532a, 0x2184, 0x0001, 0x0842, 0x0001, 0x29c6, 0x4b2a,
    0x4b09, 0x42a9, 0x0001, 0x0043, 0x0022, 0x10c3, 0x536a, 0x538a, 0x0021, 0x0022, 0x0023, 0x0001, 0x29c5, 0x4b0a, 0x42c8, 0x3aa8,
    0x0001, 0x0043, 0x0022, 0x0022, 0x0022, 0x0882, 0x5b8b, 0x42c8, 0x63cc, 0x08a2, 0x0022, 0x0001, 0x0862, 0x532a, 0x3246, 0x5b6b,
    0x0882, 0x0022, 0x0022, 0x18e4, 0x5bcc, 0x4b8a, 0x0062, 0x0063, 0x0063, 0x0022, 0x532a, 0x3aa7, 0x538a, 0x2185, 0x0001, 0x0021,
    0x10e3, 0x4b2a, 0x3226, 0x536b, 0x0061, 0x0063, 0x0022, 0x3246, 0x538a, 0x4b49, 0x4309, 0x0042, 0x0083, 0x0062, 0x42e9, 0x642c,
    0x08c2, 0x0062, 0x0083, 0x0903, 0x53cb, 0x3aa7, 0x5bec, 0x08e2, 0x08c4, 0x08a4, 0x1124, 0x53cb, 0x53aa, 0x0061, 0x00a3, 0x08a3,
    0x0041, 0x3ac8, 0x3aa8, 0x4b4a, 0x21c5, 0x0042, 0x08a4, 0x0082, 0x434a, 0x32c7, 0x5beb, 0x2205, 0x00a3, 0x00e4, 0x0964, 0x53eb,
    0x3ae7, 0x5c2c, 0x0963, 0x0904, 0x00e4, 0x19c5, 0x5c0c, 0x32c7, 0x53eb, 0x0903, 0x1104, 0x00e3, 0x19a5, 0x5beb, 0x4329, 0x00c2,
    0x0904, 0x0903, 0x00c2, 0x4329, 0x4329, 0x4bcb, 0x19e5, 0x0904, 0x0965, 0x0923, 0x438a, 0x3b68, 0x542c, 0x2246, 0x0924, 0x1145,
    0x0944, 0x438a, 0x4369, 0x53eb, 0x2226, 0x0924, 0x1145, 0x0904, 0x1a26, 0x43aa, 0x3b49, 0x438a, 0x0143, 0x1185, 0x1165, 0x11a5,
    0x4baa, 0x544c, 0x0983, 0x1165, 0x1185, 0x1185, 0x19a5, 0x4bcb, 0x4bea, 0x0964, 0x1185, 0x1185, 0x0944, 0x22a7, 0x43aa, 0x3b49,
    0x3b49, 0x0944, 0x11a5, 0x1184, 0x2246, 0x542c, 0x3b69, 0x0984, 0x11a6, 0x1185, 0x0964, 0x2ae7, 0x43aa, 0x3b69, 0x3328, 0x0964,
    0x11a6, 0x1185, 0x1205, 0x43ea, 0x3308, 0x43ca, 0x11a4, 0x11a6, 0x0964, 0x1a05, 0x438a, 0x32e7, 0x43aa, 0x11a5, 0x19a6, 0x11a5,
    0x2206, 0x3b09, 0x2a87, 0x08e3, 0x0041, 0x0021, 0x0082, 0x3269, 0x3ae9, 0x11c5, 0x1185, 0x11a5, 0x1185, 0x19e6, 0x32e8, 0x2267,
    0x0965, 0x1185, 0x1165, 0x1185, 0x2a87, 0x1a26, 0x32c8, 0x11a5, 0x1185, 0x1185, 0x0964, 0x1a46, 0x3b69, 0x32e7, 0x3308, 0x0944,
    0x1185, 0x0964, 0x19e6, 0x436a, 0x3308, 0x0943, 0x1165, 0x1165, 0x0944, 0x32e8, 0x2ac7, 0x3b49, 0x2286, 0x1144, 0x1165, 0x0964,
    0x3b49, 0x2ac7, 0x3b89, 0x11c5, 0x1145, 0x1144, 0x0944, 0x3b49, 0x2aa6, 0x4349, 0x0964, 0x0924, 0x0944, 0x1144, 0x3b08, 0x43ea,
    0x1184, 0x0944, 0x1145, 0x0924, 0x2267, 0x4369, 0x3b28, 0x3308, 0x0923, 0x1145, 0x0924, 0x19e5, 0x4baa, 0x2ac7, 0x00e3, 0x1104,
    0x0904, 0x08e4, 0x3268, 0x540c, 0x19a4, 0x00a3, 0x08e4, 0x08e4, 0x00e3, 0x3b09, 0x2a66, 0x4349, 0x0923, 0x00c4, 0x08e4, 0x0924,
    0x3b09, 0x4beb, 0x0943, 0x08c4, 0x08e4, 0x00a3, 0x19c5, 0x3b09, 0x32a7, 0x32c8, 0x0062, 0x08a3, 0x0062, 0x2a47, 0x3ac8, 0x42c9,
    0x2226, 0x0062, 0x08a3, 0x0082, 0x21a6, 0x53ab, 0x19e5, 0x0042, 0x0883, 0x0083, 0x0062, 0x42c8, 0x3266, 0x4349, 0x08a3, 0x0063,
    0x0062, 0x0082, 0x3b09, 0x3226, 0x4b29, 0x08c2, 0x0043, 0x0042, 0x0862, 0x42c9, 0x4349, 0x0061, 0x0043, 0x0063, 0x0001, 0x1964,
    0x42e9, 0x3226, 0x42e9, 0x0021, 0x0043, 0x0021, 0x1904, 0x538b, 0x3287, 0x0001, 0x0043, 0x0002, 0x0041, 0x42c9, 0x3206, 0x4b09,
    0x08a3, 0x0021, 0x0001, 0x1944, 0x42e8, 0x3247, 0x3aa8, 0x0001, 0x0043, 0x0001, 0x29e6, 0x3aa8, 0x3aa8, 0x3226, 0x0000, 0x0042,
    0x0001, 0x3a68, 0x3247, 0x4b0a, 0x1924, 0x0001, 0x0022, 0x0882, 0x4b09, 0x3267, 0x42c9, 0x0041, 0x0022, 0x0022, 0x0022, 0x0022,
    0x0022, 0x0002, 0x0861, 0x534a, 0x0060, 0x42c8, 0x3226, 0x0000, 0x0042, 0x0000, 0x4ac9, 0x1983, 0x21c5, 0x534b, 0x0000, 0x0023,
    0x0022, 0x0041, 0x1983, 0x4b49, 0x0021, 0x0023, 0x0043, 0x0000, 0x42c9, 0x1963, 0x21a4, 0x536a, 0x0000, 0x0042, 0x0022, 0x0022,
    0x0001, 0x1944, 0x42e9, 0x0040, 0x63ec, 0x1903, 0x0001, 0x0001, 0x1924, 0x4308, 0x0060, 0x5bcb, 0x2184, 0x0001, 0x0042, 0x0862,
    0x21c4, 0x4b69, 0x0061, 0x0043, 0x0042, 0x08a2, 0x4b4a, 0x0040, 0x4b49, 0x3247, 0x0000, 0x0001, 0x29c5, 0x3aa7, 0x00a0, 0x5c0c,
    0x08c2, 0x0062, 0x0041, 0x536a, 0x19c3, 0x2a45, 0x5bec, 0x0061, 0x0063, 0x0883, 0x08e2, 0x4b69, 0x10e3, 0x0062, 0x0042, 0x21e6,
    0x4389, 0x00e0, 0x644d, 0x1984, 0x0083, 0x08c4, 0x08c3, 0x19e4, 0x4349, 0x0062, 0x00a3, 0x00a3, 0x0882, 0x4b8a, 0x00e1, 0x4328,
    0x3aa8, 0x0021, 0x0883, 0x08e3, 0x4baa, 0x00e0, 0x53aa, 0x3ae8, 0x00a3, 0x00e4, 0x2226, 0x4369, 0x0141, 0x5c6c, 0x11c5, 0x00c3,
    0x00a3, 0x3287, 0x4389, 0x0961, 0x648d, 0x1184, 0x0904, 0x0904, 0x0903, 0x21e5, 0x4329, 0x00c2, 0x08e4, 0x08e3, 0x0903, 0x4b8a,
    0x0121, 0x4bcb, 0x32a7, 0x08e3, 0x0924, 0x1185, 0x4c0b, 0x01a1, 0x4c0b, 0x3308, 0x0103, 0x1125, 0x0964, 0x540c, 0x0181, 0x4bea,
    0x32e8, 0x0103, 0x1145, 0x00e3, 0x3308, 0x2285, 0x1a44, 0x540b, 0x0963, 0x1165, 0x1165, 0x1165, 0x1a24, 0x4c0a, 0x09a4, 0x1165,
    0x1165, 0x1185, 0x1185, 0x2245, 0x43a9, 0x0964, 0x1165, 0x1165, 0x0123, 0x3b69, 0x1a85, 0x2285, 0x4beb, 0x0964, 0x1185, 0x1185,
    0x11c5, 0x2ae7, 0x4389, 0x0984, 0x11a6, 0x11a5, 0x0964, 0x43aa, 0x1a85, 0x22a6, 0x43ca, 0x0964, 0x11a6, 0x0964, 0x2aa7, 0x3388,
    0x1224, 0x542b, 0x11e5, 0x1185, 0x0944, 0x2aa7, 0x2ae7, 0x09e3, 0x4c0b, 0x19e5, 0x1185, 0x11a5, 0x19c5, 0x2a87, 0x32c8, 0x19c6,
    0x19a6, 0x1145, 0x1986, 0x11a5, 0x2a87, 0x11c5, 0x1165, 0x1185, 0x1185, 0x1185, 0x2266, 0x2267, 0x0965, 0x1165, 0x1165, 0x11c5,
    0x2aa7, 0x0983, 0x32e9, 0x19e6, 0x1165, 0x1185, 0x0944, 0x32e8, 0x1a85, 0x1204, 0x43aa, 0x0964, 0x1144, 0x1145, 0x1185, 0x2266,
    0x3308, 0x0943, 0x1165, 0x1145, 0x0944, 0x3b69, 0x09c3, 0x3308, 0x3308, 0x0924, 0x1145, 0x11c5, 0x3b69, 0x01c2, 0x43ca, 0x2246,
    0x0924, 0x0904, 0x19c5, 0x3327, 0x0141, 0x4baa, 0x1a06, 0x0904, 0x0924, 0x1144, 0x11c4, 0x3b68, 0x1184, 0x0924, 0x1124, 0x0904,
    0x3b29, 0x1224, 0x1a45, 0x4bca, 0x0923, 0x1125, 0x0924, 0x1164, 0x2aa6, 0x2ac7, 0x00e3, 0x1104, 0x0904, 0x0904, 0x0923, 0x32e8,
    0x19c5, 0x00a2, 0x08e4, 0x00a3, 0x1164, 0x32c8, 0x00e1, 0x4bab, 0x19c5, 0x00a3, 0x08e4, 0x0904, 0x1184, 0x3b69, 0x0943, 0x08c4,
    0x08e4, 0x0062, 0x3288, 0x19c4, 0x1183, 0x4b6a, 0x0062, 0x08a3, 0x0062, 0x4309, 0x0922, 0x2a66, 0x3ae8, 0x0062, 0x0883, 0x00a3,
    0x0882, 0x2a67, 0x2205, 0x0042, 0x0863, 0x0042, 0x1124, 0x3ae8, 0x00c0, 0x4bcb, 0x1964, 0x0043, 0x0062, 0x1964, 0x3ac8, 0x0040,
    0x4b6a, 0x2184, 0x0001, 0x0042, 0x0042, 0x1123, 0x3ac8, 0x0061, 0x0023, 0x0063, 0x0001, 0x2a27, 0x21e4, 0x0901, 0x538a, 0x0862,
    0x0022, 0x0042, 0x0862, 0x21a4, 0x3266, 0x0001, 0x0023, 0x0001, 0x10c3, 0x3aa8, 0x0020, 0x4b29, 0x2165, 0x0001, 0x0001, 0x2a26,
    0x21e4, 0x1143, 0x4b8a, 0x0021, 0x0022, 0x0000, 0x42c8, 0x1143, 0x21c4, 0x3ac8, 0x0000, 0x0022, 0x0041, 0x3ac8, 0x0060, 0x4309,
    0x3207, 0x0000, 0x0001, 0x2165, 0x3287, 0x00a0, 0x4b4b, 0x08c2, 0x0022, 0x0022, 0x0022, 0x0022, 0x0022, 0x0002, 0x0882, 0x4309,
    0x21e5, 0x4b09, 0x3247, 0x0000, 0x0043, 0x0000, 0x42a8, 0x2a05, 0x3a47, 0x4ac9, 0x0000, 0x0022, 0x0022, 0x0001, 0x1143, 0x536a,
    0x0021, 0x0023, 0x0043, 0x0000, 0x42c9, 0x3247, 0x3a87, 0x4308, 0x0000, 0x0022, 0x0021, 0x0022, 0x0001, 0x2184, 0x3ac8, 0x2185,
    0x536a, 0x1923, 0x0001, 0x0001, 0x1964, 0x4348, 0x3246, 0x53ca, 0x21a5, 0x0001, 0x0042, 0x0001, 0x1964, 0x4b4a, 0x0021, 0x0023,
    0x0022, 0x08a1, 0x3ac7, 0x2164, 0x4b29, 0x3246, 0x0000, 0x0001, 0x29a5, 0x4308, 0x3246, 0x4bcb, 0x1103, 0x0062, 0x0041, 0x4b29,
    0x3246, 0x3ac8, 0x53aa, 0x0081, 0x0063, 0x0063, 0x0081, 0x536a, 0x10c3, 0x0063, 0x0041, 0x21e5, 0x4b89, 0x2a06, 0x53eb, 0x21c5,
    0x0043, 0x00c3, 0x0062, 0x1944, 0x4b6a, 0x0062, 0x08a3, 0x00a4, 0x00a3, 0x4b89, 0x3246, 0x4308, 0x32a7, 0x0041, 0x0062, 0x0923,
    0x3b48, 0x21c4, 0x4b69, 0x3b08, 0x00a3, 0x00a4, 0x2226, 0x43a9, 0x2a86, 0x4c0a, 0x19c5, 0x00a2, 0x0082, 0x2a66, 0x4388, 0x32a6,
    0x5c4c, 0x11a4, 0x0104, 0x08e4, 0x00a2, 0x21c5, 0x4329, 0x00c2, 0x08e4, 0x08c3, 0x0923, 0x3b68, 0x2205, 0x4b8a, 0x2a87, 0x00a3,
    0x0904, 0x0984, 0x3bc9, 0x22a5, 0x540b, 0x32e8, 0x0103, 0x1125, 0x0984, 0x43ca, 0x2285, 0x43a9, 0x2aa7, 0x0103, 0x1144, 0x00e3,
    0x32c8, 0x3308, 0x2ac6, 0x43ca, 0x0984, 0x0944, 0x0925, 0x0924, 0x11a4, 0x4c0b, 0x09a4, 0x1165, 0x1165, 0x1165, 0x0944, 0x19e5,
    0x4baa, 0x0964, 0x0945, 0x1144, 0x0123, 0x3b68, 0x2ae6, 0x2ac7, 0x4baa, 0x0984, 0x0945, 0x1186, 0x0964, 0x2ac7, 0x4389, 0x0964,
    0x11a6, 0x1185, 0x0984, 0x43aa, 0x2ae6, 0x2b07, 0x3b89, 0x0984, 0x0985, 0x0944, 0x2ac7, 0x3ba8, 0x22c6, 0x43ca, 0x1a06, 0x0944,
    0x0944, 0x2aa7, 0x3328, 0x2286, 0x3b89, 0x19e5, 0x1165, 0x1185, 0x1165, 0x2a67, 0x2ac8, 0x09a5, 0x11a6, 0x11a6, 0x11a5, 0x0964,
    0x2a87, 0x11c5, 0x0965, 0x1185, 0x1165, 0x0965, 0x2226, 0x2267, 0x0945, 0x1165, 0x0944, 0x11c5, 0x2a87, 0x1a05, 0x32c8, 0x19e6,
    0x0944, 0x1165, 0x0944, 0x2ac7, 0x22c6, 0x2287, 0x3b69, 0x11a4, 0x0944, 0x1145, 0x0924, 0x1a46, 0x3308, 0x0923, 0x1165, 0x1145,
    0x0964, 0x3328, 0x2285, 0x3328, 0x2b07, 0x0924, 0x1144, 0x11e4, 0x3368, 0x2286, 0x3b69, 0x2266, 0x0903, 0x0904, 0x19e5, 0x3307,
    0x1a05, 0x3b69, 0x2226, 0x08e3, 0x0924, 0x0904, 0x0943, 0x4369, 0x1164, 0x0904, 0x1124, 0x0903, 0x3308, 0x2285, 0x2ac7, 0x4369,
    0x0923, 0x08e4, 0x1104, 0x00e3, 0x2a87, 0x32c8, 0x00c3, 0x1104, 0x0904, 0x0904, 0x00a1, 0x32c8, 0x19c5, 0x00a2, 0x08e4, 0x00a3,
    0x1184, 0x32c7, 0x21c4, 0x3b29, 0x2206, 0x08a3, 0x08e4, 0x08c4, 0x00e3, 0x436a, 0x0923, 0x08a4, 0x08c4, 0x0062, 0x2a87, 0x2225,
    0x2a46, 0x4328, 0x0882, 0x0883, 0x0062, 0x3ac8, 0x2205, 0x3ae8, 0x32c7, 0x0082, 0x0883, 0x0883, 0x0021, 0x3247, 0x21e5, 0x0041,
    0x0083, 0x0022, 0x1944, 0x3ae8, 0x21c5, 0x3b28, 0x19a4, 0x0042, 0x0042, 0x1984, 0x32c7, 0x2164, 0x4309, 0x21a4, 0x0001, 0x0863,
    0x0002, 0x0081, 0x42c9, 0x0061, 0x0023, 0x0043, 0x0021, 0x2a26, 0x2a66, 0x2a46, 0x4b29, 0x0882, 0x0022, 0x0043, 0x0001, 0x1964,
    0x3267, 0x0001, 0x0022, 0x0001, 0x1103, 0x3a87, 0x2144, 0x42e8, 0x21a5, 0x0002, 0x0001, 0x2a25, 0x2a66, 0x2a06, 0x4328, 0x0861,
    0x0022, 0x0000, 0x3287, 0x2a05, 0x3206, 0x3288, 0x0020, 0x0001, 0x0861, 0x32a7, 0x2184, 0x3ae8, 0x2a26, 0x0001, 0x0001, 0x2185,
    0x2a46, 0x21c5, 0x430a, 0x10e3, 0x0022, 0x0022, 0x0022, 0x0022, 0x0022, 0x0002, 0x0861, 0x538b, 0x2a26, 0x2a26, 0x3267, 0x0000,
    0x0043, 0x0001, 0x42a7, 0x3aa7, 0x1964, 0x4ac9, 0x0000, 0x0022, 0x0022, 0x0001, 0x1143, 0x536a, 0x0041, 0x0023, 0x0023, 0x0001,
    0x42a8, 0x4b2a, 0x19a4, 0x42e8, 0x0000, 0x0022, 0x0021, 0x0022, 0x0001, 0x1943, 0x538b, 0x1924, 0x42e9, 0x2144, 0x0001, 0x0021,
    0x1123, 0x5beb, 0x2a05, 0x4328, 0x29c5, 0x0001, 0x0042, 0x0001, 0x1944, 0x4b09, 0x0000, 0x0022, 0x0001, 0x0081, 0x4b4a, 0x31c6,
    0x2a05, 0x3a87, 0x0000, 0x0022, 0x21a4, 0x642c, 0x1183, 0x4b8a, 0x1103, 0x0042, 0x0041, 0x4b49, 0x4b29, 0x1123, 0x538a, 0x0081,
    0x0063, 0x0063, 0x00a1, 0x538a, 0x10e3, 0x0062, 0x0041, 0x19a4, 0x5c4c, 0x1983, 0x4349, 0x21c6, 0x0043, 0x08c3, 0x0062, 0x1944,
    0x4b4a, 0x0062, 0x08a3, 0x00a4, 0x00a2, 0x53ea, 0x3ac7, 0x2204, 0x3ae8, 0x0041, 0x0062, 0x0102, 0x53ea, 0x2a26, 0x2a66, 0x3b29,
    0x0082, 0x00a3, 0x1a06, 0x5c6c, 0x1a24, 0x43a9, 0x19c5, 0x00a3, 0x0082, 0x2a46, 0x5c6c, 0x19e4, 0x4bea, 0x11c5, 0x00e4, 0x08e4,
    0x08c3, 0x21c5, 0x434a, 0x00c2, 0x08e4, 0x08c4, 0x0903, 0x4bea, 0x2a46, 0x3287, 0x32c7, 0x00a3, 0x1104, 0x0964, 0x440a, 0x3307,
    0x3307, 0x3b28, 0x00e3, 0x1125, 0x0964, 0x4c0b, 0x3307, 0x2aa6, 0x32e8, 0x00e2, 0x1144, 0x00c3, 0x32c7, 0x4bca, 0x09c2, 0x43aa,
    0x0984, 0x0924, 0x1125, 0x0925, 0x11a4, 0x4bea, 0x09a4, 0x1165, 0x1165, 0x1165, 0x0944, 0x19e5, 0x4baa, 0x0943, 0x1165, 0x1144,
    0x0103, 0x3b48, 0x43c9, 0x11e4, 0x4baa, 0x11a4, 0x1165, 0x1165, 0x0964, 0x2ac7, 0x3b69, 0x0964, 0x1185, 0x1185, 0x0964, 0x43aa,
    0x43a9, 0x1244, 0x43ca, 0x1184, 0x1185, 0x0944, 0x2287, 0x544b, 0x09e3, 0x3b69, 0x1a06, 0x0945, 0x0944, 0x2aa7, 0x4c0b, 0x1204,
    0x3b89, 0x19e5, 0x0945, 0x11a5, 0x0944, 0x2246, 0x2a87, 0x0984, 0x1185, 0x1185, 0x1185, 0x1184, 0x2a87, 0x11c5, 0x0965, 0x1165,
    0x1165, 0x0945, 0x2226, 0x2246, 0x0944, 0x1145, 0x0944, 0x11a5, 0x32c8, 0x11e5, 0x2267, 0x19e6, 0x0944, 0x1165, 0x0944, 0x22a7,
    0x3368, 0x1205, 0x3b48, 0x0983, 0x0944, 0x1145, 0x0924, 0x1a26, 0x32e7, 0x0923, 0x1145, 0x1145, 0x0944, 0x3b69, 0x2ae7, 0x1a65,
    0x3328, 0x0924, 0x1144, 0x11c4, 0x4bea, 0x1a46, 0x2ae7, 0x2266, 0x0903, 0x0905, 0x11c5, 0x43a9, 0x11c4, 0x32e7, 0x2246, 0x08c3,
    0x0924, 0x0904, 0x0943, 0x3b49, 0x1165, 0x0904, 0x1124, 0x0903, 0x32e8, 0x3b28, 0x11e4, 0x3b49, 0x0903, 0x08e4, 0x1104, 0x00e4,
    0x2a67, 0x32e8, 0x00e3, 0x1104, 0x08e4, 0x0904, 0x00c2, 0x32c8, 0x19c5, 0x0082, 0x08e4, 0x00a3, 0x0943, 0x4b8a, 0x1983, 0x2aa7,
    0x2206, 0x0083, 0x08e4, 0x08c4, 0x0903, 0x4349, 0x0923, 0x08a3, 0x08c4, 0x0063, 0x2a66, 0x3b28, 0x19a4, 0x3b08, 0x0882, 0x0883,
    0x0061, 0x3ac8, 0x3287, 0x19e4, 0x32c7, 0x0062, 0x0883, 0x0883, 0x0041, 0x3246, 0x2205, 0x0041, 0x0083, 0x0022, 0x1124, 0x4b8a,
    0x1984, 0x2a86, 0x21c5, 0x0022, 0x0042, 0x1123, 0x4369, 0x1944, 0x3246, 0x21c5, 0x0001, 0x0843, 0x0002, 0x0882, 0x3aa8, 0x0041,
    0x0023, 0x0043, 0x0021, 0x2a06, 0x4349, 0x1142, 0x4309, 0x0882, 0x0022, 0x0042, 0x0001, 0x1964, 0x3247, 0x0000, 0x0022, 0x0001,
    0x08c2, 0x4b29, 0x1923, 0x2a25, 0x29e6, 0x0002, 0x0001, 0x2205, 0x4329, 0x1143, 0x3ae8, 0x0881, 0x0002, 0x0001, 0x3287, 0x3a87,
    0x1103, 0x3aa8, 0x0020, 0x0001, 0x0041, 0x3b08, 0x29a5, 0x21c4, 0x3247, 0x0001, 0x0002, 0x1944, 0x4329, 0x1143, 0x3aa8, 0x1103,
    0x0022, 0x0022, 0x0022, 0x0022, 0x0022, 0x0022, 0x0021, 0x5bcc, 0x1943, 0x3246, 0x3227, 0x0001, 0x0043, 0x0000, 0x4288, 0x3a87,
    0x1123, 0x4ac9, 0x0000, 0x0022, 0x0022, 0x0001, 0x1143, 0x538a, 0x0061, 0x0043, 0x0023, 0x0001, 0x42a8, 0x42e9, 0x1163, 0x4b2a,
    0x0000, 0x0022, 0x0022, 0x0022, 0x0001, 0x10c2, 0x5bac, 0x0060, 0x4b09, 0x1903, 0x0001, 0x0002, 0x08e3, 0x642d, 0x08c1, 0x4b8a,
    0x2185, 0x0002, 0x0063, 0x0001, 0x1964, 0x4328, 0x0000, 0x0022, 0x0022, 0x0041, 0x5bab, 0x1123, 0x3266, 0x3a67, 0x0001, 0x0002,
    0x21a5, 0x5bec, 0x00a0, 0x53cb, 0x08c2, 0x0063, 0x0001, 0x4309, 0x3aa8, 0x1102, 0x538b, 0x0041, 0x0083, 0x0062, 0x00c1, 0x53aa,
    0x1102, 0x0062, 0x0062, 0x1944, 0x642d, 0x00a0, 0x4b8a, 0x1964, 0x0063, 0x08a3, 0x0082, 0x1163, 0x4b6a, 0x0081, 0x08c3, 0x08a4,
    0x0062, 0x53cb, 0x19e4, 0x2a46, 0x3aa8, 0x0041, 0x0883, 0x00a1, 0x5c2c, 0x1182, 0x3ac7, 0x3ac8, 0x0062, 0x00a3, 0x19a5, 0x5c6d,
    0x0161, 0x53eb, 0x1985, 0x08c4, 0x0083, 0x2226, 0x53eb, 0x00e0, 0x53eb, 0x0943, 0x08e4, 0x08e4, 0x00c2, 0x21e4, 0x4b6a, 0x00c2,
    0x0904, 0x08e4, 0x00c2, 0x540c, 0x11a3, 0x32c7, 0x32a8, 0x00c3, 0x1105, 0x0924, 0x544c, 0x1a24, 0x3308, 0x32c8, 0x00e3, 0x1125,
    0x0103, 0x540c, 0x1a04, 0x32c7, 0x32c8, 0x00e3, 0x1145, 0x00e3, 0x32c8, 0x438a, 0x0982, 0x4bcb, 0x0944, 0x1124, 0x1125, 0x0945,
    0x1183, 0x4c0a, 0x0983, 0x1145, 0x1165, 0x1165, 0x0924, 0x11c4, 0x4bca, 0x0943, 0x0964, 0x1144, 0x0904, 0x3b28, 0x3b69, 0x09c3,
    0x4bcb, 0x0964, 0x1165, 0x1165, 0x0143, 0x22a6, 0x3b69, 0x0143, 0x1185, 0x1185, 0x0944, 0x438a, 0x3308, 0x11e3, 0x43aa, 0x0964,
    0x1185, 0x1144, 0x1a26, 0x540b, 0x0162, 0x438a, 0x11a4, 0x1145, 0x0924, 0x2a87, 0x4bcb, 0x01a3, 0x4bca, 0x19c5, 0x1145, 0x1185,
    0x0944, 0x2226, 0x2a87, 0x0964, 0x1185, 0x1165, 0x1165, 0x0964, 0x2a87, 0x11c5, 0x0964, 0x1185, 0x1165, 0x0944, 0x2226, 0x2246,
    0x0944, 0x1144, 0x0944, 0x1185, 0x32c8, 0x0963, 0x2a87, 0x19e5, 0x1145, 0x1165, 0x0924, 0x2a87, 0x3b89, 0x09c4, 0x436a, 0x0964,
    0x0924, 0x1145, 0x0923, 0x1a25, 0x32e7, 0x0923, 0x1125, 0x1145, 0x0123, 0x3b6a, 0x2265, 0x2286, 0x3308, 0x08e4, 0x1124, 0x0963,
    0x4beb, 0x09a3, 0x3328, 0x2226, 0x0904, 0x1125, 0x1164, 0x4beb, 0x0162, 0x3b29, 0x1a06, 0x08e3, 0x0924, 0x0904, 0x0922, 0x3b49,
    0x1164, 0x0904, 0x1124, 0x00e3, 0x2aa8, 0x32e7, 0x0983, 0x4349, 0x00e3, 0x08e4, 0x0904, 0x00e3, 0x2266, 0x32e7, 0x00c2, 0x08e4,
    0x0904, 0x0904, 0x00a1, 0x32e8, 0x19c5, 0x00a2, 0x08e4, 0x08a3, 0x08e3, 0x4bab, 0x0922, 0x3ae8, 0x19a5, 0x0083, 0x08c4, 0x08c3,
    0x0902, 0x3b48, 0x0902, 0x00a3, 0x08a3, 0x0062, 0x2a47, 0x4329, 0x0922, 0x4329, 0x0062, 0x0883, 0x0041, 0x3ae8, 0x21e5, 0x1183,
    0x3288, 0x0042, 0x0883, 0x00a3, 0x0020, 0x2a66, 0x2225, 0x0021, 0x0063, 0x0042, 0x08c3, 0x53ab, 0x08e2, 0x3ac8, 0x1124, 0x0022,
    0x0042, 0x0882, 0x4bab, 0x08c1, 0x3aa8, 0x1944, 0x0001, 0x0042, 0x0021, 0x08a1, 0x3ac8, 0x0061, 0x0043, 0x0043, 0x0001, 0x21c6,
    0x4329, 0x00c1, 0x4b4a, 0x0042, 0x0023, 0x0042, 0x0000, 0x1964, 0x3246, 0x0000, 0x0022, 0x0001, 0x0061, 0x4b4a, 0x08a1, 0x3ac8,
    0x1965, 0x0001, 0x0001, 0x21a5, 0x4309, 0x08a1, 0x4329, 0x0041, 0x0022, 0x0000, 0x3a87, 0x3226, 0x1102, 0x3aa8, 0x0001, 0x0022,
    0x0000, 0x4b2a, 0x1943, 0x2a26, 0x3207, 0x0001, 0x0002, 0x10e4, 0x4b4a, 0x0080, 0x42a9, 0x0882, 0x0022, 0x0022, 0x0022, 0x0022,
    0x0022, 0x0022, 0x0001, 0x2a05, 0x536b, 0x532a, 0x10e2, 0x0002, 0x0023, 0x0001, 0x1103, 0x534a, 0x532a, 0x1964, 0x0001, 0x0022,
    0x0001, 0x10c3, 0x4b29, 0x53ea, 0x3a68, 0x0022, 0x0023, 0x0022, 0x1123, 0x5b8b, 0x5bab, 0x21c5, 0x0001, 0x0023, 0x0022, 0x0022,
    0x0021, 0x0021, 0x4288, 0x534a, 0x3aa8, 0x0021, 0x0022, 0x0843, 0x0042, 0x3aa7, 0x5bab, 0x4b2a, 0x0082, 0x0043, 0x0042, 0x10e4,
    0x536a, 0x53ca, 0x31e7, 0x0001, 0x0022, 0x0001, 0x21c5, 0x536b, 0x4b6a, 0x10e3, 0x0022, 0x0042, 0x0081, 0x4309, 0x5bac, 0x3ac8,
    0x0061, 0x0063, 0x0022, 0x1143, 0x536b, 0x538b, 0x21c5, 0x0042, 0x0063, 0x08a3, 0x4329, 0x540b, 0x4b4a, 0x08c3, 0x0062, 0x0041,
    0x42e8, 0x5bab, 0x4308, 0x0081, 0x00a3, 0x0063, 0x1144, 0x4b8a, 0x540b, 0x42c9, 0x00a3, 0x08a3, 0x0062, 0x2205, 0x53ab, 0x4b4a,
    0x1123, 0x0083, 0x08a4, 0x0082, 0x2a66, 0x53ca, 0x4b6a, 0x0924, 0x00c3, 0x08e3, 0x00e3, 0x3b29, 0x53ec, 0x3b28, 0x08e3, 0x08c4,
    0x00c3, 0x0902, 0x434a, 0x538b, 0x32c7, 0x00a2, 0x10e4, 0x00c3, 0x19a5, 0x4baa, 0x5c2b, 0x3288, 0x08e3, 0x0904, 0x00c2, 0x3287,
    0x53ac, 0x4baa, 0x1164, 0x0904, 0x1125, 0x0903, 0x2aa7, 0x4beb, 0x4bab, 0x1184, 0x0904, 0x1105, 0x0103, 0x2aa7, 0x4bab, 0x4b6a,
    0x11a4, 0x0924, 0x1145, 0x0904, 0x11a4, 0x438a, 0x4b8b, 0x2267, 0x0924, 0x1144, 0x1124, 0x1185, 0x434a, 0x4c0b, 0x4329, 0x1165,
    0x1144, 0x0924, 0x19a5, 0x4b6a, 0x540a, 0x3b09, 0x0964, 0x1165, 0x1145, 0x1205, 0x4bca, 0x4baa, 0x2a86, 0x0965, 0x1165, 0x0944,
    0x2226, 0x4baa, 0x540b, 0x32a8, 0x0944, 0x1165, 0x0944, 0x1a25, 0x4baa, 0x4b8a, 0x2266, 0x1164, 0x1185, 0x1965, 0x0984, 0x3b49,
    0x4b8b, 0x32e8, 0x0943, 0x1145, 0x1145, 0x11a4, 0x4369, 0x4bab, 0x3307, 0x1164, 0x1165, 0x0965, 0x19c6, 0x32c8, 0x3b09, 0x2206,
    0x1144, 0x1165, 0x1185, 0x2247, 0x2ac8, 0x2a68, 0x11a5, 0x1144, 0x1164, 0x19e6, 0x32a7, 0x32c7, 0x19e6, 0x0944, 0x1165, 0x0944,
    0x2246, 0x2a88, 0x2a67, 0x0964, 0x1145, 0x1145, 0x0944, 0x09a4, 0x3328, 0x4349, 0x2266, 0x0944, 0x1145, 0x0924, 0x19c6, 0x3b29,
    0x3b69, 0x2207, 0x0904, 0x1145, 0x0924, 0x1a25, 0x3b69, 0x3b6a, 0x11e4, 0x1124, 0x1145, 0x0923, 0x22a6, 0x436a, 0x3308, 0x0944,
    0x1125, 0x1125, 0x0903, 0x2ac7, 0x4b6a, 0x32e8, 0x0123, 0x1104, 0x0904, 0x1124, 0x3ae8, 0x43a9, 0x32c8, 0x0923, 0x0904, 0x08e4,
    0x0983, 0x4329, 0x434a, 0x1a05, 0x00c3, 0x10e5, 0x08e3, 0x21e6, 0x4369, 0x436a, 0x2a07, 0x08c3, 0x0904, 0x08e3, 0x3247, 0x43aa,
    0x434a, 0x1965, 0x00c3, 0x08c4, 0x00a2, 0x2a66, 0x4b4a, 0x32a8, 0x00c2, 0x08c4, 0x00a3, 0x08e3, 0x3aa8, 0x4389, 0x3ac9, 0x08c3,
    0x08a3, 0x0883, 0x0923, 0x4309, 0x4b2a, 0x2205, 0x0062, 0x08a3, 0x0062, 0x1184, 0x4309, 0x42e9, 0x1123, 0x0863, 0x08a3, 0x0082,
    0x29e6, 0x436a, 0x4349, 0x1925, 0x0022, 0x0083, 0x0041, 0x2a46, 0x4b2a, 0x3267, 0x0062, 0x0043, 0x0042, 0x0021, 0x2a26, 0x430a,
    0x3aa8, 0x0062, 0x0042, 0x0022, 0x0883, 0x3a88, 0x4369, 0x3247, 0x0042, 0x0042, 0x0022, 0x08a2, 0x3ac8, 0x4b2a, 0x2a05, 0x0002,
    0x0044, 0x0001, 0x18e4, 0x42e9, 0x4329, 0x2145, 0x0001, 0x0022, 0x0001, 0x2a06, 0x4b2a, 0x3aa8, 0x0041, 0x0022, 0x0022, 0x0081,
    0x3a87, 0x4aea, 0x21c4, 0x0001, 0x0022, 0x0021, 0x10e2, 0x42e9, 0x42e9, 0x1943, 0x0001, 0x0023, 0x0001, 0x21a5, 0x4b09, 0x42c8,
    0x08a2, 0x0022, 0x0042, 0x0041, 0x3267, 0x4b0a, 0x29e6, 0x0000, 0x0022, 0x0022, 0x0022, 0x0022, 0x0022, 0x0022, 0x0022, 0x0021,
    0x10c3, 0x0882, 0x0021, 0x0022, 0x0022, 0x0022, 0x0001, 0x0882, 0x08a2, 0x0001, 0x0022, 0x0022, 0x0022, 0x0042, 0x08a2, 0x0882,
    0x0883, 0x0022, 0x0022, 0x0022, 0x0021, 0x0882, 0x08c2, 0x0021, 0x0022, 0x0022, 0x0022, 0x0022, 0x0022, 0x0002, 0x0021, 0x10e2,
    0x0041, 0x0022, 0x0022, 0x0022, 0x0022, 0x0021, 0x10e4, 0x0062, 0x0021, 0x0022, 0x0022, 0x0042, 0x08a2, 0x08a1, 0x0863, 0x0021,
    0x0022, 0x0022, 0x0021, 0x10c3, 0x0882, 0x0041, 0x0042, 0x0062, 0x0042, 0x0082, 0x10e3, 0x0061, 0x0042, 0x0043, 0x0063, 0x0041,
    0x08a2, 0x10c3, 0x0041, 0x0083, 0x0062, 0x0082, 0x08e3, 0x08e2, 0x08e3, 0x0083, 0x0063, 0x0042, 0x0061, 0x1103, 0x0062, 0x0063,
    0x0083, 0x0083, 0x08a3, 0x1103, 0x0903, 0x1104, 0x00c3, 0x00a3, 0x08a3, 0x0082, 0x0904, 0x08e3, 0x0082, 0x08a3, 0x08a3, 0x08a3,
    0x00c2, 0x1144, 0x08e3, 0x00c3, 0x08e4, 0x08c4, 0x00c3, 0x00e3, 0x1165, 0x00e3, 0x08c3, 0x08c3, 0x08c3, 0x00c2, 0x00c2, 0x1124,
    0x08c2, 0x08c2, 0x08c3, 0x08c4, 0x0904, 0x1144, 0x1164, 0x1145, 0x08e4, 0x08e4, 0x08e4, 0x00e3, 0x1985, 0x0944, 0x0903, 0x0925,
    0x0925, 0x1104, 0x08e3, 0x1185, 0x0944, 0x0903, 0x1104, 0x0904, 0x0904, 0x0103, 0x1985, 0x1164, 0x0923, 0x1144, 0x1125, 0x1124,
    0x0923, 0x0944, 0x1185, 0x0123, 0x1125, 0x1125, 0x1125, 0x1144, 0x1185, 0x1184, 0x1185, 0x0925, 0x1124, 0x0924, 0x1124, 0x1985,
    0x1184, 0x1185, 0x1144, 0x1144, 0x1145, 0x0944, 0x11a5, 0x19c5, 0x0944, 0x1164, 0x1144, 0x1144, 0x1185, 0x11a5, 0x11a4, 0x1185,
    0x0944, 0x0944, 0x1164, 0x0943, 0x1184, 0x19a5, 0x0943, 0x1165, 0x1164, 0x1165, 0x1164, 0x0964, 0x19c5, 0x0943, 0x1164, 0x1145,
    0x1164, 0x0964, 0x1184, 0x19c5, 0x0964, 0x1165, 0x1165, 0x1165, 0x1165, 0x1185, 0x1185, 0x1165, 0x1144, 0x1144, 0x1165, 0x1185,
    0x1185, 0x1185, 0x1165, 0x1145, 0x1145, 0x1165, 0x1165, 0x1165, 0x1165, 0x1144, 0x1145, 0x0945, 0x0944, 0x1185, 0x1164, 0x1144,
    0x1145, 0x1145, 0x1145, 0x0944, 0x0964, 0x1185, 0x0924, 0x1125, 0x1124, 0x0924, 0x1165, 0x1184, 0x1164, 0x1145, 0x0924, 0x0924,
    0x1124, 0x0923, 0x1185, 0x1165, 0x0924, 0x0925, 0x1124, 0x0924, 0x0924, 0x1185, 0x0943, 0x0904, 0x1104, 0x1104, 0x0924, 0x0923,
    0x1165, 0x0923, 0x0904, 0x0904, 0x0904, 0x0904, 0x1164, 0x0943, 0x1144, 0x0904, 0x08e4, 0x0904, 0x00e3, 0x0903, 0x1124, 0x00c3,
    0x08e4, 0x08e4, 0x08e3, 0x0904, 0x0923, 0x0923, 0x0904, 0x08c4, 0x08e4, 0x08e4, 0x1124, 0x1144, 0x1124, 0x08e4, 0x08c4, 0x08c4,
    0x08c3, 0x00c2, 0x1124, 0x00c2, 0x00a2, 0x08a3, 0x00a3, 0x00a2, 0x08e3, 0x08e3, 0x08e3, 0x08a3, 0x08a3, 0x08a3, 0x0083, 0x08c3,
    0x1104, 0x0082, 0x00a3, 0x0083, 0x0083, 0x0062, 0x08c3, 0x08c3, 0x0062, 0x0883, 0x0883, 0x0082, 0x08c3, 0x08c3, 0x08c3, 0x0883,
    0x0043, 0x0862, 0x0062, 0x0042, 0x10a3, 0x0061, 0x0042, 0x0042, 0x0042, 0x0042, 0x0021, 0x08c3, 0x0062, 0x0042, 0x0043, 0x0022,
    0x0042, 0x0883, 0x0082, 0x0082, 0x0022, 0x0042, 0x0042, 0x0022, 0x0042, 0x10c3, 0x0041, 0x0022, 0x0022, 0x0022, 0x0042, 0x0881,
    0x0062, 0x0042, 0x0022, 0x0022, 0x0022, 0x0021, 0x08a3, 0x0042, 0x0022, 0x0022, 0x0022, 0x0022, 0x0041, 0x08a2, 0x0001, 0x0022,
    0x0022, 0x0042, 0x0001, 0x0062, 0x0882, 0x0021, 0x0022, 0x0022, 0x0022, 0x0001, 0x08a3, 0x0062, 0x0021, 0x0022, 0x0022, 0x0021,
    0x0021, 0x08a3, 0x0022, 0x0022, 0x0022, 0x0022, 0x0022, 0x0022, 0x0022, 0x0022, 0x0022, 0x0023, 0x0001, 0x0002, 0x0022, 0x0022,
    0x0023, 0x0022, 0x0023, 0x0002, 0x0001, 0x0023, 0x0022, 0x0022, 0x0022, 0x0022, 0x0002, 0x0002, 0x0002, 0x0022, 0x0022, 0x0022,
    0x0023, 0x0002, 0x0002, 0x0022, 0x0022, 0x0022, 0x0022, 0x0022, 0x0022, 0x0022, 0x0003, 0x0002, 0x0003, 0x0022, 0x0022, 0x0023,
    0x0022, 0x0022, 0x0002, 0x0022, 0x0022, 0x0022, 0x0022, 0x0022, 0x0001, 0x0002, 0x0002, 0x0041, 0x0022, 0x0022, 0x0022, 0x0002,
    0x0022, 0x0043, 0x0043, 0x0062, 0x0043, 0x0023, 0x0022, 0x0042, 0x0042, 0x0043, 0x0043, 0x0043, 0x0042, 0x0022, 0x0843, 0x0062,
    0x0063, 0x0063, 0x0063, 0x0843, 0x0042, 0x0062, 0x0063, 0x0063, 0x0063, 0x0043, 0x0863, 0x0083, 0x0082, 0x0083, 0x0883, 0x0063,
    0x0083, 0x0083, 0x00a3, 0x00a3, 0x0883, 0x0883, 0x0083, 0x00a3, 0x08a3, 0x08a3, 0x08a3, 0x08a3, 0x08c4, 0x00a3, 0x08a3, 0x08c3,
    0x08c3, 0x08a3, 0x08c3, 0x08c4, 0x00a3, 0x08c4, 0x08c4, 0x08c3, 0x08c3, 0x08c4, 0x08c3, 0x08a3, 0x08c4, 0x08c3, 0x08c4, 0x08c4,
    0x08c4, 0x08c4, 0x08e4, 0x08c4, 0x08e4, 0x08e4, 0x08e4, 0x0905, 0x08e4, 0x08e4, 0x0904, 0x0904, 0x0904, 0x08e4, 0x10e4, 0x08c4,
    0x08e4, 0x0904, 0x08e4, 0x08e4, 0x0904, 0x0904, 0x0904, 0x0904, 0x1124, 0x1125, 0x1125, 0x1124, 0x1124, 0x1124, 0x0904, 0x0925,
    0x1124, 0x1125, 0x1125, 0x1125, 0x0924, 0x0924, 0x0924, 0x1125, 0x1124, 0x1124, 0x1124, 0x0924, 0x1124, 0x0924, 0x1124, 0x1145,
    0x1144, 0x1145, 0x1145, 0x0945, 0x1165, 0x1145, 0x1145, 0x1144, 0x0925, 0x0944, 0x0945, 0x0925, 0x1144, 0x1125, 0x0945, 0x1145,
    0x1144, 0x1144, 0x1145, 0x1145, 0x1145, 0x1145, 0x1145, 0x1145, 0x0944, 0x1145, 0x1145, 0x1145, 0x1145, 0x1145, 0x1145, 0x1144,
    0x1165, 0x1165, 0x1145, 0x1145, 0x1145, 0x1144, 0x1145, 0x1145, 0x1145, 0x1144, 0x1144, 0x1145, 0x1145, 0x1145, 0x1145, 0x1145,
    0x1145, 0x1144, 0x1145, 0x1145, 0x1145, 0x1144, 0x0944, 0x1145, 0x1145, 0x0945, 0x1145, 0x1145, 0x1145, 0x1145, 0x1145, 0x1145,
    0x1125, 0x0925, 0x1125, 0x1124, 0x1124, 0x0924, 0x0925, 0x0924, 0x0905, 0x0904, 0x0924, 0x1125, 0x1124, 0x1124, 0x0904, 0x0924,
    0x0925, 0x0925, 0x0905, 0x1104, 0x1125, 0x0905, 0x0925, 0x1104, 0x0904, 0x0904, 0x1104, 0x0904, 0x08e4, 0x0904, 0x0904, 0x0904,
    0x0904, 0x0905, 0x08e5, 0x08e4, 0x08e4, 0x08e4, 0x08e4, 0x08e4, 0x08e4, 0x08c4, 0x08c4, 0x08e4, 0x08c4, 0x08c4, 0x08e4, 0x08c4,
    0x08c4, 0x08c4, 0x08c4, 0x08c4, 0x08c4, 0x08c4, 0x08c4, 0x08c4, 0x08c3, 0x08c4, 0x08c4, 0x08c4, 0x08c3, 0x08c3, 0x0084, 0x00a3,
    0x08a3, 0x0884, 0x00a3, 0x00a3, 0x0083, 0x0883, 0x0083, 0x08a3, 0x0883, 0x0883, 0x08a3, 0x0883, 0x0063, 0x0883, 0x0083, 0x0083,
    0x0083, 0x0083, 0x0063, 0x0063, 0x0063, 0x0063, 0x0863, 0x0063, 0x0063, 0x0043, 0x0043, 0x0043, 0x0063, 0x0042, 0x0063, 0x0043,
    0x0002, 0x0043, 0x0043, 0x0042, 0x0022, 0x0022, 0x0042, 0x0002, 0x0022, 0x0042, 0x0043, 0x0043, 0x0022, 0x0022, 0x0022, 0x0022,
    0x0022, 0x0022, 0x0023, 0x0023, 0x0002, 0x0002, 0x0022, 0x0022, 0x0022, 0x0022, 0x0002, 0x0002, 0x0002, 0x0002, 0x0022, 0x0022,
    0x0022, 0x0022, 0x0002, 0x0023, 0x0022, 0x0022, 0x0022, 0x0023, 0x0002, 0x0002, 0x0022, 0x0022, 0x0022, 0x0022, 0x0023, 0x0002,
    0x0002, 0x0023, 0x0022, 0x0023, 0x0022, 0x0023, 0x0002, 0x0002, 0x0022, 0x0022, 0x0022, 0x0022, 0x0003, 0x0001, 0x0003, 0x0002,
    0x0022, 0x0022, 0x0022, 0x0022, 0x0022, 0x0022, 0x0022, 0x0022, 0x0001, 0x0022, 0x0022, 0x0023, 0x0023, 0x0022, 0x0023, 0x0001,
    0x0001, 0x0043, 0x0023, 0x0023, 0x0023, 0x0022, 0x0002, 0x0001, 0x0022, 0x0022, 0x0022, 0x0022, 0x0022, 0x0022, 0x0022, 0x0022,
    0x0022, 0x0022, 0x0043, 0x0022, 0x0022, 0x0042, 0x0023, 0x0002, 0x0022, 0x0042, 0x0022, 0x0003, 0x0022, 0x0022, 0x0001, 0x0022,
    0x0022, 0x0002, 0x0022, 0x0023, 0x0002, 0x0002, 0x0023, 0x0022, 0x0042, 0x0023, 0x0043, 0x0042, 0x0042, 0x0043, 0x0043, 0x0042,
    0x0043, 0x0043, 0x0042, 0x0043, 0x0042, 0x0042, 0x0043, 0x0042, 0x0042, 0x0042, 0x0063, 0x0063, 0x0063, 0x0063, 0x0063, 0x0043,
    0x0062, 0x0062, 0x0043, 0x0063, 0x0062, 0x0062, 0x0083, 0x0082, 0x0083, 0x0083, 0x0083, 0x0083, 0x0062, 0x08a3, 0x00a3, 0x08a3,
    0x0883, 0x08a3, 0x0083, 0x00a3, 0x08a3, 0x00a3, 0x08a3, 0x08a3, 0x08c4, 0x00a2, 0x00a3, 0x08a4, 0x08a3, 0x00a3, 0x08a3, 0x08a3,
    0x00a3, 0x08c3, 0x08c4, 0x08c4, 0x08c4, 0x08c4, 0x08e4, 0x08c3, 0x08c3, 0x08c4, 0x08c4, 0x08c4, 0x08e4, 0x08c4, 0x00c3, 0x08e4,
    0x08e4, 0x08e4, 0x08e4, 0x08e4, 0x08e4, 0x08e4, 0x0904, 0x08e4, 0x08e4, 0x08e4, 0x08e4, 0x08e4, 0x00e4, 0x08e4, 0x08e4, 0x08e4,
    0x08e4, 0x0904, 0x08e4, 0x0904, 0x0925, 0x0905, 0x1105, 0x0905, 0x1124, 0x0924, 0x0924, 0x1124, 0x1124, 0x1124, 0x1124, 0x1124,
    0x1124, 0x0923, 0x0944, 0x1124, 0x1125, 0x0924, 0x0944, 0x0944, 0x0924, 0x1125, 0x1125, 0x1125, 0x1125, 0x1145, 0x1165, 0x0945,
    0x1145, 0x1145, 0x1125, 0x1145, 0x1145, 0x0924, 0x0944, 0x1145, 0x1125, 0x1125, 0x1125, 0x1145, 0x0944, 0x0944, 0x1145, 0x1145,
    0x0945, 0x0945, 0x1145, 0x1145, 0x0924, 0x1145, 0x1145, 0x1145, 0x1145, 0x1145, 0x1165, 0x0945, 0x0965, 0x1145, 0x1145, 0x1145,
    0x1144, 0x0944, 0x0944, 0x1145, 0x1125, 0x1125, 0x1125, 0x1145, 0x0944, 0x1144, 0x1145, 0x1145, 0x1145, 0x1144, 0x0924, 0x0944,
    0x1144, 0x1144, 0x1144, 0x1144, 0x1144, 0x0924, 0x0944, 0x0944, 0x0924, 0x0924, 0x1124, 0x1145, 0x0944, 0x0924, 0x0944, 0x0924,
    0x1125, 0x1124, 0x0925, 0x0924, 0x0924, 0x0925, 0x0925, 0x1105, 0x1105, 0x0924, 0x0923, 0x0924, 0x0924, 0x0904, 0x0905, 0x0905,
    0x0924, 0x0924, 0x0904, 0x0904, 0x0905, 0x0904, 0x0904, 0x0904, 0x0904, 0x0904, 0x0904, 0x0904, 0x0904, 0x0905, 0x08e4, 0x00e4,
    0x08e4, 0x08e4, 0x08e4, 0x08c4, 0x08e4, 0x08e4, 0x08c4, 0x08e4, 0x08c4, 0x08c4, 0x08c4, 0x08e4, 0x08c4, 0x08c3, 0x08c4, 0x08c4,
    0x08c4, 0x08c4, 0x08c4, 0x00a3, 0x08c3, 0x08c4, 0x08c5, 0x08c4, 0x08c4, 0x08c4, 0x00c4, 0x00a3, 0x08a3, 0x0884, 0x00a3, 0x08a3,
    0x08a3, 0x0083, 0x0883, 0x0883, 0x0883, 0x0883, 0x08a3, 0x08a3, 0x0082, 0x00a3, 0x0883, 0x0883, 0x0863, 0x0083, 0x0062, 0x0062,
    0x0083, 0x0863, 0x0063, 0x0063, 0x0083, 0x0063, 0x0063, 0x0063, 0x0043, 0x0043, 0x0043, 0x0043, 0x0022, 0x0042, 0x0043, 0x0043,
    0x0023, 0x0043, 0x0043, 0x0042, 0x0042, 0x0043, 0x0023, 0x0043, 0x0042, 0x0042, 0x0021, 0x0042, 0x0023, 0x0023, 0x0023, 0x0022,
    0x0022, 0x0022, 0x0022, 0x0022, 0x0022, 0x0022, 0x0022, 0x0002, 0x0002, 0x0023, 0x0022, 0x0022, 0x0022, 0x0022, 0x0022, 0x0022,
    0x0023, 0x0023, 0x0023, 0x0023, 0x0022, 0x0001, 0x0022, 0x0022, 0x0022, 0x0022, 0x0023, 0x0022, 0x0022, 0x0023, 0x0023, 0x0023,
    0x0023, 0x0042, 0x0022, 0x0022, 0x0022, 0x0023, 0x0022, 0x0022, 0x0022, 0x0021, 0x0022, 0x0022, 0x0022, 0x0022, 0x0022, 0x0022,
    0x0022, 0x0022, 0x0021, 0x0021, 0x1903, 0x08a2, 0x0001, 0x0022, 0x0022, 0x0022, 0x0021, 0x10c3, 0x10e3, 0x0021, 0x0023, 0x0023,
    0x0022, 0x0001, 0x08a2, 0x10e3, 0x0000, 0x0022, 0x0022, 0x0021, 0x0001, 0x0020, 0x0882, 0x0022, 0x0022, 0x0023, 0x0023, 0x0023,
    0x0043, 0x0022, 0x0062, 0x1924, 0x0061, 0x0021, 0x0023, 0x0022, 0x0001, 0x0000, 0x0061, 0x0041, 0x0001, 0x0002, 0x0022, 0x0020,
    0x10c2, 0x10e3, 0x0021, 0x0042, 0x0042, 0x0043, 0x0021, 0x00a1, 0x0062, 0x0043, 0x0042, 0x0042, 0x0022, 0x0021, 0x08c2, 0x0042,
    0x0022, 0x0042, 0x0062, 0x0041, 0x10e2, 0x1123, 0x0041, 0x0063, 0x0063, 0x0042, 0x0020, 0x08a2, 0x0062, 0x0042, 0x0042, 0x0062,
    0x00a1, 0x1944, 0x00a1, 0x0082, 0x0883, 0x0083, 0x0061, 0x08e2, 0x1924, 0x0081, 0x0883, 0x0864, 0x0883, 0x00a2, 0x1964, 0x1124,
    0x00a2, 0x00a3, 0x00a3, 0x08a3, 0x00a2, 0x1964, 0x0903, 0x0083, 0x08a4, 0x08a3, 0x0883, 0x08a2, 0x1924, 0x00a1, 0x00a2, 0x00a3,
    0x08a4, 0x00c3, 0x00a2, 0x0923, 0x08e3, 0x08c4, 0x08c4, 0x08e4, 0x00c3, 0x1144, 0x1144, 0x00c2, 0x08e4, 0x08e4, 0x0904, 0x0103,
    0x19a4, 0x1163, 0x0103, 0x08e4, 0x08c4, 0x08e4, 0x00a2, 0x0102, 0x0903, 0x08c4, 0x08e4, 0x08e4, 0x08e3, 0x00e2, 0x1985, 0x1164,
    0x0903, 0x0925, 0x0905, 0x1124, 0x0923, 0x1184, 0x19a5, 0x0923, 0x0924, 0x1124, 0x1124, 0x0903, 0x1144, 0x19c5, 0x0923, 0x1124,
    0x1125, 0x0925, 0x0923, 0x0123, 0x1164, 0x0924, 0x1124, 0x1124, 0x1125, 0x0924, 0x0923, 0x1184, 0x0944, 0x1125, 0x1145, 0x1144,
    0x0923, 0x1185, 0x1184, 0x0923, 0x1124, 0x1125, 0x1145, 0x0923, 0x11a4, 0x11c5, 0x0944, 0x1145, 0x0945, 0x1165, 0x0944, 0x1164,
    0x19c5, 0x0943, 0x1144, 0x1145, 0x1145, 0x0945, 0x0123, 0x0984, 0x0944, 0x1145, 0x0924, 0x1144, 0x0944, 0x1164, 0x1164, 0x0924,
    0x1125, 0x1125, 0x1124, 0x0924, 0x1164, 0x0944, 0x1144, 0x1125, 0x0924, 0x0924, 0x1184, 0x1164, 0x0924, 0x1124, 0x1124, 0x0924,
    0x0944, 0x1185, 0x0944, 0x0924, 0x0924, 0x1124, 0x1124, 0x0924, 0x1164, 0x19a5, 0x0923, 0x0944, 0x0924, 0x0924, 0x0903, 0x1184,
    0x1184, 0x0923, 0x1125, 0x1105, 0x1104, 0x0923, 0x1184, 0x1164, 0x0903, 0x0904, 0x0904, 0x0904, 0x00e3, 0x0943, 0x0923, 0x0904,
    0x0904, 0x0904, 0x0904, 0x0923, 0x19a5, 0x0943, 0x0904, 0x08e4, 0x08e4, 0x08e3, 0x0923, 0x1184, 0x00e3, 0x08e4, 0x08c3, 0x08e4,
    0x08e3, 0x00e3, 0x0903, 0x08e3, 0x08e4, 0x08c4, 0x08e3, 0x00c2, 0x00e3, 0x08e3, 0x08c3, 0x08c3, 0x08c3, 0x08c3, 0x00a2, 0x1164,
    0x00e2, 0x00c3, 0x08c4, 0x08c4, 0x08a3, 0x0082, 0x0904, 0x00e3, 0x08a3, 0x0883, 0x08a3, 0x0082, 0x0061, 0x00c2, 0x0082, 0x0883,
    0x0883, 0x0883, 0x0082, 0x08c3, 0x1123, 0x0082, 0x0883, 0x0863, 0x0883, 0x0061, 0x10e3, 0x08e3, 0x0062, 0x0083, 0x0063, 0x0063,
    0x0041, 0x00a2, 0x00a2, 0x0042, 0x0043, 0x0042, 0x0043, 0x0021, 0x0081, 0x0062, 0x0042, 0x0042, 0x0042, 0x0042, 0x0021, 0x00a2,
    0x0062, 0x0043, 0x0023, 0x0043, 0x0042, 0x0082, 0x10e3, 0x0041, 0x0022, 0x0002, 0x0022, 0x0021, 0x0021, 0x0062, 0x0021, 0x0022,
    0x0002, 0x0022, 0x0021, 0x10c3, 0x08c2, 0x0021, 0x0022, 0x0022, 0x0022, 0x0001, 0x0082, 0x0062, 0x0022, 0x0022, 0x0022, 0x0001,
    0x0061, 0x10c2, 0x0020, 0x0022, 0x0042, 0x0042, 0x0021, 0x08a2, 0x08c2, 0x0021, 0x0022, 0x0023, 0x0022, 0x0001, 0x0061, 0x0062,
    0x0022, 0x0002, 0x0022, 0x0021, 0x0061, 0x10c3, 0x0021, 0x0021, 0x0022, 0x0022, 0x0022, 0x0022, 0x0022, 0x0022, 0x0000, 0x3a67,
    0x530a, 0x4b2a, 0x10c2, 0x0001, 0x0021, 0x0001, 0x1964, 0x532a, 0x5b6b, 0x29e6, 0x0001, 0x0043, 0x0001, 0x1923, 0x530a, 0x532a,
    0x29c6, 0x0000, 0x0022, 0x0021, 0x0861, 0x4ae9, 0x4ae9, 0x0001, 0x0042, 0x0023, 0x0023, 0x0023, 0x0022, 0x0042, 0x4aea, 0x5b6a,
    0x4b29, 0x0061, 0x0022, 0x0022, 0x0021, 0x29a5, 0x5b6b, 0x10c2, 0x0000, 0x0022, 0x0000, 0x1943, 0x5b6b, 0x5b8c, 0x29c5, 0x0001,
    0x0063, 0x0022, 0x2185, 0x63cc, 0x2164, 0x0001, 0x0042, 0x0022, 0x0042, 0x3a27, 0x5b8b, 0x0061, 0x0022, 0x0043, 0x0021, 0x2184,
    0x536a, 0x536a, 0x3227, 0x0021, 0x0063, 0x0041, 0x3227, 0x5bab, 0x08a2, 0x0022, 0x0042, 0x0081, 0x4ae9, 0x5baa, 0x4b2a, 0x0062,
    0x0863, 0x0042, 0x1123, 0x534b, 0x534a, 0x3267, 0x0042, 0x0884, 0x0061, 0x3227, 0x5bac, 0x53cc, 0x1984, 0x0083, 0x08c4, 0x0082,
    0x3aa8, 0x536b, 0x538b, 0x1144, 0x0062, 0x0883, 0x0082, 0x42c9, 0x534a, 0x42c9, 0x0081, 0x00a3, 0x08a3, 0x08c3, 0x3aa8, 0x5c0d,
    0x0922, 0x08c3, 0x08e4, 0x00c2, 0x21c5, 0x53ab, 0x53ab, 0x2205, 0x00c2, 0x1104, 0x00c3, 0x3288, 0x53eb, 0x4baa, 0x1184, 0x00e4,
    0x08e4, 0x00c3, 0x19a5, 0x5bec, 0x2205, 0x00a2, 0x08e4, 0x08e3, 0x00c1, 0x3267, 0x538b, 0x4b8b, 0x1184, 0x0904, 0x0924, 0x0923,
    0x19c5, 0x53cc, 0x53cb, 0x32a8, 0x0903, 0x0904, 0x0904, 0x1184, 0x4b8b, 0x4b6a, 0x3ae9, 0x0903, 0x1125, 0x0905, 0x1164, 0x4b6a,
    0x4b6b, 0x0903, 0x1124, 0x1124, 0x0904, 0x1144, 0x4b6b, 0x4b8b, 0x0122, 0x1124, 0x1144, 0x0923, 0x2226, 0x4b8b, 0x4b8b, 0x19e5,
    0x0923, 0x1144, 0x0923, 0x2226, 0x4bab, 0x436a, 0x2226, 0x0923, 0x1144, 0x0944, 0x1184, 0x434a, 0x4b6a, 0x3ae8, 0x0923, 0x1144,
    0x0944, 0x1164, 0x32c8, 0x4bcb, 0x1164, 0x0924, 0x1124, 0x0924, 0x19a6, 0x3268, 0x3288, 0x19a5, 0x0904, 0x1105, 0x1124, 0x21e6,
    0x3ac9, 0x1164, 0x0924, 0x1125, 0x0904, 0x19c6, 0x2a47, 0x2a47, 0x1185, 0x0924, 0x1124, 0x0923, 0x2206, 0x2a47, 0x2a27, 0x0924,
    0x0924, 0x1124, 0x0904, 0x1184, 0x3b09, 0x432a, 0x2a67, 0x0923, 0x1125, 0x00e3, 0x19c5, 0x3b09, 0x3b29, 0x19e5, 0x0904, 0x1104,
    0x08e3, 0x2226, 0x3b09, 0x3b09, 0x19a5, 0x08e3, 0x1104, 0x00e3, 0x2206, 0x4b8b, 0x11a4, 0x00c3, 0x0904, 0x0924, 0x0103, 0x32c8,
    0x434a, 0x3b29, 0x0924, 0x0904, 0x08e4, 0x0922, 0x3ac7, 0x4329, 0x2a47, 0x00c2, 0x08e4, 0x08c3, 0x0924, 0x432a, 0x3ac8, 0x00c2,
    0x08e4, 0x08c4, 0x08c3, 0x1164, 0x4b4b, 0x2a47, 0x00a2, 0x08e4, 0x08c4, 0x00a2, 0x3288, 0x4309, 0x3ac8, 0x0902, 0x00c3, 0x08c3,
    0x08a3, 0x2a07, 0x538b, 0x1144, 0x0083, 0x08a3, 0x08a3, 0x08a2, 0x3268, 0x432a, 0x00a2, 0x0883, 0x08a3, 0x0082, 0x1104, 0x42e9,
    0x4b0a, 0x29e6, 0x0062, 0x0883, 0x0042, 0x21a5, 0x4309, 0x42e9, 0x1144, 0x0062, 0x0063, 0x0022, 0x1945, 0x534b, 0x1985, 0x0021,
    0x0062, 0x0042, 0x0022, 0x2165, 0x534b, 0x1104, 0x0021, 0x0042, 0x0042, 0x0021, 0x29c6, 0x538b, 0x1104, 0x0002, 0x0043, 0x0022,
    0x08a2, 0x42a9, 0x4b09, 0x3226, 0x0020, 0x0022, 0x0001, 0x0882, 0x3a89, 0x3a89, 0x0001, 0x0022, 0x0022, 0x0001, 0x2165, 0x4b0a,
    0x4b09, 0x1123, 0x0001, 0x0823, 0x0002, 0x2145, 0x534b, 0x1903, 0x0001, 0x0042, 0x0001, 0x0881, 0x42a9, 0x4ae9, 0x29c6, 0x0000,
    0x0042, 0x0000, 0x1964, 0x4aea, 0x42e9, 0x1964, 0x0001, 0x0042, 0x0001, 0x1903, 0x530a, 0x2185, 0x0000, 0x0022, 0x0022, 0x0061,
    0x3a88, 0x4ae9, 0x3227, 0x0020, 0x0022, 0x0022, 0x0022, 0x0022, 0x0022, 0x0022, 0x0861, 0x538b, 0x0040, 0x3ae8, 0x2a06, 0x0000,
    0x0062, 0x0000, 0x42c9, 0x21a4, 0x21c4, 0x538b, 0x0001, 0x0043, 0x0000, 0x42a9, 0x2184, 0x1143, 0x536b, 0x0000, 0x0042, 0x0021,
    0x0862, 0x3226, 0x4b09, 0x0000, 0x0042, 0x0022, 0x0023, 0x0022, 0x0001, 0x1944, 0x4b4a, 0x0080, 0x642d, 0x1923, 0x0002, 0x0022,
    0x0021, 0x2164, 0x4b2a, 0x18e3, 0x0000, 0x0022, 0x0000, 0x42a8, 0x1983, 0x21c4, 0x5bab, 0x0020, 0x0063, 0x0043, 0x1944, 0x4b29,
    0x21a5, 0x0001, 0x0042, 0x0022, 0x0862, 0x2184, 0x4b49, 0x0082, 0x0042, 0x0062, 0x0000, 0x4b4b, 0x21e4, 0x19e4, 0x5bcb, 0x0041,
    0x0043, 0x0062, 0x1964, 0x536a, 0x08c2, 0x0022, 0x0021, 0x1965, 0x4b2a, 0x0080, 0x640c, 0x1123, 0x0042, 0x0001, 0x3a88, 0x3226,
    0x1142, 0x5beb, 0x0061, 0x0883, 0x0081, 0x53ab, 0x1162, 0x3b68, 0x3ae8, 0x0062, 0x0883, 0x08e2, 0x5bec, 0x00c0, 0x4b8a, 0x32a7,
    0x0041, 0x0822, 0x1964, 0x4309, 0x00a0, 0x63ec, 0x0903, 0x0083, 0x08a3, 0x08e3, 0x2a46, 0x540c, 0x0943, 0x08c4, 0x08e5, 0x00a2,
    0x4349, 0x1a03, 0x32a7, 0x4b8b, 0x00a2, 0x08c4, 0x08c2, 0x53ac, 0x0941, 0x4369, 0x3aa8, 0x00a2, 0x08e4, 0x00c4, 0x1184, 0x4b69,
    0x2245, 0x00a2, 0x10e5, 0x08e4, 0x00e2, 0x53ac, 0x0961, 0x4369, 0x32c8, 0x00a3, 0x0904, 0x00c2, 0x3ae9, 0x2aa7, 0x1a44, 0x540b,
    0x0103, 0x1105, 0x00a3, 0x2a87, 0x3b48, 0x09a2, 0x644d, 0x1163, 0x0905, 0x0905, 0x1164, 0x2a66, 0x4b6b, 0x0903, 0x0904, 0x1104,
    0x0904, 0x1164, 0x32c8, 0x4b8a, 0x0122, 0x0924, 0x1125, 0x00e2, 0x436a, 0x11e4, 0x32e7, 0x4349, 0x00e3, 0x1144, 0x0103, 0x438b,
    0x1a65, 0x1a65, 0x4b8b, 0x0102, 0x1145, 0x0103, 0x2226, 0x4329, 0x09a1, 0x542c, 0x1164, 0x0924, 0x0924, 0x1164, 0x2266, 0x4bca,
    0x1184, 0x0924, 0x1124, 0x0904, 0x3268, 0x1184, 0x2206, 0x2a67, 0x0903, 0x1125, 0x0924, 0x11a4, 0x3288, 0x1184, 0x0904, 0x0904,
    0x0924, 0x2a68, 0x0943, 0x2226, 0x21e6, 0x0904, 0x0924, 0x1164, 0x2a67, 0x0102, 0x2a68, 0x1185, 0x0903, 0x1124, 0x00e3, 0x2a88,
    0x2266, 0x09c3, 0x436a, 0x0923, 0x1104, 0x00e3, 0x3ae9, 0x11c3, 0x2285, 0x3b09, 0x00e3, 0x0904, 0x0103, 0x432a, 0x0161, 0x32c7,
    0x3288, 0x00c2, 0x0904, 0x0904, 0x1184, 0x4309, 0x19c5, 0x00c4, 0x0904, 0x0903, 0x1184, 0x434a, 0x0161, 0x4bca, 0x19c5, 0x08e4,
    0x00c3, 0x21e6, 0x32c7, 0x0162, 0x4b6b, 0x0102, 0x08e4, 0x08a4, 0x1164, 0x32c7, 0x3ac8, 0x00c2, 0x08e4, 0x08c4, 0x08c3, 0x1965,
    0x3ac8, 0x2aa7, 0x0082, 0x08a4, 0x08a3, 0x0923, 0x436a, 0x00e0, 0x4b4a, 0x21c5, 0x0082, 0x00a3, 0x08c3, 0x21a5, 0x4b29, 0x1984,
    0x0083, 0x08a4, 0x0083, 0x08c3, 0x21e5, 0x4329, 0x00c2, 0x0063, 0x08a3, 0x0041, 0x3227, 0x21e4, 0x19a3, 0x534b, 0x0061, 0x0883,
    0x0041, 0x42ea, 0x1142, 0x3267, 0x3a89, 0x0021, 0x0063, 0x0042, 0x1904, 0x3aa8, 0x21c5, 0x0001, 0x0062, 0x0042, 0x0843, 0x1944,
    0x4329, 0x1944, 0x0001, 0x0043, 0x0023, 0x0062, 0x1944, 0x4309, 0x1924, 0x0001, 0x0042, 0x0001, 0x2165, 0x3227, 0x00e0, 0x538a,
    0x0061, 0x0022, 0x0022, 0x0882, 0x29e6, 0x3aa7, 0x0021, 0x0043, 0x0043, 0x0000, 0x42c9, 0x1122, 0x2a66, 0x3a88, 0x0001, 0x0023,
    0x0042, 0x1924, 0x42e9, 0x1943, 0x0001, 0x0043, 0x0001, 0x29e6, 0x2a25, 0x1142, 0x534b, 0x0021, 0x0042, 0x0000, 0x3ac8, 0x1963,
    0x21c4, 0x3ac8, 0x0000, 0x0042, 0x0002, 0x1904, 0x3a67, 0x29c5, 0x0000, 0x0043, 0x0001, 0x1944, 0x32a7, 0x00a0, 0x534a, 0x0881,
    0x0022, 0x0022, 0x0022, 0x0022, 0x0022, 0x0002, 0x0882, 0x4b29, 0x1943, 0x4369, 0x2a06, 0x0000, 0x0062, 0x0001, 0x3aa8, 0x29e5,
    0x3246, 0x4309, 0x0021, 0x0022, 0x0000, 0x3aa7, 0x29e5, 0x3226, 0x4b4a, 0x0040, 0x0021, 0x0023, 0x0001, 0x10e2, 0x4b09, 0x0001,
    0x0022, 0x0023, 0x0023, 0x0042, 0x0001, 0x1964, 0x42e8, 0x21a5, 0x53ab, 0x1944, 0x0001, 0x0042, 0x0002, 0x0000, 0x42e8, 0x1903,
    0x0001, 0x0042, 0x0000, 0x3a88, 0x1964, 0x42a8, 0x5369, 0x0041, 0x0042, 0x0023, 0x0000, 0x3267, 0x21c5, 0x0001, 0x0043, 0x0042,
    0x0002, 0x0060, 0x4b49, 0x0882, 0x0042, 0x0062, 0x0021, 0x4b0a, 0x21e5, 0x3aa7, 0x538a, 0x0061, 0x0042, 0x0023, 0x0020, 0x4b49,
    0x08c2, 0x0022, 0x0001, 0x21c5, 0x4308, 0x1983, 0x63ec, 0x1963, 0x0022, 0x0001, 0x3a47, 0x2a46, 0x3267, 0x536a, 0x0882, 0x0083,
    0x08c2, 0x4369, 0x2a25, 0x3b48, 0x3ac8, 0x0061, 0x0883, 0x0923, 0x4369, 0x1183, 0x4b6a, 0x32c7, 0x0041, 0x0022, 0x21a4, 0x3ae8,
    0x19a4, 0x53aa, 0x1164, 0x0063, 0x08a3, 0x0882, 0x00e2, 0x4bcb, 0x0922, 0x08a4, 0x08c5, 0x00c2, 0x4349, 0x2245, 0x3b09, 0x4b4a,
    0x0082, 0x0883, 0x08e2, 0x4329, 0x11a3, 0x4b6a, 0x3287, 0x0082, 0x08e4, 0x08e4, 0x0081, 0x3ae8, 0x2a66, 0x00a2, 0x08e4, 0x08c4,
    0x0903, 0x4b6a, 0x19c3, 0x4baa, 0x32a8, 0x00a2, 0x1104, 0x00c2, 0x3b08, 0x32a7, 0x2aa7, 0x43a9, 0x0123, 0x0904, 0x00a2, 0x32c7,
    0x3307, 0x2a86, 0x5c0b, 0x1183, 0x08e4, 0x1105, 0x08e3, 0x1183, 0x4bab, 0x0903, 0x0904, 0x0904, 0x0904, 0x00c3, 0x1163, 0x4baa,
    0x0103, 0x0905, 0x1104, 0x0103, 0x3b49, 0x1a25, 0x3328, 0x3b29, 0x00e3, 0x0924, 0x00e3, 0x434a, 0x2265, 0x32c7, 0x4baa, 0x0123,
    0x1124, 0x08e3, 0x2a87, 0x3328, 0x2245, 0x4bca, 0x19a5, 0x0904, 0x1125, 0x0924, 0x0122, 0x4b8a, 0x1164, 0x0904, 0x1104, 0x0903,
    0x2a47, 0x1184, 0x2246, 0x2a47, 0x00e3, 0x0905, 0x0904, 0x0102, 0x2a68, 0x1185, 0x0924, 0x0904, 0x0924, 0x2a27, 0x11a4, 0x2a67,
    0x21e6, 0x00e3, 0x08e4, 0x1164, 0x2246, 0x0964, 0x3268, 0x1185, 0x0103, 0x0904, 0x00e3, 0x2aa7, 0x1a45, 0x1a45, 0x3b29, 0x0943,
    0x0904, 0x00e3, 0x32e8, 0x1a25, 0x2ae7, 0x32c8, 0x00e3, 0x0904, 0x0903, 0x3ae8, 0x11e4, 0x32c8, 0x2aa7, 0x00c2, 0x08e4, 0x08e5,
    0x00a2, 0x32c8, 0x19c5, 0x08c3, 0x08e4, 0x08c4, 0x11c5, 0x32e8, 0x11e4, 0x438a, 0x19e5, 0x00a3, 0x00a3, 0x2a26, 0x2a86, 0x1a05,
    0x3b69, 0x0923, 0x08c3, 0x08e4, 0x0083, 0x11a4, 0x3ae9, 0x00a3, 0x08e4, 0x08c4, 0x08e4, 0x0062, 0x2246, 0x2aa7, 0x0082, 0x08c4,
    0x0082, 0x1163, 0x3b08, 0x1183, 0x4b29, 0x21c5, 0x0062, 0x00a4, 0x00a3, 0x0041, 0x42e8, 0x1984, 0x0063, 0x0884, 0x0883, 0x0883,
    0x00a1, 0x3b29, 0x08c3, 0x0863, 0x08a3, 0x0061, 0x3247, 0x19c4, 0x2225, 0x4309, 0x0882, 0x0062, 0x0041, 0x3aa8, 0x19c4, 0x3ac8,
    0x3267, 0x0041, 0x0062, 0x0843, 0x0000, 0x2a26, 0x21c5, 0x0001, 0x0043, 0x0042, 0x0043, 0x0000, 0x42c8, 0x2145, 0x0002, 0x0043,
    0x0043, 0x0042, 0x0000, 0x3ac8, 0x1924, 0x0002, 0x0022, 0x0000, 0x2185, 0x29e5, 0x19a4, 0x4309, 0x0881, 0x0001, 0x0022, 0x0001,
    0x08c2, 0x3aa8, 0x0001, 0x0023, 0x0022, 0x0020, 0x3aa8, 0x1964, 0x3287, 0x3268, 0x0001, 0x0022, 0x0022, 0x0000, 0x3a87, 0x1944,
    0x0001, 0x0043, 0x0001, 0x3226, 0x2a05, 0x2205, 0x42e9, 0x0061, 0x0022, 0x0001, 0x32a7, 0x21a4, 0x3246, 0x3ac8, 0x0001, 0x0021,
    0x0022, 0x0000, 0x29e6, 0x29c6, 0x0000, 0x0042, 0x0001, 0x2185, 0x2a26, 0x2184, 0x4b2a, 0x10c2, 0x0022, 0x0022, 0x0022, 0x0022,
    0x0022, 0x0002, 0x0862, 0x536a, 0x2a26, 0x3286, 0x3247, 0x0000, 0x0042, 0x0001, 0x3a87, 0x4b09, 0x2184, 0x42c8, 0x0020, 0x0042,
    0x0001, 0x3266, 0x4b29, 0x29c5, 0x4309, 0x0040, 0x0022, 0x0003, 0x0001, 0x1943, 0x4329, 0x0001, 0x0022, 0x0023, 0x0023, 0x0022,
    0x0001, 0x1103, 0x538b, 0x29c5, 0x3ac8, 0x1944, 0x0001, 0x0042, 0x0023, 0x0021, 0x4b29, 0x1924, 0x0002, 0x0042, 0x0001, 0x3a67,
    0x42c9, 0x21a4, 0x4b09, 0x0041, 0x0042, 0x0823, 0x0001, 0x3a88, 0x29c5, 0x0001, 0x0042, 0x0042, 0x0023, 0x08a1, 0x4b8a, 0x08a2,
    0x0022, 0x0043, 0x0021, 0x42e9, 0x4308, 0x2184, 0x536a, 0x0061, 0x0042, 0x0023, 0x0861, 0x4b89, 0x1102, 0x0022, 0x0022, 0x1984,
    0x5c0b, 0x2a05, 0x4b09, 0x1984, 0x0021, 0x0001, 0x3206, 0x4b29, 0x21a4, 0x4b49, 0x0882, 0x0082, 0x0081, 0x4b8a, 0x3ac7, 0x2225,
    0x3ae9, 0x0061, 0x08a3, 0x0902, 0x4baa, 0x2a46, 0x3287, 0x3ae8, 0x0021, 0x0042, 0x1964, 0x53cb, 0x19e5, 0x4348, 0x1184, 0x0063,
    0x08a2, 0x0883, 0x0923, 0x53eb, 0x0942, 0x08a3, 0x08c4, 0x00a2, 0x3b28, 0x4349, 0x21e5, 0x4b69, 0x0882, 0x08a3, 0x08c2, 0x4348,
    0x3266, 0x3267, 0x32a7, 0x0062, 0x08c3, 0x08e4, 0x00c2, 0x3b08, 0x2a86, 0x00a2, 0x08e4, 0x08c4, 0x08e2, 0x4b8a, 0x32a7, 0x2aa6,
    0x32c8, 0x00a2, 0x1105, 0x00a2, 0x32e7, 0x4baa, 0x19c3, 0x4389, 0x0943, 0x08e4, 0x00c2, 0x2a87, 0x4bca, 0x19e4, 0x53aa, 0x1183,
    0x08e4, 0x0904, 0x08e4, 0x19a5, 0x4bab, 0x0923, 0x08e4, 0x0904, 0x0904, 0x08c4, 0x19a4, 0x4baa, 0x0103, 0x10e5, 0x0904, 0x0102,
    0x3b28, 0x3b28, 0x2265, 0x3b69, 0x08e3, 0x0924, 0x00e3, 0x4329, 0x3b48, 0x1a25, 0x4389, 0x0123, 0x1124, 0x08c3, 0x2246, 0x4c0a,
    0x19e3, 0x4369, 0x19c5, 0x08e3, 0x1104, 0x0904, 0x0944, 0x436a, 0x1164, 0x0904, 0x1105, 0x0103, 0x2a47, 0x2226, 0x19e5, 0x2227,
    0x08e4, 0x0905, 0x0904, 0x0923, 0x2a68, 0x1185, 0x0904, 0x0904, 0x0903, 0x2a47, 0x19e5, 0x19e5, 0x2227, 0x00e3, 0x08e4, 0x1144,
    0x2a67, 0x11a4, 0x2227, 0x1985, 0x00e4, 0x0904, 0x00c3, 0x2a67, 0x32e7, 0x1204, 0x3b09, 0x0964, 0x08e4, 0x00e4, 0x32e7, 0x32e8,
    0x1a45, 0x32c7, 0x00e3, 0x0904, 0x08e3, 0x3b08, 0x2a87, 0x2225, 0x2ac7, 0x00a2, 0x08e4, 0x10e5, 0x00e3, 0x32e8, 0x19e5, 0x08c3,
    0x08e4, 0x08a4, 0x11a4, 0x3b49, 0x19e4, 0x32c7, 0x2226, 0x08a3, 0x08a3, 0x2205, 0x3b48, 0x11e4, 0x3328, 0x1144, 0x08c3, 0x08e3,
    0x0883, 0x19c5, 0x3ae8, 0x00a2, 0x08c4, 0x08c3, 0x08c4, 0x0082, 0x2a47, 0x2a87, 0x0082, 0x08c4, 0x0082, 0x1143, 0x436a, 0x19a4,
    0x3266, 0x2a05, 0x0062, 0x0883, 0x08a3, 0x0082, 0x42e8, 0x1984, 0x0063, 0x0883, 0x0883, 0x0883, 0x08e2, 0x4349, 0x08e2, 0x0863,
    0x0883, 0x0061, 0x2a26, 0x3ac8, 0x19a4, 0x42c8, 0x08a2, 0x0063, 0x0022, 0x3aa7, 0x32a7, 0x21e5, 0x3286, 0x0021, 0x0062, 0x0843,
    0x0021, 0x3246, 0x21c5, 0x0001, 0x0043, 0x0062, 0x0043, 0x0041, 0x42c8, 0x1964, 0x0022, 0x0043, 0x0043, 0x0042, 0x0041, 0x42c9,
    0x1924, 0x0002, 0x0022, 0x0000, 0x2164, 0x3aa8, 0x1984, 0x3a88, 0x0882, 0x0001, 0x0822, 0x0002, 0x1104, 0x42c8, 0x0021, 0x0023,
    0x0022, 0x0020, 0x3aa8, 0x3246, 0x1984, 0x3a68, 0x0000, 0x0022, 0x0022, 0x0001, 0x3a88, 0x1944, 0x0001, 0x0043, 0x0001, 0x29e5,
    0x4349, 0x1983, 0x42c8, 0x0861, 0x0022, 0x0001, 0x3287, 0x3a87, 0x2183, 0x3ac8, 0x0001, 0x0002, 0x0022, 0x0000, 0x3227, 0x29e6,
    0x0000, 0x0042, 0x0001, 0x1924, 0x42e8, 0x2184, 0x3aa7, 0x1103, 0x0022, 0x0022, 0x0022, 0x0022, 0x0022, 0x0002, 0x0061, 0x640c,
    0x08e1, 0x2a25, 0x3247, 0x0001, 0x0042, 0x0001, 0x42c8, 0x42a7, 0x0080, 0x532a, 0x0000, 0x0043, 0x0000, 0x3aa7, 0x3a87, 0x08c1,
    0x4b6a, 0x0000, 0x0022, 0x0023, 0x0000, 0x0922, 0x4328, 0x0000, 0x0042, 0x0022, 0x0023, 0x0022, 0x0001, 0x10e3, 0x63ed, 0x0040,
    0x42c8, 0x1944, 0x0001, 0x0022, 0x0023, 0x0000, 0x4329, 0x1123, 0x0001, 0x0043, 0x0000, 0x42a8, 0x3a87, 0x08a1, 0x536a, 0x0021,
    0x0022, 0x0042, 0x0000, 0x3266, 0x2184, 0x0000, 0x0043, 0x0042, 0x0022, 0x0040, 0x4b69, 0x0081, 0x0022, 0x0043, 0x0000, 0x4ae9,
    0x3ac7, 0x00a0, 0x5b8b, 0x0041, 0x0062, 0x0022, 0x0040, 0x4b89, 0x00e1, 0x0021, 0x0021, 0x1944, 0x644d, 0x0080, 0x4b29, 0x1944,
    0x0022, 0x0000, 0x3a67, 0x4b29, 0x0080, 0x5bab, 0x0862, 0x0883, 0x0041, 0x5c0c, 0x19e4, 0x2204, 0x4309, 0x0041, 0x0883, 0x00a2,
    0x644d, 0x1162, 0x3266, 0x3ae8, 0x0021, 0x0063, 0x1964, 0x5c0c, 0x00c0, 0x4b69, 0x1144, 0x0063, 0x08a3, 0x0082, 0x00c0, 0x4b8a,
    0x00e1, 0x08a3, 0x08c4, 0x0062, 0x3b28, 0x3b08, 0x0901, 0x4baa, 0x0082, 0x08c3, 0x0081, 0x5beb, 0x19c3, 0x2a25, 0x3ac8, 0x0062,
    0x08c4, 0x08e4, 0x0081, 0x32e7, 0x2265, 0x0081, 0x08e4, 0x08c4, 0x00c2, 0x5bec, 0x19e4, 0x2265, 0x3ae9, 0x00a2, 0x1105, 0x00a3,
    0x32c8, 0x4389, 0x0100, 0x4bca, 0x0103, 0x08e4, 0x00a3, 0x2a67, 0x4bca, 0x00e0, 0x5beb, 0x1164, 0x08c4, 0x1104, 0x00e3, 0x0942,
    0x4389, 0x00e1, 0x08e4, 0x08e4, 0x08e4, 0x00c3, 0x0962, 0x438a, 0x00e1, 0x0904, 0x0904, 0x00c2, 0x4369, 0x2ac7, 0x09c2, 0x438a,
    0x00c3, 0x0924, 0x00c3, 0x4349, 0x3307, 0x0162, 0x4baa, 0x0923, 0x1125, 0x08e4, 0x2226, 0x542c, 0x0120, 0x4baa, 0x11a5, 0x08e4,
    0x0904, 0x0904, 0x0102, 0x4369, 0x0122, 0x0904, 0x1105, 0x00e3, 0x2a68, 0x2205, 0x0963, 0x2a68, 0x00e3, 0x0904, 0x0904, 0x0103,
    0x2a67, 0x0964, 0x0904, 0x0904, 0x08e3, 0x3268, 0x1183, 0x11a5, 0x2227, 0x00e3, 0x08e4, 0x1144, 0x32a8, 0x0102, 0x2a47, 0x1185,
    0x08e4, 0x0905, 0x00a3, 0x2a87, 0x3b08, 0x0141, 0x434a, 0x0923, 0x08e4, 0x00c3, 0x3b09, 0x2aa7, 0x09c3, 0x3ae8, 0x00c3, 0x0904,
    0x00c2, 0x436a, 0x1204, 0x19e4, 0x32c8, 0x00a3, 0x10e4, 0x08e4, 0x00a1, 0x32e7, 0x11a4, 0x00a3, 0x08e4, 0x08c4, 0x0943, 0x4bab,
    0x0120, 0x32e7, 0x21e6, 0x0083, 0x00a3, 0x2205, 0x4389, 0x0121, 0x4349, 0x0923, 0x08c4, 0x08e4, 0x0082, 0x1183, 0x32e7, 0x0081,
    0x08c4, 0x08c3, 0x08c4, 0x0061, 0x1a05, 0x2a87, 0x0061, 0x08c4, 0x0883, 0x0903, 0x53cb, 0x0101, 0x3287, 0x29e6, 0x0042, 0x0883,
    0x08a3, 0x0060, 0x3ac7, 0x1143, 0x0042, 0x0883, 0x0083, 0x0883, 0x00c0, 0x3b28, 0x00c1, 0x0083, 0x0883, 0x0042, 0x2a26, 0x4329,
    0x00c1, 0x4b29, 0x0061, 0x0063, 0x0021, 0x42e9, 0x19e4, 0x1143, 0x3288, 0x0022, 0x0063, 0x0063, 0x0000, 0x2a25, 0x19a4, 0x0000,
    0x0043, 0x0042, 0x0042, 0x0000, 0x3ac7, 0x1143, 0x0001, 0x0043, 0x0043, 0x0042, 0x0000, 0x3ac7, 0x1102, 0x0001, 0x0042, 0x0001,
    0x2165, 0x4b2a, 0x0060, 0x42e9, 0x0882, 0x0022, 0x0022, 0x0001, 0x08c2, 0x3aa7, 0x0000, 0x0042, 0x0022, 0x0020, 0x4b0a, 0x21c4,
    0x1122, 0x3a88, 0x0000, 0x0042, 0x0022, 0x0000, 0x3a87, 0x1123, 0x0000, 0x0043, 0x0001, 0x2a06, 0x4b49, 0x0080, 0x4b0a, 0x0061,
    0x0042, 0x0000, 0x32a8, 0x2a26, 0x08c1, 0x42e9, 0x0001, 0x0023, 0x0022, 0x0000, 0x2205, 0x21c5, 0x0000, 0x0042, 0x0001, 0x1103,
    0x4b6a, 0x0060, 0x42c8, 0x08a2, 0x0022, 0x0022, 0x0022, 0x0022, 0x0022, 0x0022, 0x0021, 0x4b09, 0x4ac9, 0x534a, 0x1944, 0x0001,
    0x0022, 0x0001, 0x29a5, 0x5b6b, 0x52ea, 0x3a68, 0x0001, 0x0043, 0x0001, 0x29c5, 0x532a, 0x4ae9, 0x3aa8, 0x0001, 0x0023, 0x0022,
    0x10c3, 0x4309, 0x640c, 0x2986, 0x0021, 0x0022, 0x0022, 0x0022, 0x0002, 0x0041, 0x534b, 0x4aa9, 0x534a, 0x0882, 0x0022, 0x0022,
    0x0042, 0x3206, 0x5c0b, 0x4b09, 0x10a2, 0x0021, 0x0001, 0x29c5, 0x538b, 0x530a, 0x3a68, 0x0000, 0x0023, 0x0022, 0x2985, 0x5b8b,
    0x532a, 0x10e3, 0x0022, 0x0042, 0x0043, 0x3a48, 0x640c, 0x3a88, 0x0063, 0x0042, 0x0000, 0x29c5, 0x536b, 0x4ae9, 0x4288, 0x0021,
    0x0062, 0x0062, 0x3247, 0x5c0c, 0x42e9, 0x08a2, 0x0042, 0x0882, 0x5b8b, 0x4b29, 0x536b, 0x0882, 0x0042, 0x0021, 0x2184, 0x538b,
    0x42e9, 0x42c9, 0x0041, 0x0883, 0x0021, 0x3aa8, 0x536a, 0x538b, 0x21c5, 0x0042, 0x0863, 0x0061, 0x4329, 0x4329, 0x538b, 0x19a5,
    0x0063, 0x0883, 0x08c2, 0x4b8a, 0x4309, 0x5b8b, 0x08c2, 0x0083, 0x0083, 0x08c3, 0x3aa8, 0x642d, 0x3aa8, 0x08a3, 0x08a4, 0x0082,
    0x2a26, 0x53ab, 0x4b29, 0x32a7, 0x0082, 0x08c4, 0x0082, 0x3ac8, 0x536a, 0x536b, 0x19a4, 0x0083, 0x10c4, 0x00a3, 0x21e6, 0x53cb,
    0x4bab, 0x21c6, 0x00a3, 0x08e4, 0x00a2, 0x3ac9, 0x4b6a, 0x4b8b, 0x19e6, 0x08c3, 0x10e4, 0x00c4, 0x19c5, 0x53aa, 0x4369, 0x3b08,
    0x00c2, 0x10e5, 0x08a3, 0x11a4, 0x53cb, 0x4308, 0x4349, 0x0103, 0x08e5, 0x08e3, 0x1124, 0x4309, 0x5c2c, 0x3288, 0x08e4, 0x0904,
    0x08c4, 0x1144, 0x434a, 0x5c2d, 0x2a68, 0x0904, 0x0904, 0x00e3, 0x2a87, 0x436a, 0x4369, 0x2a87, 0x00c3, 0x0905, 0x08c3, 0x2246,
    0x4baa, 0x434a, 0x32a8, 0x00e3, 0x1105, 0x08e4, 0x1164, 0x4bcb, 0x3b29, 0x4b8b, 0x0904, 0x0904, 0x0904, 0x1124, 0x32a8, 0x5c0c,
    0x32a8, 0x0904, 0x0905, 0x00e4, 0x19e6, 0x3267, 0x2a47, 0x19c6, 0x00e3, 0x0904, 0x0904, 0x21e6, 0x32a9, 0x2227, 0x0924, 0x0904,
    0x08e4, 0x21e6, 0x2a47, 0x3248, 0x1185, 0x08e4, 0x10e4, 0x08e3, 0x2a67, 0x2a27, 0x3268, 0x0924, 0x08e4, 0x10e5, 0x08c3, 0x11a4,
    0x432a, 0x3ae9, 0x32a8, 0x00e3, 0x1104, 0x00c3, 0x2206, 0x3b09, 0x3b29, 0x2226, 0x00c3, 0x1104, 0x08c2, 0x2a87, 0x3b08, 0x3b09,
    0x21e6, 0x08a3, 0x08e4, 0x08c3, 0x2206, 0x4b8a, 0x3ae9, 0x1124, 0x08c3, 0x08e4, 0x00e2, 0x4329, 0x32c8, 0x4329, 0x0924, 0x08c4,
    0x00c3, 0x0943, 0x4349, 0x3ae8, 0x3ac8, 0x00a2, 0x08c4, 0x00c3, 0x1125, 0x3ae8, 0x4b6a, 0x21c6, 0x0083, 0x08a3, 0x0083, 0x1985,
    0x434a, 0x436a, 0x1965, 0x0083, 0x08a4, 0x0082, 0x3b09, 0x3ae8, 0x4b0a, 0x0904, 0x0083, 0x0883, 0x0882, 0x29e6, 0x536a, 0x42e9,
    0x08e4, 0x0062, 0x0083, 0x08a3, 0x3247, 0x53cb, 0x2a47, 0x0082, 0x0883, 0x0042, 0x1944, 0x4b4a, 0x3ac8, 0x3267, 0x0021, 0x0063,
    0x0021, 0x29e6, 0x4309, 0x42c9, 0x2185, 0x0022, 0x0063, 0x0042, 0x2165, 0x4b2a, 0x42e9, 0x1104, 0x0022, 0x0042, 0x0042, 0x21a6,
    0x538b, 0x3ac8, 0x0883, 0x0022, 0x0023, 0x0042, 0x29a6, 0x536a, 0x3a88, 0x0883, 0x0022, 0x0002, 0x08a2, 0x4b0a, 0x3aa8, 0x3a88,
    0x0021, 0x0043, 0x0002, 0x10a3, 0x4268, 0x536b, 0x29c6, 0x0021, 0x0042, 0x0000, 0x29c6, 0x4ae9, 0x42c9, 0x2185, 0x0001, 0x0022,
    0x0021, 0x2985, 0x534a, 0x4288, 0x0883, 0x0022, 0x0002, 0x10e3, 0x4b09, 0x42a9, 0x3a68, 0x0000, 0x0042, 0x0001, 0x1985, 0x4ae9,
    0x42a8, 0x29c5, 0x0001, 0x0023, 0x0021, 0x2144, 0x4309, 0x4b09, 0x1904, 0x0021, 0x0002, 0x0861, 0x4309, 0x42a9, 0x3a88, 0x0021,
    0x0022, 0x0022, 0x0022, 0x0022, 0x0022, 0x0022, 0x0021, 0x0061, 0x29e6, 0x1903, 0x0021, 0x0022, 0x0022, 0x0022, 0x0000, 0x2144,
    0x29a6, 0x0041, 0x0022, 0x0023, 0x0022, 0x0020, 0x2164, 0x31e6, 0x0061, 0x0022, 0x0022, 0x0022, 0x08a3, 0x2185, 0x1964, 0x1904,
    0x0021, 0x0022, 0x0022, 0x0022, 0x0022, 0x0001, 0x0882, 0x31e7, 0x10c2, 0x0021, 0x0022, 0x0022, 0x0022, 0x1924, 0x1963, 0x2184,
    0x0883, 0x0022, 0x0023, 0x0021, 0x2164, 0x29a6, 0x0020, 0x0021, 0x0042, 0x0022, 0x1904, 0x2144, 0x2144, 0x08a3, 0x0022, 0x0042,
    0x0042, 0x2145, 0x1944, 0x1944, 0x0042, 0x0022, 0x0042, 0x0041, 0x2185, 0x21a5, 0x0041, 0x0042, 0x0042, 0x0062, 0x1944, 0x1964,
    0x2185, 0x0882, 0x0042, 0x0041, 0x08c2, 0x2a06, 0x08e2, 0x0042, 0x0063, 0x0042, 0x0041, 0x1944, 0x29e6, 0x0081, 0x0062, 0x0062,
    0x0063, 0x0081, 0x21c5, 0x1944, 0x0061, 0x0083, 0x0863, 0x0082, 0x00c1, 0x2a06, 0x1964, 0x0082, 0x0883, 0x0863, 0x0062, 0x0903,
    0x2a07, 0x08e2, 0x0082, 0x08a3, 0x0883, 0x08c3, 0x21a5, 0x1984, 0x1985, 0x08a3, 0x08a3, 0x00a3, 0x00a1, 0x21c5, 0x2a06, 0x00a1,
    0x00a3, 0x08a4, 0x08a3, 0x00c2, 0x2a06, 0x1985, 0x00a2, 0x08a3, 0x08a4, 0x00a3, 0x1985, 0x19e5, 0x19e5, 0x1145, 0x08a3, 0x08c3,
    0x00c3, 0x08c3, 0x2a47, 0x19c5, 0x00c3, 0x08e4, 0x08e4, 0x08e4, 0x00c2, 0x19a4, 0x2226, 0x00e2, 0x08c3, 0x08c4, 0x08e4, 0x00c2,
    0x11a4, 0x2a47, 0x0102, 0x00e4, 0x08e4, 0x08e3, 0x0924, 0x21e6, 0x19e4, 0x19a5, 0x08c4, 0x08e4, 0x08e4, 0x1124, 0x2206, 0x21e6,
    0x19c6, 0x0904, 0x0904, 0x0904, 0x0103, 0x2226, 0x2206, 0x0102, 0x08e4, 0x08e4, 0x1104, 0x00e3, 0x1a05, 0x2227, 0x0103, 0x0904,
    0x08e4, 0x10e4, 0x08e3, 0x1185, 0x2a46, 0x0943, 0x08e4, 0x08e4, 0x08e4, 0x0904, 0x21c6, 0x19c5, 0x19c6, 0x0904, 0x08e4, 0x08e4,
    0x0923, 0x19a5, 0x19a5, 0x0903, 0x0904, 0x08e4, 0x08e4, 0x1185, 0x1185, 0x1985, 0x0904, 0x08e4, 0x08e4, 0x0903, 0x19a5, 0x1965,
    0x08e3, 0x08e4, 0x10e4, 0x08c3, 0x0924, 0x19a6, 0x0923, 0x08e3, 0x08e4, 0x08e4, 0x08e4, 0x00e3, 0x1185, 0x2206, 0x0903, 0x08e3,
    0x08e4, 0x08e4, 0x00e3, 0x19a5, 0x19c5, 0x00e3, 0x08e4, 0x08e4, 0x08c3, 0x0103, 0x19e5, 0x19a5, 0x00c3, 0x08c4, 0x08c4, 0x08c3,
    0x1165, 0x1984, 0x1985, 0x0904, 0x08c3, 0x08e3, 0x00c3, 0x0903, 0x2206, 0x0944, 0x08a3, 0x08c4, 0x08c4, 0x00c2, 0x1143, 0x21e6,
    0x00e3, 0x08c3, 0x08a4, 0x00a3, 0x1104, 0x19a5, 0x19a4, 0x1165, 0x00a3, 0x08a3, 0x0083, 0x1104, 0x19a4, 0x1984, 0x1105, 0x0083,
    0x08a3, 0x0083, 0x08e2, 0x21e6, 0x0903, 0x0082, 0x08a3, 0x0883, 0x0083, 0x1945, 0x1164, 0x1985, 0x08a3, 0x0063, 0x0063, 0x0882,
    0x1965, 0x1984, 0x1964, 0x0082, 0x0863, 0x0883, 0x0042, 0x1124, 0x21c5, 0x0061, 0x0042, 0x0042, 0x0042, 0x0061, 0x1984, 0x1944,
    0x0042, 0x0043, 0x0043, 0x0042, 0x1104, 0x1944, 0x1944, 0x08c3, 0x0022, 0x0042, 0x0022, 0x1904, 0x1964, 0x1944, 0x0883, 0x0022,
    0x0042, 0x0042, 0x1904, 0x1923, 0x1924, 0x0863, 0x0022, 0x0022, 0x0001, 0x08c2, 0x2185, 0x0061, 0x0021, 0x0043, 0x0022, 0x0863,
    0x1924, 0x1923, 0x1104, 0x0022, 0x0022, 0x0022, 0x0021, 0x1944, 0x1123, 0x0021, 0x0022, 0x0022, 0x0022, 0x1904, 0x1923, 0x1924,
    0x0883, 0x0021, 0x0042, 0x0021, 0x10e3, 0x2165, 0x0041, 0x0021, 0x0022, 0x0042, 0x0021, 0x1944, 0x1964, 0x0020, 0x0022, 0x0023,
    0x0022, 0x10c4, 0x1923, 0x1924, 0x08a3, 0x0022, 0x0022, 0x0021, 0x0081, 0x21a6, 0x0882, 0x0022, 0x0022, 0x0022, 0x0022, 0x0022,
    0x0022, 0x0022, 0x0022, 0x0022, 0x0001, 0x0001, 0x0022, 0x0022, 0x0022, 0x0022, 0x0022, 0x0001, 0x0001, 0x0022, 0x0022, 0x0022,
    0x0022, 0x0022, 0x0000, 0x0001, 0x0022, 0x0022, 0x0022, 0x0022, 0x0022, 0x0001, 0x0000, 0x0001, 0x0042, 0x0022, 0x0022, 0x0022,
    0x0022, 0x0022, 0x0021, 0x0001, 0x0002, 0x0022, 0x0022, 0x0022, 0x0022, 0x0001, 0x0021, 0x0001, 0x0022, 0x0022, 0x0022, 0x0043,
    0x0000, 0x0001, 0x0022, 0x0042, 0x0022, 0x0042, 0x0001, 0x0001, 0x0001, 0x0022, 0x0022, 0x0022, 0x0022, 0x0001, 0x0001, 0x0001,
    0x0022, 0x0042, 0x0022, 0x0042, 0x0001, 0x0001, 0x0042, 0x0042, 0x0043, 0x0042, 0x0021, 0x0001, 0x0001, 0x0042, 0x0042, 0x0042,
    0x0022, 0x0001, 0x0042, 0x0042, 0x0062, 0x0043, 0x0062, 0x0021, 0x0021, 0x0063, 0x0062, 0x0062, 0x0063, 0x0062, 0x0021, 0x0022,
    0x0083, 0x0062, 0x0063, 0x0863, 0x0082, 0x0041, 0x0062, 0x0883, 0x0883, 0x0863, 0x0883, 0x0062, 0x0062, 0x0083, 0x0883, 0x0883,
    0x0883, 0x0083, 0x0062, 0x0062, 0x0062, 0x08a3, 0x0883, 0x0083, 0x08a3, 0x0062, 0x0062, 0x08a3, 0x08a3, 0x08a3, 0x08a3, 0x08a3,
    0x0082, 0x0082, 0x08c4, 0x08a4, 0x08c3, 0x08c4, 0x0083, 0x0082, 0x0082, 0x08a3, 0x08a4, 0x08c3, 0x08c4, 0x08a4, 0x00a2, 0x00a3,
    0x08c4, 0x08e4, 0x08e3, 0x08c4, 0x08c4, 0x00a2, 0x0083, 0x08c4, 0x08c4, 0x08c4, 0x08c4, 0x08e4, 0x08a3, 0x00a3, 0x08c3, 0x08e4,
    0x08c4, 0x08e3, 0x08e4, 0x00a3, 0x00c2, 0x00c3, 0x10c4, 0x08e4, 0x08e4, 0x08e3, 0x00a2, 0x00c2, 0x00c3, 0x08e4, 0x1105, 0x08e4,
    0x0904, 0x00c3, 0x00c3, 0x0904, 0x10e4, 0x08e3, 0x08e4, 0x08e4, 0x00e3, 0x08c3, 0x08e4, 0x0904, 0x0904, 0x10e4, 0x10e5, 0x08e4,
    0x00c2, 0x08e4, 0x08e4, 0x08e4, 0x08e4, 0x08e4, 0x00a3, 0x00e3, 0x00c3, 0x0904, 0x08e4, 0x08e3, 0x0904, 0x00e4, 0x08c4, 0x08e4,
    0x08e4, 0x08e4, 0x0904, 0x08e4, 0x00e3, 0x08c3, 0x08e4, 0x08e4, 0x08e4, 0x0904, 0x00c3, 0x08c3, 0x0904, 0x08e3, 0x08c4, 0x08e4,
    0x08e3, 0x00c3, 0x08c3, 0x08e4, 0x08e4, 0x08e4, 0x08e4, 0x08e4, 0x08c3, 0x00c3, 0x08e4, 0x08e4, 0x08e4, 0x08e4, 0x08e4, 0x08c3,
    0x08c2, 0x08e4, 0x08c4, 0x08e4, 0x08e4, 0x08c4, 0x00a2, 0x00c3, 0x08c5, 0x08c3, 0x08c4, 0x08c4, 0x00a3, 0x00a3, 0x00a3, 0x08c3,
    0x08c4, 0x00e3, 0x08c4, 0x08c3, 0x00a1, 0x08a3, 0x08c4, 0x08c4, 0x08c4, 0x08c4, 0x00a3, 0x0082, 0x00a3, 0x08c3, 0x08c3, 0x08a3,
    0x00a3, 0x0082, 0x0082, 0x0083, 0x08a3, 0x00a3, 0x08a4, 0x0063, 0x0082, 0x0062, 0x0063, 0x00c3, 0x08a3, 0x0884, 0x0083, 0x0062,
    0x0062, 0x08a3, 0x0883, 0x0083, 0x0083, 0x0042, 0x0062, 0x0041, 0x0062, 0x0062, 0x0063, 0x0062, 0x0042, 0x0042, 0x0042, 0x0063,
    0x0062, 0x0062, 0x0063, 0x0042, 0x0021, 0x0062, 0x0043, 0x0062, 0x0043, 0x0063, 0x0021, 0x0022, 0x0043, 0x0042, 0x0042, 0x0062,
    0x0022, 0x0001, 0x0001, 0x0022, 0x0042, 0x0023, 0x0023, 0x0001, 0x0021, 0x0001, 0x0022, 0x0042, 0x0042, 0x0022, 0x0001, 0x0001,
    0x0001, 0x0022, 0x0022, 0x0022, 0x0022, 0x0001, 0x0001, 0x0022, 0x0022, 0x0022, 0x0022, 0x0022, 0x0001, 0x0001, 0x0001, 0x0022,
    0x0022, 0x0022, 0x0022, 0x0001, 0x0001, 0x0042, 0x0022, 0x0022, 0x0022, 0x0002, 0x0021, 0x0001, 0x0002, 0x0042, 0x0042, 0x0022,
    0x0022, 0x0001, 0x0042, 0x0022, 0x0022, 0x0022, 0x0022, 0x0001, 0x0001, 0x0042, 0x0022, 0x0002, 0x0023, 0x0002, 0x0001, 0x0001,
    0x0002, 0x0022, 0x0022, 0x0022, 0x0022, 0x0001, 0x0022, 0x0022, 0x0022, 0x0022, 0x0022, 0x0022, 0x0022, 0x0022, 0x0022, 0x0023,
    0x0043, 0x0023, 0x0022, 0x0022, 0x0022, 0x0022, 0x0022, 0x0023, 0x0023, 0x0022, 0x0022, 0x0022, 0x0022, 0x0022, 0x0042, 0x0022,
    0x0022, 0x0022, 0x0022, 0x0022, 0x0022, 0x0022, 0x0022, 0x0022, 0x0022, 0x0022, 0x0022, 0x0022, 0x0022, 0x0022, 0x0023, 0x0043,
    0x0023, 0x0022, 0x0022, 0x0042, 0x0022, 0x0022, 0x0042, 0x0022, 0x0022, 0x0022, 0x0022, 0x0023, 0x0022, 0x0023, 0x0023, 0x0042,
    0x0022, 0x0022, 0x0023, 0x0023, 0x0023, 0x0022, 0x0022, 0x0022, 0x0022, 0x0042, 0x0022, 0x0042, 0x0022, 0x0042, 0x0022, 0x0023,
    0x0023, 0x0043, 0x0042, 0x0042, 0x0023, 0x0043, 0x0042, 0x0823, 0x0043, 0x0042, 0x0042, 0x0042, 0x0043, 0x0043, 0x0043, 0x0042,
    0x0043, 0x0043, 0x0043, 0x0043, 0x0063, 0x0043, 0x0063, 0x0062, 0x0043, 0x0843, 0x0863, 0x0863, 0x0063, 0x0063, 0x0063, 0x0863,
    0x0863, 0x0883, 0x0063, 0x0863, 0x0883, 0x0883, 0x0883, 0x0883, 0x0883, 0x0884, 0x0883, 0x0883, 0x0883, 0x0883, 0x0883, 0x0883,
    0x0883, 0x0883, 0x08a3, 0x08a3, 0x0883, 0x08a4, 0x08a4, 0x08a3, 0x0883, 0x0883, 0x08a3, 0x0883, 0x00a3, 0x08a4, 0x08a4, 0x08a3,
    0x08a3, 0x08a4, 0x08a3, 0x08c4, 0x08c4, 0x08a4, 0x08a3, 0x08c3, 0x08c4, 0x08a4, 0x08c4, 0x08c4, 0x08a4, 0x08c4, 0x08c3, 0x08c4,
    0x08c4, 0x08c4, 0x08c4, 0x08c4, 0x08c4, 0x08e4, 0x08c4, 0x08c4, 0x10c4, 0x08c4, 0x08c4, 0x08c4, 0x08c4, 0x08c3, 0x08c4, 0x08e4,
    0x08e3, 0x08e4, 0x08c4, 0x08c4, 0x08e4, 0x08c4, 0x08e4, 0x08e4, 0x08e4, 0x08e4, 0x08e4, 0x08c4, 0x08e4, 0x08e4, 0x08e4, 0x08e4,
    0x08e4, 0x08e4, 0x08e4, 0x08e4, 0x1104, 0x08e4, 0x08e4, 0x08e4, 0x08e4, 0x08e4, 0x08e4, 0x08e4, 0x08e4, 0x08e4, 0x08e4, 0x08e4,
    0x08e4, 0x08e4, 0x08e4, 0x08e4, 0x08e4, 0x08e4, 0x08e4, 0x08e4, 0x08e4, 0x08e4, 0x08e4, 0x08e4, 0x08e4, 0x08e4, 0x08e4, 0x08e4,
    0x08e4, 0x08e4, 0x08e4, 0x08e4, 0x08e4, 0x08e4, 0x08e4, 0x08e4, 0x08e4, 0x08e4, 0x08e4, 0x08e4, 0x08e4, 0x08e4, 0x08e4, 0x08e4,
    0x08e4, 0x08e4, 0x08e4, 0x08e4, 0x08e4, 0x08e4, 0x08e4, 0x08e4, 0x08c4, 0x08e4, 0x08c4, 0x08c4, 0x10c4, 0x08c4, 0x08c4, 0x08c3,
    0x08c4, 0x08c4, 0x08c4, 0x08c4, 0x08c4, 0x08c4, 0x08c4, 0x08c4, 0x08c4, 0x08c4, 0x08c4, 0x08c4, 0x08c4, 0x08c4, 0x08a4, 0x08c4,
    0x08c4, 0x08a4, 0x08a4, 0x08c4, 0x08c4, 0x08a3, 0x08a3, 0x08c4, 0x08a3, 0x08a3, 0x08a3, 0x08a3, 0x08a3, 0x08a3, 0x08a3, 0x08a4,
    0x08a3, 0x00a3, 0x0883, 0x0883, 0x08a3, 0x0883, 0x0883, 0x00a3, 0x0083, 0x0884, 0x0883, 0x0883, 0x0883, 0x0883, 0x0083, 0x0083,
    0x0083, 0x0863, 0x0883, 0x0083, 0x0863, 0x0863, 0x0063, 0x0062, 0x0063, 0x0063, 0x0063, 0x0043, 0x0062, 0x0062, 0x0042, 0x0063,
    0x0063, 0x0043, 0x0042, 0x0042, 0x0042, 0x0043, 0x0062, 0x0043, 0x0043, 0x0042, 0x0042, 0x0042, 0x0042, 0x0043, 0x0022, 0x0042,
    0x0022, 0x0023, 0x0023, 0x0043, 0x0043, 0x0023, 0x0023, 0x0022, 0x0022, 0x0022, 0x0022, 0x0023, 0x0022, 0x0022, 0x0022, 0x0022,
    0x0022, 0x0022, 0x0043, 0x0022, 0x0022, 0x0022, 0x0022, 0x0022, 0x0022, 0x0043, 0x0043, 0x0022, 0x0022, 0x0022, 0x0022, 0x0023,
    0x0022, 0x0022, 0x0022, 0x0022, 0x0022, 0x0023, 0x0042, 0x0042, 0x0022, 0x0022, 0x0022, 0x0002, 0x0022, 0x0022, 0x0022, 0x0022,
    0x0022, 0x0022, 0x0022, 0x0023, 0x0022, 0x0022, 0x0022, 0x0022, 0x0022, 0x0822, 0x0022, 0x0022, 0x0022, 0x0042, 0x0022, 0x0022,
    0x0023, 0x0043, 0x0022, 0x0022, 0x0022, 0x0022, 0x0022, 0x0022, 0x0022, 0x0022, 0x0022, 0x0022, 0x0022, 0x0022, 0x0022, 0x0022,
    0x0022, 0x0022, 0x0022, 0x0022, 0x0022, 0x0022, 0x0022, 0x0022, 0x0022, 0x0022, 0x0022, 0x0022, 0x0022, 0x0022, 0x0022, 0x0022,
    0x0022, 0x0022, 0x0022, 0x0022, 0x0022, 0x0022, 0x0022, 0x0022, 0x0022, 0x0022, 0x0022, 0x0022, 0x0022, 0x0022, 0x0022, 0x0022,
    0x0022, 0x0022, 0x0022, 0x0022, 0x0022, 0x0022, 0x0022, 0x0022, 0x0022, 0x0022, 0x0022, 0x0022, 0x0022, 0x0022, 0x0022, 0x0022,
    0x0022, 0x0022, 0x0022, 0x0022, 0x0022, 0x0022, 0x0022, 0x0022, 0x0022, 0x0022, 0x0022, 0x0022, 0x0022, 0x0022, 0x0022, 0x0022,
    0x0022, 0x0022, 0x0042, 0x0042, 0x0042, 0x0042, 0x0042, 0x0042, 0x0043, 0x0042, 0x0042, 0x0042, 0x0043, 0x0043, 0x0042, 0x0063,
    0x0063, 0x0042, 0x0042, 0x0042, 0x0042, 0x0063, 0x0063, 0x0063, 0x0063, 0x0063, 0x0063, 0x0063, 0x0063, 0x0063, 0x0063, 0x0063,
    0x0883, 0x0883, 0x0883, 0x0883, 0x0883, 0x0883, 0x0883, 0x0883, 0x0883, 0x0883, 0x0883, 0x0883, 0x0883, 0x0883, 0x08a3, 0x08a3,
    0x0883, 0x0883, 0x08a3, 0x08a3, 0x0883, 0x0883, 0x00a3, 0x08a3, 0x08a3, 0x08a3, 0x08a3, 0x08a3, 0x08a3, 0x08a3, 0x08a3, 0x08a3,
    0x08c3, 0x08c3, 0x08c3, 0x08c4, 0x08c4, 0x08c4, 0x08c4, 0x08c4, 0x08c4, 0x08c4, 0x08c4, 0x08c4, 0x08c4, 0x08c4, 0x08c3, 0x08c4,
    0x08c4, 0x08c4, 0x08c4, 0x08c4, 0x08c4, 0x08c4, 0x08c4, 0x08c4, 0x08c4, 0x08c4, 0x08c4, 0x08c4, 0x08c4, 0x08c4, 0x08c4, 0x08c4,
    0x08c4, 0x08c4, 0x08c4, 0x08c4, 0x08e4, 0x08e4, 0x08e4, 0x08e4, 0x08e4, 0x08e4, 0x08e4, 0x08e4, 0x08e4, 0x08e4, 0x08e4, 0x08e4,
    0x08e4, 0x08e4, 0x08e4, 0x08e4, 0x08e4, 0x08e4, 0x08e4, 0x08e4, 0x08e4, 0x08e4, 0x08e4, 0x08e4, 0x08e4, 0x08e4, 0x08e4, 0x08e4,
    0x08e4, 0x08e4, 0x08e4, 0x08e4, 0x08e4, 0x08e4, 0x08e4, 0x08e4, 0x08e4, 0x08e4, 0x08e4, 0x08e4, 0x08e4, 0x08e4, 0x08e4, 0x08e4,
    0x08e4, 0x08e4, 0x08e4, 0x08c4, 0x08c4, 0x08c4, 0x08c4, 0x08c4, 0x08c4, 0x08e4, 0x08e4, 0x08e4, 0x08e4, 0x08e4, 0x08e4, 0x08c4,
    0x08c4, 0x08c4, 0x08c4, 0x08c4, 0x08c4, 0x08c4, 0x08c3, 0x08c4, 0x08c3, 0x08c3, 0x08c3, 0x08c4, 0x08c4, 0x08c4, 0x08c4, 0x08c4,
    0x08c4, 0x08c4, 0x08c4, 0x08c4, 0x08c4, 0x08c4, 0x08c4, 0x08c4, 0x08c4, 0x08c4, 0x08c4, 0x08c3, 0x08c4, 0x08c3, 0x08c3, 0x08c3,
    0x08a3, 0x08a3, 0x08a3, 0x00a3, 0x08a3, 0x08a3, 0x08a3, 0x08a3, 0x08a3, 0x08a3, 0x08a3, 0x08a3, 0x08a3, 0x0883, 0x0883, 0x0883,
    0x0883, 0x0883, 0x0883, 0x0883, 0x0883, 0x0883, 0x0883, 0x0883, 0x0083, 0x0083, 0x0083, 0x0083, 0x0083, 0x0063, 0x0063, 0x0083,
    0x0063, 0x0063, 0x0063, 0x0063, 0x0062, 0x0062, 0x0042, 0x0042, 0x0042, 0x0062, 0x0062, 0x0062, 0x0062, 0x0063, 0x0043, 0x0042,
    0x0042, 0x0042, 0x0042, 0x0042, 0x0042, 0x0042, 0x0042, 0x0042, 0x0042, 0x0042, 0x0042, 0x0042, 0x0022, 0x0022, 0x0022, 0x0022,
    0x0022, 0x0022, 0x0022, 0x0022, 0x0022, 0x0022, 0x0022, 0x0022, 0x0022, 0x0022, 0x0022, 0x0022, 0x0022, 0x0022, 0x0022, 0x0022,
    0x0022, 0x0022, 0x0022, 0x0022, 0x0022, 0x0022, 0x0022, 0x0022, 0x0022, 0x0022, 0x0022, 0x0022, 0x0022, 0x0022, 0x0022, 0x0022,
    0x0022, 0x0022, 0x0022, 0x0022, 0x0022, 0x0022, 0x0022, 0x0022, 0x0022, 0x0022, 0x0022, 0x0022, 0x0022, 0x0022, 0x0022, 0x0022,
    0x0022, 0x0022, 0x0022, 0x0022, 0x0022, 0x0022, 0x0022, 0x0022, 0x0022, 0x0022, 0x0022, 0x0022, 0x0022, 0x0022, 0x0022, 0x0022,
    0x0022, 0x0022, 0x0022, 0x0022, 0x0022, 0x0022, 0x0022, 0x0022, 0x0022, 0x0022, 0x0022, 0x0022, 0x0022, 0x0022, 0x0022, 0x0022,
    0x0022, 0x0022, 0x0022, 0x0022, 0x0022, 0x0022, 0x0022, 0x0022, 0x0022, 0x0022, 0x0022, 0x0022, 0x0022, 0x0022, 0x0022, 0x0022,
    0x0022, 0x0022, 0x0022, 0x0022, 0x0022, 0x0022, 0x0022, 0x0022, 0x0022, 0x0022, 0x0022, 0x0022, 0x0022, 0x0022, 0x0022, 0x0022,
    0x0022, 0x0022, 0x0022, 0x0022, 0x0022, 0x0022, 0x0022, 0x0022, 0x0022, 0x0022, 0x0022, 0x0022, 0x0022, 0x0022, 0x0022, 0x0022,
    0x0022, 0x0022, 0x0022, 0x0022, 0x0022, 0x0022, 0x0022, 0x0022, 0x0022, 0x0022, 0x0022, 0x0022, 0x0022, 0x0022, 0x0022, 0x0022,
    0x0042, 0x0042, 0x0042, 0x0042, 0x0043, 0x0042, 0x0042, 0x0042, 0x0043, 0x0043, 0x0043, 0x0043, 0x0063, 0x0042, 0x0042, 0x0042,
    0x0042, 0x0042, 0x0063, 0x0063, 0x0063, 0x0063, 0x0063, 0x0063, 0x0063, 0x0063, 0x0063, 0x0063, 0x0063, 0x0063, 0x0063, 0x0883,
    0x0883, 0x0883, 0x0883, 0x0883, 0x0883, 0x0883, 0x0883, 0x0883, 0x0883, 0x0883, 0x0883, 0x08a3, 0x0883, 0x0883, 0x08a3, 0x08a3,
    0x0883, 0x0883, 0x08a3, 0x08a3, 0x08a3, 0x08a3, 0x08a3, 0x08a3, 0x08a3, 0x08a3, 0x08a3, 0x08a3, 0x08a3, 0x08a3, 0x08a3, 0x08c3,
    0x08c3, 0x08c4, 0x08c4, 0x08c4, 0x08c4, 0x08c4, 0x08c4, 0x08c4, 0x08c4, 0x08c4, 0x08c4, 0x08c4, 0x08c4, 0x08c4, 0x08c4, 0x08c4,
    0x08c4, 0x08c4, 0x08c4, 0x08c4, 0x08c4, 0x08c4, 0x08c4, 0x08c4, 0x08c4, 0x08c4, 0x08c4, 0x08c4, 0x08c4, 0x08c4, 0x08c4, 0x08c4,
    0x08c4, 0x08e4, 0x08e4, 0x08e4, 0x08e4, 0x08e4, 0x08e4, 0x08e4, 0x08e4, 0x08e4, 0x08e4, 0x08e4, 0x08e4, 0x08e4, 0x08e4, 0x08e4,
    0x08e4, 0x08e4, 0x08e4, 0x08e4, 0x08e4, 0x08e4, 0x08e4, 0x08e4, 0x08e4, 0x08e4, 0x08e4, 0x08e4, 0x08e4, 0x08e4, 0x08e4, 0x08e4,
    0x08e4, 0x08e4, 0x08e4, 0x08e4, 0x08e4, 0x08e4, 0x08e4, 0x08e4, 0x08e4, 0x08e4, 0x08e4, 0x08e4, 0x08e4, 0x08e4, 0x08e4, 0x08e4,
    0x08e4, 0x08e4, 0x08e4, 0x08e4, 0x08e4, 0x08e4, 0x08e4, 0x08e4, 0x08c4, 0x08c4, 0x08c4, 0x08c4, 0x08c4, 0x08c4, 0x08c4, 0x08c4,
    0x08c4, 0x08c4, 0x08c3, 0x08c3, 0x08c3, 0x08c3, 0x08c3, 0x08c4, 0x08c4, 0x08c4, 0x08c4, 0x08c4, 0x08c4, 0x08c4, 0x08c4, 0x08c4,
    0x08c4, 0x08c4, 0x08c4, 0x08c4, 0x08c4, 0x08c4, 0x08c4, 0x08c3, 0x08c3, 0x08c3, 0x08a3, 0x08a3, 0x08a3, 0x08a3, 0x08a3, 0x00a3,
    0x08a3, 0x08a3, 0x08a3, 0x08a3, 0x08a3, 0x08a3, 0x08a3, 0x08a3, 0x08a3, 0x0883, 0x0883, 0x0883, 0x0883, 0x0883, 0x0883, 0x0883,
    0x0883, 0x0883, 0x0883, 0x0083, 0x0083, 0x0083, 0x0083, 0x0083, 0x0083, 0x0063, 0x0063, 0x0063, 0x0063, 0x0063, 0x0062, 0x0063,
    0x0062, 0x0042, 0x0042, 0x0042, 0x0042, 0x0062, 0x0042, 0x0062, 0x0062, 0x0063, 0x0043, 0x0043, 0x0043, 0x0043, 0x0043, 0x0043,
    0x0042, 0x0042, 0x0042, 0x0022, 0x0022, 0x0022, 0x0022, 0x0022, 0x0022, 0x0022, 0x0022, 0x0022, 0x0022, 0x0022, 0x0022, 0x0022,
    0x0022, 0x0022, 0x0022, 0x0022, 0x0022, 0x0022, 0x0022, 0x0022, 0x0022, 0x0022, 0x0022, 0x0022, 0x0022, 0x0022, 0x0022, 0x0022,
    0x0022, 0x0022, 0x0022, 0x0022, 0x0022, 0x0022, 0x0022, 0x0022, 0x0022, 0x0022, 0x0022, 0x0022, 0x0022, 0x0022, 0x0022, 0x0022,
    0x0022, 0x0022, 0x0022, 0x0022, 0x0022, 0x0022, 0x0022, 0x0022, 0x0022, 0x0022, 0x0022, 0x0022, 0x0022, 0x0022, 0x0022, 0x0022,
    0x0022, 0x0022, 0x0022, 0x0022, 0x0022, 0x0022, 0x0022, 0x0022, 0x0022, 0x0022, 0x0022, 0x0022, 0x0022, 0x0022, 0x0022, 0x0022,
    0x0022, 0x0022, 0x0022, 0x0022, 0x0022, 0x0022, 0x0022, 0x0022, 0x0022, 0x0022, 0x0022, 0x0022, 0x0022, 0x0022, 0x0022, 0x0022,
    0x0022, 0x0022, 0x0022, 0x0022, 0x0022, 0x0022, 0x0022, 0x0022, 0x0022, 0x0022, 0x0022, 0x0022, 0x0022, 0x0022, 0x0022, 0x0022,
    0x0022, 0x0022, 0x0022, 0x0022, 0x0022, 0x0022, 0x0022, 0x0022, 0x0022, 0x0022, 0x0022, 0x0022, 0x0022, 0x0022, 0x0022, 0x0022,
    0x0022, 0x0022, 0x0022, 0x0022, 0x0022, 0x0022, 0x0022, 0x0022, 0x0022, 0x0022, 0x0022, 0x0022, 0x0022, 0x0022, 0x0022, 0x0022,
    0x0022, 0x0022, 0x0022, 0x0022, 0x0022, 0x0022, 0x0022, 0x0022, 0x0022, 0x0022, 0x0022, 0x0022, 0x0042, 0x0042, 0x0042, 0x0042,
    0x0043, 0x0042, 0x0042, 0x0043, 0x0043, 0x0043, 0x0043, 0x0043, 0x0043, 0x0042, 0x0042, 0x0042, 0x0042, 0x0042, 0x0042, 0x0063,
    0x0063, 0x0063, 0x0063, 0x0063, 0x0063, 0x0063, 0x0063, 0x0063, 0x0063, 0x0063, 0x0063, 0x0883, 0x0883, 0x0883, 0x0883, 0x0883,
    0x0883, 0x0883, 0x0883, 0x0883, 0x0883, 0x0883, 0x0883, 0x0883, 0x0883, 0x0883, 0x08a3, 0x08a3, 0x0883, 0x0883, 0x08a3, 0x08a3,
    0x08a3, 0x08a3, 0x08a3, 0x08a3, 0x08a3, 0x08a3, 0x08a3, 0x08a3, 0x08a3, 0x08a3, 0x08a3, 0x08a3, 0x08a3, 0x08a3, 0x08a3, 0x08a3,
    0x08a4, 0x08c4, 0x08c4, 0x08c4, 0x08c4, 0x08c4, 0x08c4, 0x08c4, 0x08c4, 0x08c4, 0x08c4, 0x08c4, 0x08c4, 0x08c4, 0x08c4, 0x08c4,
    0x08c4, 0x08c4, 0x08c4, 0x08c4, 0x08c4, 0x08c4, 0x08c4, 0x08c4, 0x08c4, 0x08c4, 0x08c4, 0x08c4, 0x08c4, 0x08c4, 0x08e4, 0x08e4,
    0x08e4, 0x08e4, 0x08e4, 0x08e4, 0x08e4, 0x08e4, 0x08e4, 0x08e4, 0x08e4, 0x08e4, 0x08e4, 0x08e4, 0x08e4, 0x08e4, 0x08e4, 0x08e4,
    0x08e4, 0x08e4, 0x08e4, 0x08e4, 0x08e4, 0x08e4, 0x08e4, 0x08e4, 0x08e4, 0x08e4, 0x08e4, 0x08e4, 0x08e4, 0x08e4, 0x08e4, 0x08e4,
    0x08e4, 0x08e4, 0x08e4, 0x08e4, 0x08e4, 0x08e4, 0x08e4, 0x08e4, 0x08e4, 0x08e4, 0x08e4, 0x08e4, 0x08e4, 0x08e4, 0x08e4, 0x08e4,
    0x08e4, 0x08c4, 0x08c4, 0x08c4, 0x08c4, 0x08c4, 0x08c4, 0x08c4, 0x08c4, 0x08c4, 0x08c4, 0x08c4, 0x08c4, 0x08c4, 0x08c4, 0x08c4,
    0x08c4, 0x08c4, 0x08c4, 0x08c4, 0x08c4, 0x08c4, 0x08c4, 0x08c4, 0x08c4, 0x08c4, 0x08c4, 0x08c4, 0x08c4, 0x08c3, 0x08c3, 0x08c3,
    0x00c3, 0x00c3, 0x08c3, 0x08c3, 0x08c3, 0x08c3, 0x08a3, 0x08a3, 0x08a3, 0x08a3, 0x08a3, 0x08a3, 0x08a3, 0x08a3, 0x08a3, 0x08a3,
    0x08a3, 0x00a3, 0x08a3, 0x08a3, 0x08a3, 0x0883, 0x0883, 0x0883, 0x0883, 0x0883, 0x0883, 0x0883, 0x0083, 0x0083, 0x0083, 0x0883,
    0x0083, 0x0083, 0x0083, 0x0083, 0x0083, 0x0063, 0x0063, 0x0063, 0x0062, 0x0062, 0x0062, 0x0042, 0x0042, 0x0042, 0x0042, 0x0042,
    0x0042, 0x0042, 0x0042, 0x0042, 0x0042, 0x0043, 0x0043, 0x0043, 0x0043, 0x0043, 0x0043, 0x0042, 0x0042, 0x0042, 0x0042, 0x0022,
    0x0022, 0x0022, 0x0022, 0x0022, 0x0022, 0x0022, 0x0022, 0x0022, 0x0022, 0x0022, 0x0022, 0x0022, 0x0022, 0x0022, 0x0022, 0x0022,
    0x0022, 0x0022, 0x0022, 0x0022, 0x0022, 0x0022, 0x0022, 0x0022, 0x0022, 0x0022, 0x0022, 0x0022, 0x0022, 0x0022, 0x0022, 0x0022,
    0x0022, 0x0022, 0x0022, 0x0022, 0x0022, 0x0022, 0x0022, 0x0022, 0x0022, 0x0022, 0x0022, 0x0022, 0x0022, 0x0022, 0x0022, 0x0022,
    0x0022, 0x0022, 0x0022, 0x0022, 0x0022, 0x0022, 0x0022, 0x0022, 0x0022, 0x0022, 0x0022, 0x0022, 0x0022, 0x0022, 0x0022, 0x0022,
    0x0022, 0x0022, 0x0022, 0x0022, 0x0022, 0x0022, 0x0022, 0x0022, 0x0022, 0x0022, 0x0022, 0x0022, 0x0022, 0x0022, 0x0022, 0x0022,
    0x0022, 0x0022, 0x0022, 0x0022, 0x0022, 0x0022, 0x0022, 0x0022, 0x0022, 0x0022, 0x0022, 0x0022, 0x0022, 0x0022, 0x0022, 0x0022,
    0x0022, 0x0022, 0x0022, 0x0022, 0x0022, 0x0022, 0x0022, 0x0022, 0x0022, 0x0022, 0x0022, 0x0022, 0x0022, 0x0042, 0x0022, 0x0022,
    0x0022, 0x0022, 0x0022, 0x0022, 0x0022, 0x0022, 0x0022, 0x0022, 0x0022, 0x0022, 0x0022, 0x0022, 0x0022, 0x0022, 0x0022, 0x0022,
    0x0022, 0x0022, 0x0022, 0x0022, 0x0022, 0x0022, 0x0022, 0x0022, 0x0022, 0x0022, 0x0022, 0x0022, 0x0022, 0x0022, 0x0022, 0x0022,
    0x0022, 0x0022, 0x0022, 0x0022, 0x0022, 0x0022, 0x0022, 0x0022, 0x0022, 0x0022, 0x0042, 0x0042, 0x0042, 0x0043, 0x0043, 0x0043,
    0x0043, 0x0043, 0x0043, 0x0043, 0x0043, 0x0042, 0x0042, 0x0042, 0x0042, 0x0042, 0x0042, 0x0063, 0x0063, 0x0063, 0x0063, 0x0063,
    0x0063, 0x0063, 0x0063, 0x0063, 0x0063, 0x0063, 0x0063, 0x0063, 0x0063, 0x0063, 0x0063, 0x0063, 0x0883, 0x0883, 0x0883, 0x0883,
    0x0883, 0x0883, 0x0883, 0x0883, 0x0883, 0x0883, 0x0883, 0x0883, 0x08a3, 0x08a3, 0x08a3, 0x08a3, 0x08a3, 0x08a3, 0x08a3, 0x08a3,
    0x08a3, 0x08a3, 0x08a3, 0x08a3, 0x08a3, 0x08a3, 0x08a3, 0x08a3, 0x08a3, 0x08a3, 0x08a3, 0x08a3, 0x08a3, 0x08a3, 0x08c4, 0x08c4,
    0x08c4, 0x08c4, 0x08c4, 0x08c4, 0x08c4, 0x08c4, 0x08c4, 0x08c4, 0x08c4, 0x08c4, 0x08c4, 0x08c4, 0x08c4, 0x08c4, 0x08c4, 0x08c4,
    0x08c4, 0x08c4, 0x08c4, 0x08c4, 0x08c4, 0x08c4, 0x08c4, 0x08c4, 0x08c4, 0x08c4, 0x08c4, 0x08c4, 0x08c4, 0x08c4, 0x08c4, 0x08c4,
    0x08c4, 0x08c4, 0x08e4, 0x08c4, 0x08c4, 0x08e4, 0x08e4, 0x08e4, 0x08e4, 0x08e4, 0x08e4, 0x08e4, 0x08e4, 0x08e4, 0x08e4, 0x08e4,
    0x08e4, 0x08e4, 0x08e4, 0x08e4, 0x08e4, 0x08e4, 0x08e4, 0x08e4, 0x08e4, 0x08e4, 0x08e4, 0x08e4, 0x08e4, 0x08e4, 0x08e4, 0x08e4,
    0x08c4, 0x08c4, 0x08c4, 0x08c4, 0x08c4, 0x08e4, 0x08e4, 0x08c4, 0x08c4, 0x08c4, 0x08c4, 0x08c4, 0x08c4, 0x08c4, 0x08c4, 0x08c4,
    0x08c4, 0x08c4, 0x08c4, 0x08c4, 0x08c4, 0x08c4, 0x08c4, 0x08c4, 0x08c4, 0x08c4, 0x08c4, 0x08c4, 0x08c4, 0x08c4, 0x08c4, 0x08c4,
    0x08c4, 0x08c4, 0x08c4, 0x08c4, 0x08c4, 0x08c4, 0x08a3, 0x08a3, 0x08a3, 0x08a3, 0x08a3, 0x08c3, 0x08c3, 0x08c3, 0x08c3, 0x08a3,
    0x08a3, 0x08a3, 0x08a3, 0x08a3, 0x08a3, 0x0883, 0x08a3, 0x08a3, 0x08a3, 0x08a3, 0x08a3, 0x08a3, 0x08a3, 0x08a3, 0x0883, 0x0883,
    0x0883, 0x0883, 0x0883, 0x0883, 0x0883, 0x0083, 0x0083, 0x0083, 0x0083, 0x0083, 0x0083, 0x0083, 0x0063, 0x0063, 0x0063, 0x0063,
    0x0063, 0x0063, 0x0063, 0x0063, 0x0042, 0x0042, 0x0042, 0x0042, 0x0042, 0x0042, 0x0042, 0x0042, 0x0042, 0x0062, 0x0042, 0x0042,
    0x0042, 0x0043, 0x0043, 0x0043, 0x0043, 0x0043, 0x0043, 0x0042, 0x0022, 0x0022, 0x0022, 0x0022, 0x0022, 0x0022, 0x0022, 0x0022,
    0x0022, 0x0022, 0x0022, 0x0042, 0x0042, 0x0042, 0x0022, 0x0022, 0x0022, 0x0022, 0x0022, 0x0022, 0x0022, 0x0022, 0x0022, 0x0022,
    0x0022, 0x0022, 0x0022, 0x0022, 0x0022, 0x0022, 0x0022, 0x0022, 0x0022, 0x0022, 0x0022, 0x0022, 0x0022, 0x0022, 0x0022, 0x0022,
    0x0022, 0x0022, 0x0022, 0x0022, 0x0022, 0x0022, 0x0022, 0x0022, 0x0022, 0x0022, 0x0022, 0x0022, 0x0022, 0x0022, 0x0022, 0x0022,
    0x0022, 0x0022, 0x0022, 0x0022, 0x0022, 0x0022, 0x0022, 0x0022, 0x0022, 0x0022, 0x0022, 0x0022, 0x0022, 0x0022, 0x0022, 0x0022,
    0x0022, 0x0022, 0x0022, 0x0022, 0x0022, 0x0022, 0x0022, 0x0022, 0x0022, 0x0022, 0x0022, 0x0022, 0x0022, 0x0022, 0x0022, 0x0022,
    0x0022, 0x0022, 0x0022, 0x0022, 0x0022, 0x0022, 0x0022, 0x0022, 0x0022, 0x0022, 0x0022, 0x0022, 0x0022, 0x0022, 0x0022, 0x0022,
    0x0022, 0x0022, 0x0022, 0x0022, 0x0022, 0x0022, 0x0022, 0x0022, 0x0022, 0x0042, 0x0022, 0x0022, 0x0022, 0x0022, 0x0022, 0x0022,
    0x0022, 0x0022, 0x0022, 0x0022, 0x0022, 0x0022, 0x0022, 0x0022, 0x0022, 0x0022, 0x0022, 0x0022, 0x0022, 0x0022, 0x0022, 0x0022,
    0x0022, 0x0022, 0x0022, 0x0022, 0x0022, 0x0022, 0x0022, 0x0022, 0x0022, 0x0022, 0x0022, 0x0022, 0x0022, 0x0022, 0x0022, 0x0022,
    0x0022, 0x0042, 0x0042, 0x0042, 0x0042, 0x0042, 0x0042, 0x0042, 0x0042, 0x0043, 0x0043, 0x0043, 0x0043, 0x0043, 0x0043, 0x0043,
    0x0043, 0x0042, 0x0042, 0x0042, 0x0042, 0x0042, 0x0042, 0x0063, 0x0063, 0x0063, 0x0062, 0x0063, 0x0063, 0x0063, 0x0063, 0x0063,
    0x0063, 0x0883, 0x0883, 0x0883, 0x0883, 0x0883, 0x0063, 0x0063, 0x0063, 0x0883, 0x0883, 0x0883, 0x0883, 0x0883, 0x0883, 0x0883,
    0x0883, 0x0883, 0x0883, 0x0883, 0x08a3, 0x08a3, 0x08a3, 0x08a3, 0x08a3, 0x08a3, 0x08a3, 0x08a3, 0x08a3, 0x08a3, 0x08a3, 0x08a3,
    0x08a3, 0x08a3, 0x08a3, 0x08a3, 0x08a3, 0x08a3, 0x08a3, 0x08a4, 0x08a4, 0x08a3, 0x08c4, 0x08c4, 0x08c4, 0x08c4, 0x08c4, 0x08c4,
    0x08c4, 0x08c4, 0x08c4, 0x08c4, 0x08c4, 0x08c4, 0x08c4, 0x08c4, 0x08c4, 0x08c4, 0x08c4, 0x08c4, 0x08c4, 0x08c4, 0x08c4, 0x08c4,
    0x08c4, 0x08e4, 0x08e4, 0x08c4, 0x08c4, 0x08c4, 0x08c4, 0x08c4, 0x08c4, 0x08c4, 0x08c4, 0x08e4, 0x08e4, 0x08e4, 0x08e4, 0x08e4,
    0x08e4, 0x08e4, 0x08e4, 0x08e4, 0x08e4, 0x08e4, 0x08e4, 0x08e4, 0x08e4, 0x08e4, 0x08e4, 0x08e4, 0x08e4, 0x08e4, 0x08e4, 0x08e4,
    0x08e4, 0x08e4, 0x08e4, 0x08c4, 0x08c4, 0x08c4, 0x08e4, 0x08e4, 0x08e4, 0x08e4, 0x08e4, 0x08c4, 0x08e4, 0x08e4, 0x08e4, 0x08e4,
    0x08e4, 0x08e4, 0x08e4, 0x08e4, 0x08e4, 0x08e4, 0x08e4, 0x08e4, 0x08e4, 0x08e4, 0x08c4, 0x08c4, 0x08e4, 0x08e4, 0x08e4, 0x08c4,
    0x08c4, 0x08c4, 0x08c4, 0x08c4, 0x08c4, 0x08c4, 0x08c4, 0x08c4, 0x08c4, 0x08c4, 0x08c4, 0x08c4, 0x08c4, 0x08c4, 0x08c4, 0x08c4,
    0x08c4, 0x08c4, 0x08a3, 0x08a3, 0x08a3, 0x08a3, 0x08a3, 0x08a3, 0x08a3, 0x08a3, 0x08a3, 0x08a3, 0x08a3, 0x08a3, 0x08a3, 0x08a3,
    0x08a3, 0x08a3, 0x08a3, 0x08a3, 0x08a3, 0x08a3, 0x08a3, 0x08a3, 0x08a3, 0x08a3, 0x08a3, 0x08a3, 0x08a3, 0x08a3, 0x0883, 0x0883,
    0x0883, 0x0883, 0x0883, 0x0883, 0x0083, 0x0083, 0x0883, 0x0883, 0x0883, 0x0083, 0x0063, 0x0063, 0x0063, 0x0042, 0x0042, 0x0042,
    0x0042, 0x0042, 0x0042, 0x0042, 0x0042, 0x0042, 0x0042, 0x0042, 0x0042, 0x0062, 0x0042, 0x0042, 0x0042, 0x0043, 0x0043, 0x0043,
    0x0042, 0x0042, 0x0042, 0x0042, 0x0042, 0x0042, 0x0042, 0x0042, 0x0042, 0x0022, 0x0022, 0x0022, 0x0042, 0x0042, 0x0042, 0x0042,
    0x0042, 0x0042, 0x0022, 0x0022, 0x0022, 0x0022, 0x0022, 0x0022, 0x0022, 0x0022, 0x0022, 0x0022, 0x0022, 0x0022, 0x0022, 0x0022,
    0x0022, 0x0022, 0x0022, 0x0022, 0x0022, 0x0022, 0x0022, 0x0022, 0x0022, 0x0022, 0x0022, 0x0022, 0x0022, 0x0022, 0x0022, 0x0022,
    0x0022, 0x0022, 0x0022, 0x0022, 0x0022, 0x0022, 0x0022, 0x0022, 0x0022, 0x0022, 0x0022, 0x0022, 0x0022, 0x0022, 0x0022, 0x0022,
    0x0022, 0x0022, 0x0022, 0x0022, 0x0022, 0x0022, 0x0022, 0x0022, 0x0022, 0x0022, 0x0022, 0x0022, 0x0022, 0x0022, 0x0022, 0x0022,
};

const lv_image_dsc_t ui_background = {
    .header = {
        .magic = LV_IMAGE_HEADER_MAGIC,
        .cf = LV_COLOR_FORMAT_RGB565,
        .w = 396,
        .h = 228,
    },
    .data_size = sizeof(bg_pixels),
    .data = (const uint8_t *)bg_pixels,
};

